Name	WER	Truth	Hypothesis	Insertions	Deletions	Substitutions
/opt/gpfs/users/shuai/work/block-conversion-b2/OmniVoice/results_b2_steps32/seedtts_en/common_voice_en_10119832-common_voice_en_10119840.wav	0.0	get the trust fund to the bank early	get the trust fund to the bank early	0	0	0
/opt/gpfs/users/shuai/work/block-conversion-b2/OmniVoice/results_b2_steps32/seedtts_en/common_voice_en_10119832-common_voice_en_10119847.wav	0.2857142857142857	the stained glass offered a hypnotic atmosphere	uh the stained glass offered a hypnotic atmosphere uh	2	0	0
/opt/gpfs/users/shuai/work/block-conversion-b2/OmniVoice/results_b2_steps32/seedtts_en/common_voice_en_103675-common_voice_en_103676.wav	0.0	one by one the campfires were extinguished and the oasis fell as quiet as the desert	one by one the campfires were extinguished and the oasis fell as quiet as the desert	0	0	0
/opt/gpfs/users/shuai/work/block-conversion-b2/OmniVoice/results_b2_steps32/seedtts_en/common_voice_en_103675-common_voice_en_103677.wav	1.0	the boy knew the desert sensed his fear	ah	0	7	1
/opt/gpfs/users/shuai/work/block-conversion-b2/OmniVoice/results_b2_steps32/seedtts_en/common_voice_en_10933823-common_voice_en_10933822.wav	0.0	when it comes to the crunch our company will become insolvent	when it comes to the crunch our company will become insolvent	0	0	0
/opt/gpfs/users/shuai/work/block-conversion-b2/OmniVoice/results_b2_steps32/seedtts_en/common_voice_en_10933823-common_voice_en_10933825.wav	0.16666666666666666	the primary coil has fifty turns	the primary coil has 50 turns	0	0	1
/opt/gpfs/users/shuai/work/block-conversion-b2/OmniVoice/results_b2_steps32/seedtts_en/common_voice_en_120405-common_voice_en_120402.wav	0.045454545454545456	i'm never more aware of a room's acoustics than when i'm trying to enjoy a snack i have no intention of sharing	i'm never more aware of a room's acoustics than when i'm trying to enjoy a snack i have no intention of sharing ah	1	0	0
/opt/gpfs/users/shuai/work/block-conversion-b2/OmniVoice/results_b2_steps32/seedtts_en/common_voice_en_120405-common_voice_en_120406.wav	0.0	the only shadow was that of the few scattered pine trees	the only shadow was that of the few scattered pine trees	0	0	0
/opt/gpfs/users/shuai/work/block-conversion-b2/OmniVoice/results_b2_steps32/seedtts_en/common_voice_en_1205005-common_voice_en_1205007.wav	0.0	the work of the tailor is seen on each side	the work of the tailor is seen on each side	0	0	0
/opt/gpfs/users/shuai/work/block-conversion-b2/OmniVoice/results_b2_steps32/seedtts_en/common_voice_en_1205005-common_voice_en_1205008.wav	0.0	nasa plans to launch the rocket tomorrow	nasa plans to launch the rocket tomorrow	0	0	0
/opt/gpfs/users/shuai/work/block-conversion-b2/OmniVoice/results_b2_steps32/seedtts_en/common_voice_en_123125-common_voice_en_123126.wav	0.0	after all who doesn't want to overcome new challenges and achieve great heights	after all who doesn't want to overcome new challenges and achieve great heights	0	0	0
/opt/gpfs/users/shuai/work/block-conversion-b2/OmniVoice/results_b2_steps32/seedtts_en/common_voice_en_123125-common_voice_en_123127.wav	0.0	later we simply let life proceed in its own direction toward its own fate	later we simply let life proceed in its own direction toward its own fate	0	0	0
/opt/gpfs/users/shuai/work/block-conversion-b2/OmniVoice/results_b2_steps32/seedtts_en/common_voice_en_125386-common_voice_en_125388.wav	0.0	the two men hurried back and found the cylinder still lying in the same position	the two men hurried back and found the cylinder still lying in the same position	0	0	0
/opt/gpfs/users/shuai/work/block-conversion-b2/OmniVoice/results_b2_steps32/seedtts_en/common_voice_en_125386-common_voice_en_125389.wav	0.0	i thought about the difficulties in translation that might arise	i thought about the difficulties in translation that might arise	0	0	0
/opt/gpfs/users/shuai/work/block-conversion-b2/OmniVoice/results_b2_steps32/seedtts_en/common_voice_en_137148-common_voice_en_137152.wav	0.0	elvis presley is often called the king of rock and roll	elvis presley is often called the king of rock and roll	0	0	0
/opt/gpfs/users/shuai/work/block-conversion-b2/OmniVoice/results_b2_steps32/seedtts_en/common_voice_en_13900-common_voice_en_13901.wav	0.0	we don't have the budget to produce it in studio quality	we don't have the budget to produce it in studio quality	0	0	0
/opt/gpfs/users/shuai/work/block-conversion-b2/OmniVoice/results_b2_steps32/seedtts_en/common_voice_en_1416089-common_voice_en_1416090.wav	0.0	also will numbers be written as digits or as words	also will numbers be written as digits or as words	0	0	0
/opt/gpfs/users/shuai/work/block-conversion-b2/OmniVoice/results_b2_steps32/seedtts_en/common_voice_en_1416089-common_voice_en_1416093.wav	0.0	i do not like sushi so i did not really enjoy the meal	i do not like sushi so i did not really enjoy the meal	0	0	0
/opt/gpfs/users/shuai/work/block-conversion-b2/OmniVoice/results_b2_steps32/seedtts_en/common_voice_en_15265-common_voice_en_15266.wav	1.0	large brown dog walks up a blue staircase	ah	0	7	1
/opt/gpfs/users/shuai/work/block-conversion-b2/OmniVoice/results_b2_steps32/seedtts_en/common_voice_en_15265-common_voice_en_15268.wav	0.2	a sky jumper falls toward the sea and the earth	a skyjumper falls toward the sea and the earth	0	1	1
/opt/gpfs/users/shuai/work/block-conversion-b2/OmniVoice/results_b2_steps32/seedtts_en/common_voice_en_153872-common_voice_en_153873.wav	0.0	they set off running wildly into the trees	they set off running wildly into the trees	0	0	0
/opt/gpfs/users/shuai/work/block-conversion-b2/OmniVoice/results_b2_steps32/seedtts_en/common_voice_en_153872-common_voice_en_153874.wav	0.0625	a thin circle of bright metal showed between the top and the body of the cylinder	a thin circle of bright metal showed between the top and the body of the cylinder oh	1	0	0
/opt/gpfs/users/shuai/work/block-conversion-b2/OmniVoice/results_b2_steps32/seedtts_en/common_voice_en_155313-common_voice_en_155315.wav	0.058823529411764705	replace the ts in tim tebow's name with any other consonant to get a star wars character	replace the t's in tim tebow's name with any other consonant to get a star wars character	0	0	1
/opt/gpfs/users/shuai/work/block-conversion-b2/OmniVoice/results_b2_steps32/seedtts_en/common_voice_en_15734837-common_voice_en_15734838.wav	0.0	tyler lucy michelle we're going to space	tyler lucy michelle we're going to space	0	0	0
/opt/gpfs/users/shuai/work/block-conversion-b2/OmniVoice/results_b2_steps32/seedtts_en/common_voice_en_15735839-common_voice_en_15735837.wav	0.0	get out of this	get out of this	0	0	0
/opt/gpfs/users/shuai/work/block-conversion-b2/OmniVoice/results_b2_steps32/seedtts_en/common_voice_en_15903802-common_voice_en_15903807.wav	0.0	thousands of people die every year as a consequence of air pollution	thousands of people die every year as a consequence of air pollution	0	0	0
/opt/gpfs/users/shuai/work/block-conversion-b2/OmniVoice/results_b2_steps32/seedtts_en/common_voice_en_15903802-common_voice_en_15903815.wav	0.0	history teaches us that humans do not learn from history	history teaches us that humans do not learn from history	0	0	0
/opt/gpfs/users/shuai/work/block-conversion-b2/OmniVoice/results_b2_steps32/seedtts_en/common_voice_en_16666041-common_voice_en_16666040.wav	0.0	i was well but i'm all the better for being here	i was well but i'm all the better for being here	0	0	0
/opt/gpfs/users/shuai/work/block-conversion-b2/OmniVoice/results_b2_steps32/seedtts_en/common_voice_en_167249-common_voice_en_167246.wav	0.0	what is the forecast for california for rain	what is the forecast for california for rain	0	0	0
/opt/gpfs/users/shuai/work/block-conversion-b2/OmniVoice/results_b2_steps32/seedtts_en/common_voice_en_167249-common_voice_en_167247.wav	0.125	take these capsules over to mrs david's house	take these capsules over to mrs david's house oh	1	0	0
/opt/gpfs/users/shuai/work/block-conversion-b2/OmniVoice/results_b2_steps32/seedtts_en/common_voice_en_17147545-common_voice_en_17147546.wav	0.0	lions hunt their prey with sprints whereas wolves take advantage of their stamina	lions hunt their prey with sprints whereas wolves take advantage of their stamina	0	0	0
/opt/gpfs/users/shuai/work/block-conversion-b2/OmniVoice/results_b2_steps32/seedtts_en/common_voice_en_17161-common_voice_en_17159.wav	0.1111111111111111	he must be disguised to avoid encounters with thieves	uh he must be disguised to avoid encounters with thieves	1	0	0
/opt/gpfs/users/shuai/work/block-conversion-b2/OmniVoice/results_b2_steps32/seedtts_en/common_voice_en_17161-common_voice_en_17160.wav	0.06666666666666667	the area was swirling in dust so intense that it hid the moon from view	the area was swirling in dust so intense that it hid the moon from	0	1	0
/opt/gpfs/users/shuai/work/block-conversion-b2/OmniVoice/results_b2_steps32/seedtts_en/common_voice_en_17249419-common_voice_en_17249428.wav	0.0	i heard the land where the hobbits live the shire has actually been filmed in new zealand	i heard the land where the hobbits live the shire has actually been filmed in new zealand	0	0	0
/opt/gpfs/users/shuai/work/block-conversion-b2/OmniVoice/results_b2_steps32/seedtts_en/common_voice_en_17255102-common_voice_en_17255101.wav	0.0	the salesman was like the rest of them untrustworthy	the salesman was like the rest of them untrustworthy	0	0	0
/opt/gpfs/users/shuai/work/block-conversion-b2/OmniVoice/results_b2_steps32/seedtts_en/common_voice_en_17256676-common_voice_en_17256678.wav	0.08333333333333333	to her amazement she found a supermarket trolley lying on the seabed	to her amazement she found a supermarket trolley lying on the seabed ah	1	0	0
/opt/gpfs/users/shuai/work/block-conversion-b2/OmniVoice/results_b2_steps32/seedtts_en/common_voice_en_17259121-common_voice_en_17259122.wav	0.0	this pepperoni tastes off she said	this pepperoni tastes off she said	0	0	0
/opt/gpfs/users/shuai/work/block-conversion-b2/OmniVoice/results_b2_steps32/seedtts_en/common_voice_en_17263752-common_voice_en_17263750.wav	0.0	try to make eye contact with a stranger on the bus and hold it for five seconds without speaking	try to make eye contact with a stranger on the bus and hold it for five seconds without speaking	0	0	0
/opt/gpfs/users/shuai/work/block-conversion-b2/OmniVoice/results_b2_steps32/seedtts_en/common_voice_en_17263752-common_voice_en_17263755.wav	0.0	spain is producing lots of lettuce paprika and tomatoes	spain is producing lots of lettuce paprika and tomatoes	0	0	0
/opt/gpfs/users/shuai/work/block-conversion-b2/OmniVoice/results_b2_steps32/seedtts_en/common_voice_en_17263780-common_voice_en_17263781.wav	0.0	the more you read the better you will be understood	the more you read the better you will be understood	0	0	0
/opt/gpfs/users/shuai/work/block-conversion-b2/OmniVoice/results_b2_steps32/seedtts_en/common_voice_en_17263780-common_voice_en_17263782.wav	0.0	if my stepfather sold this old sculpture he'd probably become a millionaire	if my stepfather sold this old sculpture he'd probably become a millionaire	0	0	0
/opt/gpfs/users/shuai/work/block-conversion-b2/OmniVoice/results_b2_steps32/seedtts_en/common_voice_en_17267923-common_voice_en_17267922.wav	0.0	can we please leave now	can we please leave now	0	0	0
/opt/gpfs/users/shuai/work/block-conversion-b2/OmniVoice/results_b2_steps32/seedtts_en/common_voice_en_17268075-common_voice_en_17268076.wav	0.0	contrary to common belief children won't gain computer literacy if you just hand them tablet computers and smartphones	contrary to common belief children won't gain computer literacy if you just hand them tablet computers and smartphones	0	0	0
/opt/gpfs/users/shuai/work/block-conversion-b2/OmniVoice/results_b2_steps32/seedtts_en/common_voice_en_17271507-common_voice_en_17271509.wav	0.0	regarding your request i have decided to heed your warnings	regarding your request i have decided to heed your warnings	0	0	0
/opt/gpfs/users/shuai/work/block-conversion-b2/OmniVoice/results_b2_steps32/seedtts_en/common_voice_en_17271507-common_voice_en_17271510.wav	0.08333333333333333	it was such a thrill her veins were pumped full of adrenaline	it was such a thrill her veins were pumped full of adrenaline hmm	1	0	0
/opt/gpfs/users/shuai/work/block-conversion-b2/OmniVoice/results_b2_steps32/seedtts_en/common_voice_en_17274522-common_voice_en_17274523.wav	0.0	nora finds herself ugly because she has pimples	nora finds herself ugly because she has pimples	0	0	0
/opt/gpfs/users/shuai/work/block-conversion-b2/OmniVoice/results_b2_steps32/seedtts_en/common_voice_en_17274522-common_voice_en_17274525.wav	0.25	ninety five lines and no more that's it	95 lines and no more that's it	0	1	1
/opt/gpfs/users/shuai/work/block-conversion-b2/OmniVoice/results_b2_steps32/seedtts_en/common_voice_en_17274533-common_voice_en_17274531.wav	0.0	if possible we'd like the papers a week before and after each of these dates please	if possible we'd like the papers a week before and after each of these dates please	0	0	0
/opt/gpfs/users/shuai/work/block-conversion-b2/OmniVoice/results_b2_steps32/seedtts_en/common_voice_en_17275818-common_voice_en_17275816.wav	0.0	television can make you dumb but it can also be good education	television can make you dumb but it can also be good education	0	0	0
/opt/gpfs/users/shuai/work/block-conversion-b2/OmniVoice/results_b2_steps32/seedtts_en/common_voice_en_17275818-common_voice_en_17275817.wav	0.0	ladies and gentlemen this wagon is going to be detached	ladies and gentlemen this wagon is going to be detached	0	0	0
/opt/gpfs/users/shuai/work/block-conversion-b2/OmniVoice/results_b2_steps32/seedtts_en/common_voice_en_17277080-common_voice_en_17277082.wav	0.0	three weeks later he was feeling a lot better	three weeks later he was feeling a lot better	0	0	0
/opt/gpfs/users/shuai/work/block-conversion-b2/OmniVoice/results_b2_steps32/seedtts_en/common_voice_en_17277080-common_voice_en_17277083.wav	0.0	little thieves are hanged but great ones escape	little thieves are hanged but great ones escape	0	0	0
/opt/gpfs/users/shuai/work/block-conversion-b2/OmniVoice/results_b2_steps32/seedtts_en/common_voice_en_17278904-common_voice_en_17278905.wav	0.0	with skin and hair completely thoroughly out and out	with skin and hair completely thoroughly out and out	0	0	0
/opt/gpfs/users/shuai/work/block-conversion-b2/OmniVoice/results_b2_steps32/seedtts_en/common_voice_en_17278904-common_voice_en_17278909.wav	0.0	this part of the town was half residential half industrial	this part of the town was half residential half industrial	0	0	0
/opt/gpfs/users/shuai/work/block-conversion-b2/OmniVoice/results_b2_steps32/seedtts_en/common_voice_en_17281385-common_voice_en_17281386.wav	0.0	as he couldn't prove his innocence he was brought to the detention zone as if guilty	as he couldn't prove his innocence he was brought to the detention zone as if guilty	0	0	0
/opt/gpfs/users/shuai/work/block-conversion-b2/OmniVoice/results_b2_steps32/seedtts_en/common_voice_en_17281385-common_voice_en_17281393.wav	0.0	lifeguards were standing on a tower staring at the water	lifeguards were standing on a tower staring at the water	0	0	0
/opt/gpfs/users/shuai/work/block-conversion-b2/OmniVoice/results_b2_steps32/seedtts_en/common_voice_en_17288057-common_voice_en_17288056.wav	1.0	where did that come from	bye	0	4	1
/opt/gpfs/users/shuai/work/block-conversion-b2/OmniVoice/results_b2_steps32/seedtts_en/common_voice_en_17288057-common_voice_en_17288059.wav	0.0	did you really think it through	did you really think it through	0	0	0
/opt/gpfs/users/shuai/work/block-conversion-b2/OmniVoice/results_b2_steps32/seedtts_en/common_voice_en_17324784-common_voice_en_17324785.wav	0.0	despite years of research the problem remained intractable	despite years of research the problem remained intractable	0	0	0
/opt/gpfs/users/shuai/work/block-conversion-b2/OmniVoice/results_b2_steps32/seedtts_en/common_voice_en_17324784-common_voice_en_17324786.wav	0.0	as independent studies document the neanderthals developed simple tools such as spears	as independent studies document the neanderthals developed simple tools such as spears	0	0	0
/opt/gpfs/users/shuai/work/block-conversion-b2/OmniVoice/results_b2_steps32/seedtts_en/common_voice_en_17347410-common_voice_en_17347409.wav	0.0	worryingly the radio signal became weaker	worryingly the radio signal became weaker	0	0	0
/opt/gpfs/users/shuai/work/block-conversion-b2/OmniVoice/results_b2_steps32/seedtts_en/common_voice_en_17352169-common_voice_en_17352173.wav	0.0	this swallow is twittering without internet connection and has a swarm of followers	this swallow is twittering without internet connection and has a swarm of followers	0	0	0
/opt/gpfs/users/shuai/work/block-conversion-b2/OmniVoice/results_b2_steps32/seedtts_en/common_voice_en_173534-common_voice_en_173537.wav	0.07692307692307693	strip down the rig until you know exactly where the error is located	strip down the rig until you know exactly where the error is located eh	1	0	0
/opt/gpfs/users/shuai/work/block-conversion-b2/OmniVoice/results_b2_steps32/seedtts_en/common_voice_en_173534-common_voice_en_173540.wav	0.07692307692307693	i like the avenger of the new episode he really is a badass	i like the avenger of the new episode he really is a badass eh	1	0	0
/opt/gpfs/users/shuai/work/block-conversion-b2/OmniVoice/results_b2_steps32/seedtts_en/common_voice_en_17369337-common_voice_en_17369336.wav	1.0	does the new splinter cell game come with a multiplayer mode	uh	0	10	1
/opt/gpfs/users/shuai/work/block-conversion-b2/OmniVoice/results_b2_steps32/seedtts_en/common_voice_en_17369851-common_voice_en_17369849.wav	0.0	do you know what they're up to	do you know what they're up to	0	0	0
/opt/gpfs/users/shuai/work/block-conversion-b2/OmniVoice/results_b2_steps32/seedtts_en/common_voice_en_17375252-common_voice_en_17375256.wav	0.0	with skin and hair completely thoroughly out and out	with skin and hair completely thoroughly out and out	0	0	0
/opt/gpfs/users/shuai/work/block-conversion-b2/OmniVoice/results_b2_steps32/seedtts_en/common_voice_en_17380945-common_voice_en_17380947.wav	0.0	sooner or later they'll find out how to read these hieroglyphics	sooner or later they'll find out how to read these hieroglyphics	0	0	0
/opt/gpfs/users/shuai/work/block-conversion-b2/OmniVoice/results_b2_steps32/seedtts_en/common_voice_en_17389076-common_voice_en_17389120.wav	0.0	can you do your babysitting from outside my office	can you do your babysitting from outside my office	0	0	0
/opt/gpfs/users/shuai/work/block-conversion-b2/OmniVoice/results_b2_steps32/seedtts_en/common_voice_en_17389984-common_voice_en_17389987.wav	0.0	never advertise razors by shaving a monkey it's cruel and results in lawsuits	never advertise razors by shaving a monkey it's cruel and results in lawsuits	0	0	0
/opt/gpfs/users/shuai/work/block-conversion-b2/OmniVoice/results_b2_steps32/seedtts_en/common_voice_en_17389984-common_voice_en_17389988.wav	0.0	technically breaking a mirror is not five years but seven years of bad luck	technically breaking a mirror is not five years but seven years of bad luck	0	0	0
/opt/gpfs/users/shuai/work/block-conversion-b2/OmniVoice/results_b2_steps32/seedtts_en/common_voice_en_17401431-common_voice_en_17401433.wav	0.1	well this exactly happens in an old story from norwegia	well this exactly happens in an old story from norway	0	0	1
/opt/gpfs/users/shuai/work/block-conversion-b2/OmniVoice/results_b2_steps32/seedtts_en/common_voice_en_17406452-common_voice_en_17406455.wav	0.0	yeah i had a bit of a poke at that and failed to work out what was wrong	yeah i had a bit of a poke at that and failed to work out what was wrong	0	0	0
/opt/gpfs/users/shuai/work/block-conversion-b2/OmniVoice/results_b2_steps32/seedtts_en/common_voice_en_17406452-common_voice_en_17406466.wav	0.0	when you're at a party and somebody says banana bread a sniper might be near you	when you're at a party and somebody says banana bread a sniper might be near you	0	0	0
/opt/gpfs/users/shuai/work/block-conversion-b2/OmniVoice/results_b2_steps32/seedtts_en/common_voice_en_17406732-common_voice_en_17406734.wav	0.0	they both stormed out neither thinking to fill me in on where they were going	they both stormed out neither thinking to fill me in on where they were going	0	0	0
/opt/gpfs/users/shuai/work/block-conversion-b2/OmniVoice/results_b2_steps32/seedtts_en/common_voice_en_17406732-common_voice_en_17406735.wav	0.0	when you're at a party and somebody says banana bread a sniper might be near you	when you're at a party and somebody says banana bread a sniper might be near you	0	0	0
/opt/gpfs/users/shuai/work/block-conversion-b2/OmniVoice/results_b2_steps32/seedtts_en/common_voice_en_17429166-common_voice_en_17429168.wav	0.0	will no one go	will no one go	0	0	0
/opt/gpfs/users/shuai/work/block-conversion-b2/OmniVoice/results_b2_steps32/seedtts_en/common_voice_en_17429166-common_voice_en_17429171.wav	0.0	one key is for encryption the other one for decryption	one key is for encryption the other one for decryption	0	0	0
/opt/gpfs/users/shuai/work/block-conversion-b2/OmniVoice/results_b2_steps32/seedtts_en/common_voice_en_17442686-common_voice_en_17442688.wav	0.0	do the roses compete in athletic events	do the roses compete in athletic events	0	0	0
/opt/gpfs/users/shuai/work/block-conversion-b2/OmniVoice/results_b2_steps32/seedtts_en/common_voice_en_17444666-common_voice_en_17444667.wav	0.0	he paused looked back at the house but then pocketed the keys opened the gate and strode down the path quickly	he paused looked back at the house but then pocketed the keys opened the gate and strode down the path quickly	0	0	0
/opt/gpfs/users/shuai/work/block-conversion-b2/OmniVoice/results_b2_steps32/seedtts_en/common_voice_en_17444666-common_voice_en_17444668.wav	0.0	to summarize our comprehensive survey discloses the true versatility of their method	to summarize our comprehensive survey discloses the true versatility of their method	0	0	0
/opt/gpfs/users/shuai/work/block-conversion-b2/OmniVoice/results_b2_steps32/seedtts_en/common_voice_en_17451108-common_voice_en_17451109.wav	0.0	he always stutters when he's nervous that's why he delegated the speech	he always stutters when he's nervous that's why he delegated the speech	0	0	0
/opt/gpfs/users/shuai/work/block-conversion-b2/OmniVoice/results_b2_steps32/seedtts_en/common_voice_en_17502-common_voice_en_17503.wav	0.0	songs are made to make you feel	songs are made to make you feel	0	0	0
/opt/gpfs/users/shuai/work/block-conversion-b2/OmniVoice/results_b2_steps32/seedtts_en/common_voice_en_17519982-common_voice_en_17519985.wav	0.0	real schools secondary schools giving a general practical education	real schools secondary schools giving a general practical education	0	0	0
/opt/gpfs/users/shuai/work/block-conversion-b2/OmniVoice/results_b2_steps32/seedtts_en/common_voice_en_17519982-common_voice_en_17519988.wav	0.0	well you shouldn't have any trouble then	well you shouldn't have any trouble then	0	0	0
/opt/gpfs/users/shuai/work/block-conversion-b2/OmniVoice/results_b2_steps32/seedtts_en/common_voice_en_175348-common_voice_en_175349.wav	0.0	any edition is fine and i use the premium edition	any edition is fine and i use the premium edition	0	0	0
/opt/gpfs/users/shuai/work/block-conversion-b2/OmniVoice/results_b2_steps32/seedtts_en/common_voice_en_175348-common_voice_en_175350.wav	0.0	if you just read the code you'll miss out on why i made certain decisions	if you just read the code you'll miss out on why i made certain decisions	0	0	0
/opt/gpfs/users/shuai/work/block-conversion-b2/OmniVoice/results_b2_steps32/seedtts_en/common_voice_en_17578783-common_voice_en_17578780.wav	0.0	come on just stop thinking about it	come on just stop thinking about it	0	0	0
/opt/gpfs/users/shuai/work/block-conversion-b2/OmniVoice/results_b2_steps32/seedtts_en/common_voice_en_17578783-common_voice_en_17578781.wav	0.0	did the president just lie again	did the president just lie again	0	0	0
/opt/gpfs/users/shuai/work/block-conversion-b2/OmniVoice/results_b2_steps32/seedtts_en/common_voice_en_17662945-common_voice_en_17662954.wav	0.0	when the carpet and the curtains caught fire it was getting warm	when the carpet and the curtains caught fire it was getting warm	0	0	0
/opt/gpfs/users/shuai/work/block-conversion-b2/OmniVoice/results_b2_steps32/seedtts_en/common_voice_en_17662945-common_voice_en_17662956.wav	0.0	the results of the test were inconclusive and it has not been repeated	the results of the test were inconclusive and it has not been repeated	0	0	0
/opt/gpfs/users/shuai/work/block-conversion-b2/OmniVoice/results_b2_steps32/seedtts_en/common_voice_en_17718576-common_voice_en_17718578.wav	0.09090909090909091	there was no replacement for armed forces lost in the fight	there was no replacement for armed forces lost in the fight uh	1	0	0
/opt/gpfs/users/shuai/work/block-conversion-b2/OmniVoice/results_b2_steps32/seedtts_en/common_voice_en_17727889-common_voice_en_17727904.wav	0.0	the logs fell and tumbled into the clear stream	the logs fell and tumbled into the clear stream	0	0	0
/opt/gpfs/users/shuai/work/block-conversion-b2/OmniVoice/results_b2_steps32/seedtts_en/common_voice_en_17727889-common_voice_en_17727905.wav	0.16666666666666666	my grandmother has type one diabetes	my grandmother has type 1 diabetes	0	0	1
/opt/gpfs/users/shuai/work/block-conversion-b2/OmniVoice/results_b2_steps32/seedtts_en/common_voice_en_17729945-common_voice_en_17729943.wav	0.1	i'm going with clara to buy some pillows and bolsters	i'm going with clara to buy some pillows and bolsters uh	1	0	0
/opt/gpfs/users/shuai/work/block-conversion-b2/OmniVoice/results_b2_steps32/seedtts_en/common_voice_en_17729945-common_voice_en_17729944.wav	0.125	the loss exposed the city to foreign attackers	uh the loss exposed the city to foreign attackers	1	0	0
/opt/gpfs/users/shuai/work/block-conversion-b2/OmniVoice/results_b2_steps32/seedtts_en/common_voice_en_17736608-common_voice_en_17736610.wav	0.125	little thieves are hanged but great ones escape	little thieves are hanged but great ones escape uh	1	0	0
/opt/gpfs/users/shuai/work/block-conversion-b2/OmniVoice/results_b2_steps32/seedtts_en/common_voice_en_17738848-common_voice_en_17744571.wav	0.0	for a long time the city's downfall was attributed to its second sacking	for a long time the city's downfall was attributed to its second sacking	0	0	0
/opt/gpfs/users/shuai/work/block-conversion-b2/OmniVoice/results_b2_steps32/seedtts_en/common_voice_en_17738848-common_voice_en_19083939.wav	0.0	it is also used as an initial ingredient in homeopathic remedies	it is also used as an initial ingredient in homeopathic remedies	0	0	0
/opt/gpfs/users/shuai/work/block-conversion-b2/OmniVoice/results_b2_steps32/seedtts_en/common_voice_en_17781154-common_voice_en_17781153.wav	0.0	keep the hatch tight and the watch constant	keep the hatch tight and the watch constant	0	0	0
/opt/gpfs/users/shuai/work/block-conversion-b2/OmniVoice/results_b2_steps32/seedtts_en/common_voice_en_17784-common_voice_en_17785.wav	0.0	then why should they be surprised when they see one	then why should they be surprised when they see one	0	0	0
/opt/gpfs/users/shuai/work/block-conversion-b2/OmniVoice/results_b2_steps32/seedtts_en/common_voice_en_17784-common_voice_en_17786.wav	0.0	the virus spread faster than wildfire	the virus spread faster than wildfire	0	0	0
/opt/gpfs/users/shuai/work/block-conversion-b2/OmniVoice/results_b2_steps32/seedtts_en/common_voice_en_177895-common_voice_en_177894.wav	0.0	a dog with a water pack is walking through clear green water	a dog with a water pack is walking through clear green water	0	0	0
/opt/gpfs/users/shuai/work/block-conversion-b2/OmniVoice/results_b2_steps32/seedtts_en/common_voice_en_177895-common_voice_en_177898.wav	0.0	a man is taking a look at the food products	a man is taking a look at the food products	0	0	0
/opt/gpfs/users/shuai/work/block-conversion-b2/OmniVoice/results_b2_steps32/seedtts_en/common_voice_en_17817002-common_voice_en_17817003.wav	0.0	for a long time the city's downfall was attributed to its second sacking	for a long time the city's downfall was attributed to its second sacking	0	0	0
/opt/gpfs/users/shuai/work/block-conversion-b2/OmniVoice/results_b2_steps32/seedtts_en/common_voice_en_17817002-common_voice_en_17817005.wav	0.09090909090909091	the famous mona lisa painting was painted by leonardo da vinci	the famous mona lisa painting was painted by leonardo da vinci uh	1	0	0
/opt/gpfs/users/shuai/work/block-conversion-b2/OmniVoice/results_b2_steps32/seedtts_en/common_voice_en_17830764-common_voice_en_17830762.wav	0.14285714285714285	are they twins or just normal siblings	are they twins or just normal siblings uh	1	0	0
/opt/gpfs/users/shuai/work/block-conversion-b2/OmniVoice/results_b2_steps32/seedtts_en/common_voice_en_17830764-common_voice_en_17830783.wav	0.09090909090909091	today people in the city are very thankful for this fact	today people in the city are very thankful for this fact ah	1	0	0
/opt/gpfs/users/shuai/work/block-conversion-b2/OmniVoice/results_b2_steps32/seedtts_en/common_voice_en_17837104-common_voice_en_17837105.wav	0.0	the light danced across the lake	the light danced across the lake	0	0	0
/opt/gpfs/users/shuai/work/block-conversion-b2/OmniVoice/results_b2_steps32/seedtts_en/common_voice_en_17851231-common_voice_en_17851248.wav	0.0	lush ferns grow on the lofty rocks	lush ferns grow on the lofty rocks	0	0	0
/opt/gpfs/users/shuai/work/block-conversion-b2/OmniVoice/results_b2_steps32/seedtts_en/common_voice_en_17851231-common_voice_en_17851256.wav	0.0	a rich farm is rare in this sandy waste	a rich farm is rare in this sandy waste	0	0	0
/opt/gpfs/users/shuai/work/block-conversion-b2/OmniVoice/results_b2_steps32/seedtts_en/common_voice_en_17854896-common_voice_en_17854894.wav	0.0	to wish one well to wish one ill	to wish one well to wish one ill	0	0	0
/opt/gpfs/users/shuai/work/block-conversion-b2/OmniVoice/results_b2_steps32/seedtts_en/common_voice_en_17854896-common_voice_en_17854897.wav	0.0	verify the contents of the website	verify the contents of the website	0	0	0
/opt/gpfs/users/shuai/work/block-conversion-b2/OmniVoice/results_b2_steps32/seedtts_en/common_voice_en_17861335-common_voice_en_17861337.wav	0.0	it changes color when you say the words blue sponge	it changes color when you say the words blue sponge	0	0	0
/opt/gpfs/users/shuai/work/block-conversion-b2/OmniVoice/results_b2_steps32/seedtts_en/common_voice_en_17861489-common_voice_en_17861487.wav	0.0	not to know how to sign one's name	not to know how to sign one's name	0	0	0
/opt/gpfs/users/shuai/work/block-conversion-b2/OmniVoice/results_b2_steps32/seedtts_en/common_voice_en_17874600-common_voice_en_17874601.wav	0.0	an automobile will arrive at the end of the alley in half an hour you are to get inside	an automobile will arrive at the end of the alley in half an hour you are to get inside	0	0	0
/opt/gpfs/users/shuai/work/block-conversion-b2/OmniVoice/results_b2_steps32/seedtts_en/common_voice_en_17874600-common_voice_en_17874602.wav	0.0	without understanding the actual physics some animals exploit total internal reflection for catching fish	without understanding the actual physics some animals exploit total internal reflection for catching fish	0	0	0
/opt/gpfs/users/shuai/work/block-conversion-b2/OmniVoice/results_b2_steps32/seedtts_en/common_voice_en_17875915-common_voice_en_17875925.wav	0.0	the grass is always greener on the other side of the fence	the grass is always greener on the other side of the fence	0	0	0
/opt/gpfs/users/shuai/work/block-conversion-b2/OmniVoice/results_b2_steps32/seedtts_en/common_voice_en_17879420-common_voice_en_17879418.wav	0.0	every cloud has a silver lining	every cloud has a silver lining	0	0	0
/opt/gpfs/users/shuai/work/block-conversion-b2/OmniVoice/results_b2_steps32/seedtts_en/common_voice_en_17879420-common_voice_en_17879438.wav	0.0	the irrigation system will be fixed within a week	the irrigation system will be fixed within a week	0	0	0
/opt/gpfs/users/shuai/work/block-conversion-b2/OmniVoice/results_b2_steps32/seedtts_en/common_voice_en_17880926-common_voice_en_17880932.wav	0.1111111111111111	a rich farm is rare in this sandy waste	a rich farm is rare in this sandy waste ah	1	0	0
/opt/gpfs/users/shuai/work/block-conversion-b2/OmniVoice/results_b2_steps32/seedtts_en/common_voice_en_17889905-common_voice_en_17889907.wav	0.0	for most owners of the car model the issue isn't noticeable	for most owners of the car model the issue isn't noticeable	0	0	0
/opt/gpfs/users/shuai/work/block-conversion-b2/OmniVoice/results_b2_steps32/seedtts_en/common_voice_en_17893247-common_voice_en_17893246.wav	0.0	we strolled along the promenade and through the mall	we strolled along the promenade and through the mall	0	0	0
/opt/gpfs/users/shuai/work/block-conversion-b2/OmniVoice/results_b2_steps32/seedtts_en/common_voice_en_17893247-common_voice_en_17893250.wav	0.0	for a start we both know that i have it	for a start we both know that i have it	0	0	0
/opt/gpfs/users/shuai/work/block-conversion-b2/OmniVoice/results_b2_steps32/seedtts_en/common_voice_en_17899910-common_voice_en_17899909.wav	0.25	please shut the door	please shut the door uh	1	0	0
/opt/gpfs/users/shuai/work/block-conversion-b2/OmniVoice/results_b2_steps32/seedtts_en/common_voice_en_17920116-common_voice_en_17920112.wav	0.0	appearances are deceptive	appearances are deceptive	0	0	0
/opt/gpfs/users/shuai/work/block-conversion-b2/OmniVoice/results_b2_steps32/seedtts_en/common_voice_en_17986345-common_voice_en_17986347.wav	0.1111111111111111	fine what makes you think i'd answer you truthfully	fine fine what makes you think i'd answer you truthfully	1	0	0
/opt/gpfs/users/shuai/work/block-conversion-b2/OmniVoice/results_b2_steps32/seedtts_en/common_voice_en_18012457-common_voice_en_18012447.wav	0.0	one of the world's biggest problems is the growth of the human population	one of the world's biggest problems is the growth of the human population	0	0	0
/opt/gpfs/users/shuai/work/block-conversion-b2/OmniVoice/results_b2_steps32/seedtts_en/common_voice_en_18012457-common_voice_en_18012464.wav	0.0	since i've gotten a dog the regular visits of the fox have stopped	since i've gotten a dog the regular visits of the fox have stopped	0	0	0
/opt/gpfs/users/shuai/work/block-conversion-b2/OmniVoice/results_b2_steps32/seedtts_en/common_voice_en_18057869-common_voice_en_18057867.wav	0.0	wrapped in a scarf and blinded by the blizzard the boy scrambled for the subway	wrapped in a scarf and blinded by the blizzard the boy scrambled for the subway	0	0	0
/opt/gpfs/users/shuai/work/block-conversion-b2/OmniVoice/results_b2_steps32/seedtts_en/common_voice_en_18070362-common_voice_en_18070351.wav	0.0	the hinge on the door creaked with old age	the hinge on the door creaked with old age	0	0	0
/opt/gpfs/users/shuai/work/block-conversion-b2/OmniVoice/results_b2_steps32/seedtts_en/common_voice_en_18105426-common_voice_en_18105428.wav	0.25	will no one go	will no one	0	1	0
/opt/gpfs/users/shuai/work/block-conversion-b2/OmniVoice/results_b2_steps32/seedtts_en/common_voice_en_18105426-common_voice_en_18105430.wav	0.0	real schools secondary schools giving a general practical education	real schools secondary schools giving a general practical education	0	0	0
/opt/gpfs/users/shuai/work/block-conversion-b2/OmniVoice/results_b2_steps32/seedtts_en/common_voice_en_18177486-common_voice_en_18177492.wav	0.0	persuasion is better than force	persuasion is better than force	0	0	0
/opt/gpfs/users/shuai/work/block-conversion-b2/OmniVoice/results_b2_steps32/seedtts_en/common_voice_en_18177486-common_voice_en_18177499.wav	0.0	the dictator was radical in his ideology	the dictator was radical in his ideology	0	0	0
/opt/gpfs/users/shuai/work/block-conversion-b2/OmniVoice/results_b2_steps32/seedtts_en/common_voice_en_18187914-common_voice_en_18188853.wav	0.0	a bus shuttle took us from the airport to the metro	a bus shuttle took us from the airport to the metro	0	0	0
/opt/gpfs/users/shuai/work/block-conversion-b2/OmniVoice/results_b2_steps32/seedtts_en/common_voice_en_18200641-common_voice_en_18200765.wav	0.0	mrs travis when i leave my kids in kindergarten i expect you to supervise them	mrs travis when i leave my kids in kindergarten i expect you to supervise them	0	0	0
/opt/gpfs/users/shuai/work/block-conversion-b2/OmniVoice/results_b2_steps32/seedtts_en/common_voice_en_18200641-common_voice_en_18200790.wav	0.0	after i had finished the first batch of papers i was getting into the workflow	after i had finished the first batch of papers i was getting into the workflow	0	0	0
/opt/gpfs/users/shuai/work/block-conversion-b2/OmniVoice/results_b2_steps32/seedtts_en/common_voice_en_182275-common_voice_en_182276.wav	0.0	those gangsters get what they deserve	those gangsters get what they deserve	0	0	0
/opt/gpfs/users/shuai/work/block-conversion-b2/OmniVoice/results_b2_steps32/seedtts_en/common_voice_en_18229682-common_voice_en_18229679.wav	0.0	rated m for mature	rated m for mature	0	0	0
/opt/gpfs/users/shuai/work/block-conversion-b2/OmniVoice/results_b2_steps32/seedtts_en/common_voice_en_18229682-common_voice_en_18229695.wav	0.125	the course of love never did run smooth	the course of love never did run smooth oh	1	0	0
/opt/gpfs/users/shuai/work/block-conversion-b2/OmniVoice/results_b2_steps32/seedtts_en/common_voice_en_18234333-common_voice_en_18234353.wav	0.0	also there was a decrease in trade interest between east and west	also there was a decrease in trade interest between east and west	0	0	0
/opt/gpfs/users/shuai/work/block-conversion-b2/OmniVoice/results_b2_steps32/seedtts_en/common_voice_en_18240348-common_voice_en_18240305.wav	0.0	the tropic of capricorn is in the southern hemisphere	the tropic of capricorn is in the southern hemisphere	0	0	0
/opt/gpfs/users/shuai/work/block-conversion-b2/OmniVoice/results_b2_steps32/seedtts_en/common_voice_en_18313326-common_voice_en_18313324.wav	0.0	it seemed the ordained order of things that dogs should work	it seemed the ordained order of things that dogs should work	0	0	0
/opt/gpfs/users/shuai/work/block-conversion-b2/OmniVoice/results_b2_steps32/seedtts_en/common_voice_en_18313326-common_voice_en_18313328.wav	0.0	every monday i have to catch the train into work	every monday i have to catch the train into work	0	0	0
/opt/gpfs/users/shuai/work/block-conversion-b2/OmniVoice/results_b2_steps32/seedtts_en/common_voice_en_18336410-common_voice_en_18336411.wav	0.0	she obeyed shrinking back with the baby in her arms	she obeyed shrinking back with the baby in her arms	0	0	0
/opt/gpfs/users/shuai/work/block-conversion-b2/OmniVoice/results_b2_steps32/seedtts_en/common_voice_en_18336410-common_voice_en_18336421.wav	0.0	the questionnaire is too simplistic	the questionnaire is too simplistic	0	0	0
/opt/gpfs/users/shuai/work/block-conversion-b2/OmniVoice/results_b2_steps32/seedtts_en/common_voice_en_18338543-common_voice_en_18338546.wav	0.1	the history of the eighteenth century is written ernest prompted	the history of the 18th century is written ernest prompted	0	0	1
/opt/gpfs/users/shuai/work/block-conversion-b2/OmniVoice/results_b2_steps32/seedtts_en/common_voice_en_18436934-common_voice_en_18436935.wav	0.0	biotechnology or biotech is a very popular degree choice	biotechnology or biotech is a very popular degree choice	0	0	0
/opt/gpfs/users/shuai/work/block-conversion-b2/OmniVoice/results_b2_steps32/seedtts_en/common_voice_en_18466098-common_voice_en_18466096.wav	0.0	catch as catch can	catch as catch can	0	0	0
/opt/gpfs/users/shuai/work/block-conversion-b2/OmniVoice/results_b2_steps32/seedtts_en/common_voice_en_18466098-common_voice_en_18466097.wav	0.0	not a thing	not a thing	0	0	0
/opt/gpfs/users/shuai/work/block-conversion-b2/OmniVoice/results_b2_steps32/seedtts_en/common_voice_en_18485041-common_voice_en_18485042.wav	0.0	my mother has rheumatoid arthritis	my mother has rheumatoid arthritis	0	0	0
/opt/gpfs/users/shuai/work/block-conversion-b2/OmniVoice/results_b2_steps32/seedtts_en/common_voice_en_18500600-common_voice_en_18500603.wav	0.1111111111111111	the author is a blogger and social media phenomenon	the author is a blogger and social media phenomenon uh	1	0	0
/opt/gpfs/users/shuai/work/block-conversion-b2/OmniVoice/results_b2_steps32/seedtts_en/common_voice_en_18522556-common_voice_en_18522557.wav	0.0	any tutting that's required i'll attend to myself	any tutting that's required i'll attend to myself	0	0	0
/opt/gpfs/users/shuai/work/block-conversion-b2/OmniVoice/results_b2_steps32/seedtts_en/common_voice_en_18529345-common_voice_en_18529360.wav	0.0	and then a thing incomprehensible to her happened	and then a thing incomprehensible to her happened	0	0	0
/opt/gpfs/users/shuai/work/block-conversion-b2/OmniVoice/results_b2_steps32/seedtts_en/common_voice_en_18529345-common_voice_en_18529361.wav	0.0	dynamic link libraries are reusable modules of windows software applications	dynamic link libraries are reusable modules of windows software applications	0	0	0
/opt/gpfs/users/shuai/work/block-conversion-b2/OmniVoice/results_b2_steps32/seedtts_en/common_voice_en_18533403-common_voice_en_18533404.wav	0.0	increment the order quantity if you require more than one item	increment the order quantity if you require more than one item	0	0	0
/opt/gpfs/users/shuai/work/block-conversion-b2/OmniVoice/results_b2_steps32/seedtts_en/common_voice_en_18545637-common_voice_en_18545639.wav	0.0	she searched in vain for a familiar face	she searched in vain for a familiar face	0	0	0
/opt/gpfs/users/shuai/work/block-conversion-b2/OmniVoice/results_b2_steps32/seedtts_en/common_voice_en_18554437-common_voice_en_18554439.wav	0.0	can't you see the scene he asked with a queer smile of excitement	can't you see the scene he asked with a queer smile of excitement	0	0	0
/opt/gpfs/users/shuai/work/block-conversion-b2/OmniVoice/results_b2_steps32/seedtts_en/common_voice_en_18557077-common_voice_en_18557074.wav	0.0	this app is not ready for everyday use	this app is not ready for everyday use	0	0	0
/opt/gpfs/users/shuai/work/block-conversion-b2/OmniVoice/results_b2_steps32/seedtts_en/common_voice_en_18557077-common_voice_en_18557192.wav	0.0	he soon afterwards appeared and made us merry for an hour	he soon afterwards appeared and made us merry for an hour	0	0	0
/opt/gpfs/users/shuai/work/block-conversion-b2/OmniVoice/results_b2_steps32/seedtts_en/common_voice_en_18575865-common_voice_en_18575863.wav	0.0	only it must remain a secret between you and me	only it must remain a secret between you and me	0	0	0
/opt/gpfs/users/shuai/work/block-conversion-b2/OmniVoice/results_b2_steps32/seedtts_en/common_voice_en_18575865-common_voice_en_18575864.wav	0.25	'it gets easier further on' humpty dumpty replied	it gets easier further on humpty dumpty replied	0	0	2
/opt/gpfs/users/shuai/work/block-conversion-b2/OmniVoice/results_b2_steps32/seedtts_en/common_voice_en_18647546-common_voice_en_18647545.wav	0.09090909090909091	there and through it all my dear physician was a hero	there and through it all my dear physician was a hero mmm	1	0	0
/opt/gpfs/users/shuai/work/block-conversion-b2/OmniVoice/results_b2_steps32/seedtts_en/common_voice_en_18647546-common_voice_en_18647550.wav	0.0	indeed he came in and turned our conversation	indeed he came in and turned our conversation	0	0	0
/opt/gpfs/users/shuai/work/block-conversion-b2/OmniVoice/results_b2_steps32/seedtts_en/common_voice_en_18672480-common_voice_en_18672484.wav	0.0	in testimony to investigators the page described the relationship as consensual and not intimidating	in testimony to investigators the page described the relationship as consensual and not intimidating	0	0	0
/opt/gpfs/users/shuai/work/block-conversion-b2/OmniVoice/results_b2_steps32/seedtts_en/common_voice_en_18681919-common_voice_en_18681920.wav	0.0	moreover because none of the neighbors remember her they cannot confirm her identity	moreover because none of the neighbors remember her they cannot confirm her identity	0	0	0
/opt/gpfs/users/shuai/work/block-conversion-b2/OmniVoice/results_b2_steps32/seedtts_en/common_voice_en_18693241-common_voice_en_18693240.wav	0.0	this paper discusses the power of the senate to try impeachment cases	this paper discusses the power of the senate to try impeachment cases	0	0	0
/opt/gpfs/users/shuai/work/block-conversion-b2/OmniVoice/results_b2_steps32/seedtts_en/common_voice_en_18699078-common_voice_en_18699081.wav	0.0	the national monument surrounds the castle mountain mine area	the national monument surrounds the castle mountain mine area	0	0	0
/opt/gpfs/users/shuai/work/block-conversion-b2/OmniVoice/results_b2_steps32/seedtts_en/common_voice_en_18699078-common_voice_en_18699082.wav	0.07692307692307693	using his engineering knowledge gallagher studied leverage and how it applied to wrestling	using his engineering knowledge gallagher studied leverage and how it applied to wrestling uh	1	0	0
/opt/gpfs/users/shuai/work/block-conversion-b2/OmniVoice/results_b2_steps32/seedtts_en/common_voice_en_18707936-common_voice_en_18707937.wav	0.07692307692307693	smith is too shocked by paine's betrayal to defend himself and runs away	smith is too shocked by payne's betrayal to defend himself and runs away	0	0	1
/opt/gpfs/users/shuai/work/block-conversion-b2/OmniVoice/results_b2_steps32/seedtts_en/common_voice_en_18710640-common_voice_en_18710642.wav	0.1	all episodes following the pilot were directed by david trainer	all episodes following the pilot were directed by david traynor	0	0	1
/opt/gpfs/users/shuai/work/block-conversion-b2/OmniVoice/results_b2_steps32/seedtts_en/common_voice_en_18735317-common_voice_en_18735316.wav	0.1	tao uses his song as weapon to bitterly criticize terrorists	dao uses his song as weapon to bitterly criticize terrorists	0	0	1
/opt/gpfs/users/shuai/work/block-conversion-b2/OmniVoice/results_b2_steps32/seedtts_en/common_voice_en_18735317-common_voice_en_18735372.wav	0.0	after a routine departure the airliner experiences sporadic sudden vibrations	after a routine departure the airliner experiences sporadic sudden vibrations	0	0	0
/opt/gpfs/users/shuai/work/block-conversion-b2/OmniVoice/results_b2_steps32/seedtts_en/common_voice_en_18746637-common_voice_en_18746638.wav	0.0	when the coup failed the young army officers were executed	when the coup failed the young army officers were executed	0	0	0
/opt/gpfs/users/shuai/work/block-conversion-b2/OmniVoice/results_b2_steps32/seedtts_en/common_voice_en_18746637-common_voice_en_18746639.wav	0.0	the nest is a flimsy platform of sticks is built by both sexes	the nest is a flimsy platform of sticks is built by both sexes	0	0	0
/opt/gpfs/users/shuai/work/block-conversion-b2/OmniVoice/results_b2_steps32/seedtts_en/common_voice_en_18754308-common_voice_en_18754311.wav	0.0	dopamine neurons have axons that run the entire length of the pathway	dopamine neurons have axons that run the entire length of the pathway	0	0	0
/opt/gpfs/users/shuai/work/block-conversion-b2/OmniVoice/results_b2_steps32/seedtts_en/common_voice_en_18754308-common_voice_en_18754312.wav	0.2857142857142857	in addition manheim has several film credits	in addition mannheim has several film credits uh	1	0	1
/opt/gpfs/users/shuai/work/block-conversion-b2/OmniVoice/results_b2_steps32/seedtts_en/common_voice_en_18757805-common_voice_en_18757804.wav	0.0	he was a senior fellow at the time of his death in london	he was a senior fellow at the time of his death in london	0	0	0
/opt/gpfs/users/shuai/work/block-conversion-b2/OmniVoice/results_b2_steps32/seedtts_en/common_voice_en_18770703-common_voice_en_18770702.wav	0.21428571428571427	davies started planning a second series for dark season that followed a similar structure	uh davy started planning a second series for dark season that followed a similar structure uh	2	0	1
/opt/gpfs/users/shuai/work/block-conversion-b2/OmniVoice/results_b2_steps32/seedtts_en/common_voice_en_18770703-common_voice_en_18770704.wav	0.0	smiley township was named for william c smiley a county official	smiley township was named for william c smiley a county official	0	0	0
/opt/gpfs/users/shuai/work/block-conversion-b2/OmniVoice/results_b2_steps32/seedtts_en/common_voice_en_18781918-common_voice_en_18781919.wav	0.0	in california the extension was not granted and followed the original schedule	in california the extension was not granted and followed the original schedule	0	0	0
/opt/gpfs/users/shuai/work/block-conversion-b2/OmniVoice/results_b2_steps32/seedtts_en/common_voice_en_18786931-common_voice_en_18786930.wav	0.08333333333333333	immediately following the demerger williams holdings launched a takeover bid for racal	immediately following the demerger williams holdings launched a takeover bid for recall	0	0	1
/opt/gpfs/users/shuai/work/block-conversion-b2/OmniVoice/results_b2_steps32/seedtts_en/common_voice_en_18786931-common_voice_en_18786946.wav	0.0	a judge later found that harrison had unintentionally plagiarized the earlier song	a judge later found that harrison had unintentionally plagiarized the earlier song	0	0	0
/opt/gpfs/users/shuai/work/block-conversion-b2/OmniVoice/results_b2_steps32/seedtts_en/common_voice_en_188092-common_voice_en_188091.wav	0.0	i make my living forecasting the future for people he said	i make my living forecasting the future for people he said	0	0	0
/opt/gpfs/users/shuai/work/block-conversion-b2/OmniVoice/results_b2_steps32/seedtts_en/common_voice_en_188092-common_voice_en_188093.wav	0.06666666666666667	he also tried to remember some good stories to relate as he sheared the sheep	he also tried to remember some good stories to relate as he sheared the sheep uh	1	0	0
/opt/gpfs/users/shuai/work/block-conversion-b2/OmniVoice/results_b2_steps32/seedtts_en/common_voice_en_18828571-common_voice_en_18828573.wav	0.0	his career took a significant turn in these years	his career took a significant turn in these years	0	0	0
/opt/gpfs/users/shuai/work/block-conversion-b2/OmniVoice/results_b2_steps32/seedtts_en/common_voice_en_18829843-common_voice_en_18829841.wav	0.0	because of wartime secrecy he had not been aware of the reactor's existence	because of wartime secrecy he had not been aware of the reactor's existence	0	0	0
/opt/gpfs/users/shuai/work/block-conversion-b2/OmniVoice/results_b2_steps32/seedtts_en/common_voice_en_18829843-common_voice_en_18829842.wav	0.0	stepping outside he encounters four rich frat boys burning a homeless man alive	stepping outside he encounters four rich frat boys burning a homeless man alive	0	0	0
/opt/gpfs/users/shuai/work/block-conversion-b2/OmniVoice/results_b2_steps32/seedtts_en/common_voice_en_18852076-common_voice_en_18852077.wav	0.0	this prevents the rider and the tube itself from dragging on the snow	this prevents the rider and the tube itself from dragging on the snow	0	0	0
/opt/gpfs/users/shuai/work/block-conversion-b2/OmniVoice/results_b2_steps32/seedtts_en/common_voice_en_18852076-common_voice_en_18852085.wav	0.125	the sacred bridge program continues to tour internationally	the sacred bridge program continues to tour internationally uhhuh	1	0	0
/opt/gpfs/users/shuai/work/block-conversion-b2/OmniVoice/results_b2_steps32/seedtts_en/common_voice_en_18877786-common_voice_en_18877788.wav	0.0	it borders five other kent districts as well as east sussex to the southwest	it borders five other kent districts as well as east sussex to the southwest	0	0	0
/opt/gpfs/users/shuai/work/block-conversion-b2/OmniVoice/results_b2_steps32/seedtts_en/common_voice_en_18889688-common_voice_en_18889686.wav	0.0	bender also conducted extensive research on autism	bender also conducted extensive research on autism	0	0	0
/opt/gpfs/users/shuai/work/block-conversion-b2/OmniVoice/results_b2_steps32/seedtts_en/common_voice_en_18889688-common_voice_en_18889687.wav	0.15384615384615385	in terms of its natural environment lleida offers a wide variety of landscapes	in terms of its natural environment leida offers a wide variety of landscapes right	1	0	1
/opt/gpfs/users/shuai/work/block-conversion-b2/OmniVoice/results_b2_steps32/seedtts_en/common_voice_en_18902273-common_voice_en_18902274.wav	0.0	in the aftermath of this event the national aeronautics and space administration was formed	in the aftermath of this event the national aeronautics and space administration was formed	0	0	0
/opt/gpfs/users/shuai/work/block-conversion-b2/OmniVoice/results_b2_steps32/seedtts_en/common_voice_en_18902273-common_voice_en_18902275.wav	0.0	cafom a company registered in france purchased habitat's european businesses	cafom a company registered in france purchased habitat's european businesses	0	0	0
/opt/gpfs/users/shuai/work/block-conversion-b2/OmniVoice/results_b2_steps32/seedtts_en/common_voice_en_18944281-common_voice_en_18944280.wav	0.1	recordings of greene are scarce in the compact disc era	recordings of green are scarce in the compact disc era	0	0	1
/opt/gpfs/users/shuai/work/block-conversion-b2/OmniVoice/results_b2_steps32/seedtts_en/common_voice_en_18962809-common_voice_en_18962813.wav	0.07692307692307693	examples of contract brewers include epic brewing company funk estate and yeastie boys	examples of contract brewers include epic brewing company funk estate and yeasty boys	0	0	1
/opt/gpfs/users/shuai/work/block-conversion-b2/OmniVoice/results_b2_steps32/seedtts_en/common_voice_en_18962809-common_voice_en_18962814.wav	0.1111111111111111	the larson brothers airport is located in the town	the larsen brothers airport is located in the town	0	0	1
/opt/gpfs/users/shuai/work/block-conversion-b2/OmniVoice/results_b2_steps32/seedtts_en/common_voice_en_18993020-common_voice_en_18993021.wav	0.0	on christmas day the assassination attempt is successfully thwarted	on christmas day the assassination attempt is successfully thwarted	0	0	0
/opt/gpfs/users/shuai/work/block-conversion-b2/OmniVoice/results_b2_steps32/seedtts_en/common_voice_en_18993020-common_voice_en_18993067.wav	0.0	he also make himself useful in a variety of ways to the military	he also make himself useful in a variety of ways to the military	0	0	0
/opt/gpfs/users/shuai/work/block-conversion-b2/OmniVoice/results_b2_steps32/seedtts_en/common_voice_en_18994068-common_voice_en_18994069.wav	0.0	white earth reservation has many settlements located within its borders	white earth reservation has many settlements located within its borders	0	0	0
/opt/gpfs/users/shuai/work/block-conversion-b2/OmniVoice/results_b2_steps32/seedtts_en/common_voice_en_18994734-common_voice_en_18994736.wav	0.0	there are two cemeteries one across the street from the other	there are two cemeteries one across the street from the other	0	0	0
/opt/gpfs/users/shuai/work/block-conversion-b2/OmniVoice/results_b2_steps32/seedtts_en/common_voice_en_18994734-common_voice_en_18994738.wav	0.0	when played failure cards are set aside and not returned to the deck	when played failure cards are set aside and not returned to the deck	0	0	0
/opt/gpfs/users/shuai/work/block-conversion-b2/OmniVoice/results_b2_steps32/seedtts_en/common_voice_en_18998723-common_voice_en_18998722.wav	0.0	in the time trials the distances were the same for each classification	in the time trials the distances were the same for each classification	0	0	0
/opt/gpfs/users/shuai/work/block-conversion-b2/OmniVoice/results_b2_steps32/seedtts_en/common_voice_en_18998723-common_voice_en_18998724.wav	0.0	iran and russia have both denied this and have rejected these claims as propaganda	iran and russia have both denied this and have rejected these claims as propaganda	0	0	0
/opt/gpfs/users/shuai/work/block-conversion-b2/OmniVoice/results_b2_steps32/seedtts_en/common_voice_en_19002369-common_voice_en_19002367.wav	0.07692307692307693	netarhat is famous for its glorious sunrises and sunsets during the summer months	netterhat is famous for its glorious sunrises and sunsets during the summer months	0	0	1
/opt/gpfs/users/shuai/work/block-conversion-b2/OmniVoice/results_b2_steps32/seedtts_en/common_voice_en_19017623-common_voice_en_19017624.wav	0.0	however he died in the fire and explosion	however he died in the fire and explosion	0	0	0
/opt/gpfs/users/shuai/work/block-conversion-b2/OmniVoice/results_b2_steps32/seedtts_en/common_voice_en_19022657-common_voice_en_19022662.wav	0.0	his second offering was also rejected like the first	his second offering was also rejected like the first	0	0	0
/opt/gpfs/users/shuai/work/block-conversion-b2/OmniVoice/results_b2_steps32/seedtts_en/common_voice_en_19022657-common_voice_en_19022667.wav	0.0	its current chair is jamie rogers and its district manager susan stetzer	its current chair is jamie rogers and its district manager susan stetzer	0	0	0
/opt/gpfs/users/shuai/work/block-conversion-b2/OmniVoice/results_b2_steps32/seedtts_en/common_voice_en_19043111-common_voice_en_19043109.wav	0.15384615384615385	saint julian's itself is named after saint julius of caerleon the roman martyr	st julian's itself is named after st julius of caerleon the roman martyr	0	0	2
/opt/gpfs/users/shuai/work/block-conversion-b2/OmniVoice/results_b2_steps32/seedtts_en/common_voice_en_19043111-common_voice_en_19043119.wav	0.16666666666666666	ford is approximately two hundred years old as supported by the books	ford is approximately 200 years old as supported by the books	0	1	1
/opt/gpfs/users/shuai/work/block-conversion-b2/OmniVoice/results_b2_steps32/seedtts_en/common_voice_en_19049396-common_voice_en_19049393.wav	0.0	another may have been wood's record of working well with politicians from other parties	another may have been wood's record of working well with politicians from other parties	0	0	0
/opt/gpfs/users/shuai/work/block-conversion-b2/OmniVoice/results_b2_steps32/seedtts_en/common_voice_en_19049396-common_voice_en_19049395.wav	0.0	players begin by selecting one of three factions	players begin by selecting one of three factions	0	0	0
/opt/gpfs/users/shuai/work/block-conversion-b2/OmniVoice/results_b2_steps32/seedtts_en/common_voice_en_19083094-common_voice_en_19083091.wav	0.0	styles and titles can terminate when a marriage is dissolved	styles and titles can terminate when a marriage is dissolved	0	0	0
/opt/gpfs/users/shuai/work/block-conversion-b2/OmniVoice/results_b2_steps32/seedtts_en/common_voice_en_19083094-common_voice_en_19083093.wav	0.21428571428571427	a current list of directors is available from the canadian governor in council here	a current list of directors is available from the canadian governorincouncil here	0	2	1
/opt/gpfs/users/shuai/work/block-conversion-b2/OmniVoice/results_b2_steps32/seedtts_en/common_voice_en_19113286-common_voice_en_19113288.wav	0.0	during the roman imperial era hercules was worshipped locally from hispania through gaul	during the roman imperial era hercules was worshipped locally from hispania through gaul	0	0	0
/opt/gpfs/users/shuai/work/block-conversion-b2/OmniVoice/results_b2_steps32/seedtts_en/common_voice_en_19117097-common_voice_en_19117098.wav	0.0	the railway station is also an important bus interchange station	the railway station is also an important bus interchange station	0	0	0
/opt/gpfs/users/shuai/work/block-conversion-b2/OmniVoice/results_b2_steps32/seedtts_en/common_voice_en_19124597-common_voice_en_19124596.wav	0.25	this area eventually became a center of trade	uh this area eventually became a center of trade uh	2	0	0
/opt/gpfs/users/shuai/work/block-conversion-b2/OmniVoice/results_b2_steps32/seedtts_en/common_voice_en_19152197-common_voice_en_19152196.wav	0.0	he lives in a tent smokes a pipe and plays the harmonica	he lives in a tent smokes a pipe and plays the harmonica	0	0	0
/opt/gpfs/users/shuai/work/block-conversion-b2/OmniVoice/results_b2_steps32/seedtts_en/common_voice_en_19152197-common_voice_en_19152198.wav	0.08333333333333333	with edgar she was cordial but with miriam cold and rather grudging	with edgar she was cordial but with miriam cold and rather grudging ah	1	0	0
/opt/gpfs/users/shuai/work/block-conversion-b2/OmniVoice/results_b2_steps32/seedtts_en/common_voice_en_19176854-common_voice_en_19176853.wav	0.1	counce died in los angeles california of a heart attack	counts died in los angeles california of a heart attack	0	0	1
/opt/gpfs/users/shuai/work/block-conversion-b2/OmniVoice/results_b2_steps32/seedtts_en/common_voice_en_19176854-common_voice_en_19176856.wav	0.0	at first the army reported that tillman had been killed by enemy fire	at first the army reported that tillman had been killed by enemy fire	0	0	0
/opt/gpfs/users/shuai/work/block-conversion-b2/OmniVoice/results_b2_steps32/seedtts_en/common_voice_en_19211875-common_voice_en_19211870.wav	0.0	the airport is served by calm air and perimeter aviation with flights to winnipeg	the airport is served by calm air and perimeter aviation with flights to winnipeg	0	0	0
/opt/gpfs/users/shuai/work/block-conversion-b2/OmniVoice/results_b2_steps32/seedtts_en/common_voice_en_19254683-common_voice_en_19254685.wav	0.0	it mostly featured songs that the band had never played live before	it mostly featured songs that the band had never played live before	0	0	0
/opt/gpfs/users/shuai/work/block-conversion-b2/OmniVoice/results_b2_steps32/seedtts_en/common_voice_en_19254683-common_voice_en_19254687.wav	0.3333333333333333	this generation saw strong console wars	uh this generation saw strong console wars uh	2	0	0
/opt/gpfs/users/shuai/work/block-conversion-b2/OmniVoice/results_b2_steps32/seedtts_en/common_voice_en_19277026-common_voice_en_19277029.wav	0.07692307692307693	species in this family may be heavily scaled and can be very colourful	species in this family may be heavily scaled and can be very colorful	0	0	1
/opt/gpfs/users/shuai/work/block-conversion-b2/OmniVoice/results_b2_steps32/seedtts_en/common_voice_en_19284142-common_voice_en_19284143.wav	0.0	you aren't positive you're negative	you aren't positive you're negative	0	0	0
/opt/gpfs/users/shuai/work/block-conversion-b2/OmniVoice/results_b2_steps32/seedtts_en/common_voice_en_19284142-common_voice_en_19284144.wav	0.0	it is one of two national park service properties in illinois	it is one of two national park service properties in illinois	0	0	0
/opt/gpfs/users/shuai/work/block-conversion-b2/OmniVoice/results_b2_steps32/seedtts_en/common_voice_en_19289713-common_voice_en_19289715.wav	0.0	it then located one of franklin's two ships preserved in good condition	it then located one of franklin's two ships preserved in good condition	0	0	0
/opt/gpfs/users/shuai/work/block-conversion-b2/OmniVoice/results_b2_steps32/seedtts_en/common_voice_en_19294198-common_voice_en_19294199.wav	0.09090909090909091	siepen is divorced and has a son from his first marriage	sepin is divorced and has a son from his first marriage	0	0	1
/opt/gpfs/users/shuai/work/block-conversion-b2/OmniVoice/results_b2_steps32/seedtts_en/common_voice_en_19294198-common_voice_en_19294200.wav	0.0	her mental health deteriorated in the following years	her mental health deteriorated in the following years	0	0	0
/opt/gpfs/users/shuai/work/block-conversion-b2/OmniVoice/results_b2_steps32/seedtts_en/common_voice_en_19343495-common_voice_en_19343496.wav	0.0	the interior of the complex can be explored with google street view	the interior of the complex can be explored with google street view	0	0	0
/opt/gpfs/users/shuai/work/block-conversion-b2/OmniVoice/results_b2_steps32/seedtts_en/common_voice_en_19343495-common_voice_en_19343497.wav	0.1111111111111111	he also regularly attends events with the royal family	he also regularly attends events with the royal family uh	1	0	0
/opt/gpfs/users/shuai/work/block-conversion-b2/OmniVoice/results_b2_steps32/seedtts_en/common_voice_en_19345360-common_voice_en_19345358.wav	0.07692307692307693	the tuesday market is held by the blue bridge over the river iro	the tuesday market is held by the blue bridge over the river eero	0	0	1
/opt/gpfs/users/shuai/work/block-conversion-b2/OmniVoice/results_b2_steps32/seedtts_en/common_voice_en_19345360-common_voice_en_19345359.wav	0.0	he studied in lausanne and lived with his parents whose marriage was breaking up	he studied in lausanne and lived with his parents whose marriage was breaking up	0	0	0
/opt/gpfs/users/shuai/work/block-conversion-b2/OmniVoice/results_b2_steps32/seedtts_en/common_voice_en_19361636-common_voice_en_19361634.wav	0.0	she stars also in the sequel to mirrors which is directed by victor garcia	she stars also in the sequel to mirrors which is directed by victor garcia	0	0	0
/opt/gpfs/users/shuai/work/block-conversion-b2/OmniVoice/results_b2_steps32/seedtts_en/common_voice_en_19361636-common_voice_en_19361635.wav	0.0	his interpretation of a doctrine of free will became known as pelagianism	his interpretation of a doctrine of free will became known as pelagianism	0	0	0
/opt/gpfs/users/shuai/work/block-conversion-b2/OmniVoice/results_b2_steps32/seedtts_en/common_voice_en_19384720-common_voice_en_19384721.wav	0.0	several pieces of public art were also commissioned for the site	several pieces of public art were also commissioned for the site	0	0	0
/opt/gpfs/users/shuai/work/block-conversion-b2/OmniVoice/results_b2_steps32/seedtts_en/common_voice_en_19397397-common_voice_en_19397399.wav	0.14285714285714285	his wife ginny survives him with their son two grandchildren and a great grandchild	his wife ginny survives him with their son two grandchildren and a greatgrandchild	0	1	1
/opt/gpfs/users/shuai/work/block-conversion-b2/OmniVoice/results_b2_steps32/seedtts_en/common_voice_en_19397397-common_voice_en_19397407.wav	0.0	after the war may returned to work in the textiles industry	after the war may returned to work in the textiles industry	0	0	0
/opt/gpfs/users/shuai/work/block-conversion-b2/OmniVoice/results_b2_steps32/seedtts_en/common_voice_en_19401124-common_voice_en_19401123.wav	0.0	the population engages primarily in agriculture particularly the cultivation of tobacco	the population engages primarily in agriculture particularly the cultivation of tobacco	0	0	0
/opt/gpfs/users/shuai/work/block-conversion-b2/OmniVoice/results_b2_steps32/seedtts_en/common_voice_en_19401124-common_voice_en_19401125.wav	0.0	apart from the aforementioned teams no one has won more than five titles	apart from the aforementioned teams no one has won more than five titles	0	0	0
/opt/gpfs/users/shuai/work/block-conversion-b2/OmniVoice/results_b2_steps32/seedtts_en/common_voice_en_19428391-common_voice_en_19428392.wav	0.0	shortly before the election however the merging attempt failed	shortly before the election however the merging attempt failed	0	0	0
/opt/gpfs/users/shuai/work/block-conversion-b2/OmniVoice/results_b2_steps32/seedtts_en/common_voice_en_19428391-common_voice_en_19428396.wav	0.1	during that time the first district elected its own representative	during that time the first district elected its own representative oh	1	0	0
/opt/gpfs/users/shuai/work/block-conversion-b2/OmniVoice/results_b2_steps32/seedtts_en/common_voice_en_19449066-common_voice_en_19449075.wav	0.0	this marks the culmination of the physical education program in which every student participates	this marks the culmination of the physical education program in which every student participates	0	0	0
/opt/gpfs/users/shuai/work/block-conversion-b2/OmniVoice/results_b2_steps32/seedtts_en/common_voice_en_19449066-common_voice_en_19449076.wav	0.0	he received several awards from the beard liberation front including beard of the year	he received several awards from the beard liberation front including beard of the year	0	0	0
/opt/gpfs/users/shuai/work/block-conversion-b2/OmniVoice/results_b2_steps32/seedtts_en/common_voice_en_19455206-common_voice_en_19455208.wav	0.0	you know the rules three rounds best skill wins	you know the rules three rounds best skill wins	0	0	0
/opt/gpfs/users/shuai/work/block-conversion-b2/OmniVoice/results_b2_steps32/seedtts_en/common_voice_en_19455206-common_voice_en_19455210.wav	0.0	the land is volcanic in origin with mountains in the interior	the land is volcanic in origin with mountains in the interior	0	0	0
/opt/gpfs/users/shuai/work/block-conversion-b2/OmniVoice/results_b2_steps32/seedtts_en/common_voice_en_19481268-common_voice_en_19481267.wav	0.0	the reasons are that the manager and the chairman could not agree future policy	the reasons are that the manager and the chairman could not agree future policy	0	0	0
/opt/gpfs/users/shuai/work/block-conversion-b2/OmniVoice/results_b2_steps32/seedtts_en/common_voice_en_19481268-common_voice_en_19481270.wav	0.0	they had three sons and lived mainly in wolvercote oxford	they had three sons and lived mainly in wolvercote oxford	0	0	0
/opt/gpfs/users/shuai/work/block-conversion-b2/OmniVoice/results_b2_steps32/seedtts_en/common_voice_en_19496235-common_voice_en_19496229.wav	0.0	the executive board overturned this recommendation and the lightweight rowing has been continued	the executive board overturned this recommendation and the lightweight rowing has been continued	0	0	0
/opt/gpfs/users/shuai/work/block-conversion-b2/OmniVoice/results_b2_steps32/seedtts_en/common_voice_en_19496235-common_voice_en_19496266.wav	0.07142857142857142	derfel eventually fell in love with nimue though she did not reciprocate his feelings	durfel eventually fell in love with nimue though she did not reciprocate his feelings	0	0	1
/opt/gpfs/users/shuai/work/block-conversion-b2/OmniVoice/results_b2_steps32/seedtts_en/common_voice_en_19517720-common_voice_en_19517721.wav	0.0	he is an elder in the presbyterian church in ireland	he is an elder in the presbyterian church in ireland	0	0	0
/opt/gpfs/users/shuai/work/block-conversion-b2/OmniVoice/results_b2_steps32/seedtts_en/common_voice_en_19527999-common_voice_en_19528000.wav	0.14285714285714285	he is now president of ramblers scotland	he is now president of rambler scotland	0	0	1
/opt/gpfs/users/shuai/work/block-conversion-b2/OmniVoice/results_b2_steps32/seedtts_en/common_voice_en_19527999-common_voice_en_19528002.wav	0.0	eventually the nomenclature was standardized to the conventions used today	eventually the nomenclature was standardized to the conventions used today	0	0	0
/opt/gpfs/users/shuai/work/block-conversion-b2/OmniVoice/results_b2_steps32/seedtts_en/common_voice_en_19531363-common_voice_en_19531364.wav	0.0	castle bids farewell to his associates and faces his death without fear	castle bids farewell to his associates and faces his death without fear	0	0	0
/opt/gpfs/users/shuai/work/block-conversion-b2/OmniVoice/results_b2_steps32/seedtts_en/common_voice_en_19540120-common_voice_en_19540122.wav	0.1	he originally studied architecture at the university of cape town	he originally studied architecture at the university of cape town uh	1	0	0
/opt/gpfs/users/shuai/work/block-conversion-b2/OmniVoice/results_b2_steps32/seedtts_en/common_voice_en_19560742-common_voice_en_19560741.wav	0.0	tverdovsky now lives with his wife and children in the united states	tverdovsky now lives with his wife and children in the united states	0	0	0
/opt/gpfs/users/shuai/work/block-conversion-b2/OmniVoice/results_b2_steps32/seedtts_en/common_voice_en_19560742-common_voice_en_19560749.wav	0.0	back at stadium mark he once again found himself on the bench	back at stadium mark he once again found himself on the bench	0	0	0
/opt/gpfs/users/shuai/work/block-conversion-b2/OmniVoice/results_b2_steps32/seedtts_en/common_voice_en_19579295-common_voice_en_19579294.wav	0.08333333333333333	zabuton are found throughout japan and enter many aspects of the culture	zabutan are found throughout japan and enter many aspects of the culture	0	0	1
/opt/gpfs/users/shuai/work/block-conversion-b2/OmniVoice/results_b2_steps32/seedtts_en/common_voice_en_19579295-common_voice_en_19579310.wav	0.0	russo was thrown out of his car and died immediately	russo was thrown out of his car and died immediately	0	0	0
/opt/gpfs/users/shuai/work/block-conversion-b2/OmniVoice/results_b2_steps32/seedtts_en/common_voice_en_19599129-common_voice_en_19599130.wav	0.0	he repeatedly was engaged in operational work in europe and asia	he repeatedly was engaged in operational work in europe and asia	0	0	0
/opt/gpfs/users/shuai/work/block-conversion-b2/OmniVoice/results_b2_steps32/seedtts_en/common_voice_en_19602798-common_voice_en_19602797.wav	0.0	staff do not always do enough to prevent violence	staff do not always do enough to prevent violence	0	0	0
/opt/gpfs/users/shuai/work/block-conversion-b2/OmniVoice/results_b2_steps32/seedtts_en/common_voice_en_19608801-common_voice_en_19608806.wav	0.18181818181818182	a total of six soundtracks were released by sony music entertainment	uh a total of six soundtracks were released by sony music entertainment uh	2	0	0
/opt/gpfs/users/shuai/work/block-conversion-b2/OmniVoice/results_b2_steps32/seedtts_en/common_voice_en_19619551-common_voice_en_19619549.wav	0.0	movies made for television are not included	movies made for television are not included	0	0	0
/opt/gpfs/users/shuai/work/block-conversion-b2/OmniVoice/results_b2_steps32/seedtts_en/common_voice_en_19619551-common_voice_en_19619550.wav	0.0	he worked as a school janitor to pay his tuition	he worked as a school janitor to pay his tuition	0	0	0
/opt/gpfs/users/shuai/work/block-conversion-b2/OmniVoice/results_b2_steps32/seedtts_en/common_voice_en_19619855-common_voice_en_19619858.wav	0.0	excessive efforts to control or exploit agents of influence can also have negative consequences	excessive efforts to control or exploit agents of influence can also have negative consequences	0	0	0
/opt/gpfs/users/shuai/work/block-conversion-b2/OmniVoice/results_b2_steps32/seedtts_en/common_voice_en_19622969-common_voice_en_19622970.wav	0.0	he makes the frames himself those being part of the painting	he makes the frames himself those being part of the painting	0	0	0
/opt/gpfs/users/shuai/work/block-conversion-b2/OmniVoice/results_b2_steps32/seedtts_en/common_voice_en_19622969-common_voice_en_19622971.wav	0.07142857142857142	a skunk's spray is powerful enough to ward off bears and other potential attackers	a skunk spray is powerful enough to ward off bears and other potential attackers	0	0	1
/opt/gpfs/users/shuai/work/block-conversion-b2/OmniVoice/results_b2_steps32/seedtts_en/common_voice_en_19629167-common_voice_en_19629165.wav	0.0	the rest of the road winds through the forests of northern florida	the rest of the road winds through the forests of northern florida	0	0	0
/opt/gpfs/users/shuai/work/block-conversion-b2/OmniVoice/results_b2_steps32/seedtts_en/common_voice_en_19629167-common_voice_en_19629166.wav	0.0	the murals draw on the gospel of john and the book of revelation	the murals draw on the gospel of john and the book of revelation	0	0	0
/opt/gpfs/users/shuai/work/block-conversion-b2/OmniVoice/results_b2_steps32/seedtts_en/common_voice_en_19632634-common_voice_en_19632638.wav	0.07692307692307693	his father gordon jolley played for the detroit lions and the seattle seahawks	his father gordon jolly played for the detroit lions and the seattle seahawks	0	0	1
/opt/gpfs/users/shuai/work/block-conversion-b2/OmniVoice/results_b2_steps32/seedtts_en/common_voice_en_19632634-common_voice_en_19632644.wav	0.0	it then became part of poland	it then became part of poland	0	0	0
/opt/gpfs/users/shuai/work/block-conversion-b2/OmniVoice/results_b2_steps32/seedtts_en/common_voice_en_19635046-common_voice_en_19635047.wav	0.0	with his promotion to colonel he was named director of personnel	with his promotion to colonel he was named director of personnel	0	0	0
/opt/gpfs/users/shuai/work/block-conversion-b2/OmniVoice/results_b2_steps32/seedtts_en/common_voice_en_19635046-common_voice_en_19635048.wav	0.0	his name is the same as that of the ancient egyptian god amun	his name is the same as that of the ancient egyptian god amun	0	0	0
/opt/gpfs/users/shuai/work/block-conversion-b2/OmniVoice/results_b2_steps32/seedtts_en/common_voice_en_19636954-common_voice_en_19636955.wav	0.0	a statue of the king stands at the southwest entrance to the park	a statue of the king stands at the southwest entrance to the park	0	0	0
/opt/gpfs/users/shuai/work/block-conversion-b2/OmniVoice/results_b2_steps32/seedtts_en/common_voice_en_19638442-common_voice_en_19638444.wav	0.08333333333333333	after his execution ogilvie's followers were rounded up and put in jail	after his execution ogilvy's followers were rounded up and put in jail	0	0	1
/opt/gpfs/users/shuai/work/block-conversion-b2/OmniVoice/results_b2_steps32/seedtts_en/common_voice_en_19638442-common_voice_en_19638447.wav	0.0	the chronicles do not elucidate the motives for the rebellion	the chronicles do not elucidate the motives for the rebellion	0	0	0
/opt/gpfs/users/shuai/work/block-conversion-b2/OmniVoice/results_b2_steps32/seedtts_en/common_voice_en_19640906-common_voice_en_19640909.wav	0.0	livingston relocated to chicago and became involved in the local theater scene	livingston relocated to chicago and became involved in the local theater scene	0	0	0
/opt/gpfs/users/shuai/work/block-conversion-b2/OmniVoice/results_b2_steps32/seedtts_en/common_voice_en_19641039-common_voice_en_19641037.wav	0.0	it was named in honor of simon kenton a pioneer of kentucky	it was named in honor of simon kenton a pioneer of kentucky	0	0	0
/opt/gpfs/users/shuai/work/block-conversion-b2/OmniVoice/results_b2_steps32/seedtts_en/common_voice_en_19641039-common_voice_en_19641038.wav	1.0	he studied computer science at imperial college london	uh	0	7	1
/opt/gpfs/users/shuai/work/block-conversion-b2/OmniVoice/results_b2_steps32/seedtts_en/common_voice_en_19641789-common_voice_en_19641784.wav	0.0	alone he considers taking his own life	alone he considers taking his own life	0	0	0
/opt/gpfs/users/shuai/work/block-conversion-b2/OmniVoice/results_b2_steps32/seedtts_en/common_voice_en_19641789-common_voice_en_19641791.wav	0.0	the village is also the birthplace of the actor john mills	the village is also the birthplace of the actor john mills	0	0	0
/opt/gpfs/users/shuai/work/block-conversion-b2/OmniVoice/results_b2_steps32/seedtts_en/common_voice_en_19656513-common_voice_en_19656518.wav	0.0	when an infected file is executed alabama goes memory resident	when an infected file is executed alabama goes memory resident	0	0	0
/opt/gpfs/users/shuai/work/block-conversion-b2/OmniVoice/results_b2_steps32/seedtts_en/common_voice_en_19656513-common_voice_en_19656571.wav	0.0	for her friday nights and her french lessons were gone	for her friday nights and her french lessons were gone	0	0	0
/opt/gpfs/users/shuai/work/block-conversion-b2/OmniVoice/results_b2_steps32/seedtts_en/common_voice_en_19665909-common_voice_en_19665910.wav	0.1	the reagan administration also asked congress to ease the rule	the reagan administration also asked congress to ease the rule uh	1	0	0
/opt/gpfs/users/shuai/work/block-conversion-b2/OmniVoice/results_b2_steps32/seedtts_en/common_voice_en_19665909-common_voice_en_19665911.wav	0.0	winter afternoons are cool and frequently sunny but mornings are freezing to frigid	winter afternoons are cool and frequently sunny but mornings are freezing to frigid	0	0	0
/opt/gpfs/users/shuai/work/block-conversion-b2/OmniVoice/results_b2_steps32/seedtts_en/common_voice_en_19669708-common_voice_en_19669702.wav	0.0	marriage alliances were common	marriage alliances were common	0	0	0
/opt/gpfs/users/shuai/work/block-conversion-b2/OmniVoice/results_b2_steps32/seedtts_en/common_voice_en_19669708-common_voice_en_19669704.wav	0.0	they study subjects such as mathematics and english	they study subjects such as mathematics and english	0	0	0
/opt/gpfs/users/shuai/work/block-conversion-b2/OmniVoice/results_b2_steps32/seedtts_en/common_voice_en_19670166-common_voice_en_19670165.wav	0.0	she can also hide her young in the leaves while searching for food	she can also hide her young in the leaves while searching for food	0	0	0
/opt/gpfs/users/shuai/work/block-conversion-b2/OmniVoice/results_b2_steps32/seedtts_en/common_voice_en_19670674-common_voice_en_19670675.wav	0.75	and they're really good	and	0	3	0
/opt/gpfs/users/shuai/work/block-conversion-b2/OmniVoice/results_b2_steps32/seedtts_en/common_voice_en_19670674-common_voice_en_19670676.wav	0.0	a roman road ran north from hamworthy to badbury rings a roman transport hub	a roman road ran north from hamworthy to badbury rings a roman transport hub	0	0	0
/opt/gpfs/users/shuai/work/block-conversion-b2/OmniVoice/results_b2_steps32/seedtts_en/common_voice_en_19671290-common_voice_en_19671292.wav	0.08333333333333333	colonel john haslet quickly reassigned him to duty as the regimental surgeon	colonel john haslett quickly reassigned him to duty as the regimental surgeon	0	0	1
/opt/gpfs/users/shuai/work/block-conversion-b2/OmniVoice/results_b2_steps32/seedtts_en/common_voice_en_19671290-common_voice_en_19671293.wav	0.08333333333333333	in her country she is also well known for her popularization activities	in her country she is also well known for her popularization activities uh	1	0	0
/opt/gpfs/users/shuai/work/block-conversion-b2/OmniVoice/results_b2_steps32/seedtts_en/common_voice_en_19686152-common_voice_en_19686154.wav	0.0	but the weather became bad and adverse winds drove him westward	but the weather became bad and adverse winds drove him westward	0	0	0
/opt/gpfs/users/shuai/work/block-conversion-b2/OmniVoice/results_b2_steps32/seedtts_en/common_voice_en_19686493-common_voice_en_19686494.wav	0.0	gordon battelle an ohio native who sought to introduce a resolution for gradual emancipation	gordon battelle an ohio native who sought to introduce a resolution for gradual emancipation	0	0	0
/opt/gpfs/users/shuai/work/block-conversion-b2/OmniVoice/results_b2_steps32/seedtts_en/common_voice_en_19686493-common_voice_en_19686496.wav	0.0	the rest of the money can be based on playing time	the rest of the money can be based on playing time	0	0	0
/opt/gpfs/users/shuai/work/block-conversion-b2/OmniVoice/results_b2_steps32/seedtts_en/common_voice_en_19690002-common_voice_en_19690001.wav	0.0	it can also be used on structural steel if certain precautions are observed	it can also be used on structural steel if certain precautions are observed	0	0	0
/opt/gpfs/users/shuai/work/block-conversion-b2/OmniVoice/results_b2_steps32/seedtts_en/common_voice_en_19690002-common_voice_en_19690003.wav	0.9166666666666666	former australian captain steve waugh referred to the practice as 'mental disintegration'	former	0	11	0
/opt/gpfs/users/shuai/work/block-conversion-b2/OmniVoice/results_b2_steps32/seedtts_en/common_voice_en_19691556-common_voice_en_19691557.wav	0.0	the law has been replaced twice since then	the law has been replaced twice since then	0	0	0
/opt/gpfs/users/shuai/work/block-conversion-b2/OmniVoice/results_b2_steps32/seedtts_en/common_voice_en_19691845-common_voice_en_19691840.wav	0.0	select locations provide tutorial rooms for learners to use free of charge	select locations provide tutorial rooms for learners to use free of charge	0	0	0
/opt/gpfs/users/shuai/work/block-conversion-b2/OmniVoice/results_b2_steps32/seedtts_en/common_voice_en_19691845-common_voice_en_19691884.wav	1.0	there is a growing body of case law on bayhdole	thank you	0	8	2
/opt/gpfs/users/shuai/work/block-conversion-b2/OmniVoice/results_b2_steps32/seedtts_en/common_voice_en_19692939-common_voice_en_19693060.wav	0.0	soon after obtaining her degree she returned to brazil	soon after obtaining her degree she returned to brazil	0	0	0
/opt/gpfs/users/shuai/work/block-conversion-b2/OmniVoice/results_b2_steps32/seedtts_en/common_voice_en_19695366-common_voice_en_19695364.wav	0.07692307692307693	comer's administration applied the increases in spending for education only of white students	kummer's administration applied the increases in spending for education only of white students	0	0	1
/opt/gpfs/users/shuai/work/block-conversion-b2/OmniVoice/results_b2_steps32/seedtts_en/common_voice_en_19698719-common_voice_en_19698716.wav	0.0	his first project with the company was echo night for the playstation	his first project with the company was echo night for the playstation	0	0	0
/opt/gpfs/users/shuai/work/block-conversion-b2/OmniVoice/results_b2_steps32/seedtts_en/common_voice_en_19698719-common_voice_en_19698718.wav	0.0	the county is an alcohol prohibition or dry county	the county is an alcohol prohibition or dry county	0	0	0
/opt/gpfs/users/shuai/work/block-conversion-b2/OmniVoice/results_b2_steps32/seedtts_en/common_voice_en_19701583-common_voice_en_19701587.wav	0.0	he also obtained the authorizations to fly predator drones over yemen	he also obtained the authorizations to fly predator drones over yemen	0	0	0
/opt/gpfs/users/shuai/work/block-conversion-b2/OmniVoice/results_b2_steps32/seedtts_en/common_voice_en_19701583-common_voice_en_19701588.wav	0.0	cribb was born near bristol but moved to london before starting professional fighting	cribb was born near bristol but moved to london before starting professional fighting	0	0	0
/opt/gpfs/users/shuai/work/block-conversion-b2/OmniVoice/results_b2_steps32/seedtts_en/common_voice_en_19706873-common_voice_en_19706870.wav	0.3	he was offered a 'one year tour' playing with alice	he was offered a oneyear tour playing with alice	0	1	2
/opt/gpfs/users/shuai/work/block-conversion-b2/OmniVoice/results_b2_steps32/seedtts_en/common_voice_en_19714465-common_voice_en_19714469.wav	0.0	this means that generic terms are generally not afforded any legal protection	this means that generic terms are generally not afforded any legal protection	0	0	0
/opt/gpfs/users/shuai/work/block-conversion-b2/OmniVoice/results_b2_steps32/seedtts_en/common_voice_en_19717736-common_voice_en_19717739.wav	0.0	vernon signal engineer	vernon signal engineer	0	0	0
/opt/gpfs/users/shuai/work/block-conversion-b2/OmniVoice/results_b2_steps32/seedtts_en/common_voice_en_19722359-common_voice_en_19722362.wav	0.0	other infrastructure soon followed	other infrastructure soon followed	0	0	0
/opt/gpfs/users/shuai/work/block-conversion-b2/OmniVoice/results_b2_steps32/seedtts_en/common_voice_en_19722359-common_voice_en_19722397.wav	0.1111111111111111	however this effect is counterbalanced for selection against infertility	however this effect is counterbalanced for selection against infertility ah	1	0	0
/opt/gpfs/users/shuai/work/block-conversion-b2/OmniVoice/results_b2_steps32/seedtts_en/common_voice_en_19724030-common_voice_en_19724028.wav	0.0	it presents weapons vehicles and uniforms as well as abundant documentation history	it presents weapons vehicles and uniforms as well as abundant documentation history	0	0	0
/opt/gpfs/users/shuai/work/block-conversion-b2/OmniVoice/results_b2_steps32/seedtts_en/common_voice_en_19724030-common_voice_en_19724029.wav	0.0	one variation assigns a point based on the pair rolled rather than the singleton	one variation assigns a point based on the pair rolled rather than the singleton	0	0	0
/opt/gpfs/users/shuai/work/block-conversion-b2/OmniVoice/results_b2_steps32/seedtts_en/common_voice_en_19724242-common_voice_en_19724243.wav	0.0	the brewery is best known for its harpoon india pale ale	the brewery is best known for its harpoon india pale ale	0	0	0
/opt/gpfs/users/shuai/work/block-conversion-b2/OmniVoice/results_b2_steps32/seedtts_en/common_voice_en_19724242-common_voice_en_19724245.wav	0.15384615384615385	the show also featured a walk on appearance from clements as benny baritone	the show also featured a walkon appearance from clements as benny baritone	0	1	1
/opt/gpfs/users/shuai/work/block-conversion-b2/OmniVoice/results_b2_steps32/seedtts_en/common_voice_en_19724475-common_voice_en_19724484.wav	0.0	a golden crown sits above the shield	a golden crown sits above the shield	0	0	0
/opt/gpfs/users/shuai/work/block-conversion-b2/OmniVoice/results_b2_steps32/seedtts_en/common_voice_en_19724850-common_voice_en_19724899.wav	0.0	his father was a professor of genetic engineering at louisiana state university	his father was a professor of genetic engineering at louisiana state university	0	0	0
/opt/gpfs/users/shuai/work/block-conversion-b2/OmniVoice/results_b2_steps32/seedtts_en/common_voice_en_19724850-common_voice_en_19724900.wav	0.0	rooftop mounted for homes with no attics	rooftop mounted for homes with no attics	0	0	0
/opt/gpfs/users/shuai/work/block-conversion-b2/OmniVoice/results_b2_steps32/seedtts_en/common_voice_en_19726989-common_voice_en_19726988.wav	0.0	he is a cranky hostile suspicious old man who appears to be a fugitive	he is a cranky hostile suspicious old man who appears to be a fugitive	0	0	0
/opt/gpfs/users/shuai/work/block-conversion-b2/OmniVoice/results_b2_steps32/seedtts_en/common_voice_en_19726989-common_voice_en_19726990.wav	0.0	i came to offer myself as escort to your mother	i came to offer myself as escort to your mother	0	0	0
/opt/gpfs/users/shuai/work/block-conversion-b2/OmniVoice/results_b2_steps32/seedtts_en/common_voice_en_19727183-common_voice_en_19727184.wav	0.14285714285714285	he was buried in saint peter's basilica	he was buried in st peter's basilica	0	0	1
/opt/gpfs/users/shuai/work/block-conversion-b2/OmniVoice/results_b2_steps32/seedtts_en/common_voice_en_19727183-common_voice_en_19727187.wav	0.0	all listings are with original names	all listings are with original names	0	0	0
/opt/gpfs/users/shuai/work/block-conversion-b2/OmniVoice/results_b2_steps32/seedtts_en/common_voice_en_19729972-common_voice_en_19729973.wav	0.15384615384615385	in other words it is a symmetric function of the pair of triangles	uh in other words it is a symmetric function of the pair of triangles uh	2	0	0
/opt/gpfs/users/shuai/work/block-conversion-b2/OmniVoice/results_b2_steps32/seedtts_en/common_voice_en_19729972-common_voice_en_19729975.wav	0.0	the carpet loom made his name widely known	the carpet loom made his name widely known	0	0	0
/opt/gpfs/users/shuai/work/block-conversion-b2/OmniVoice/results_b2_steps32/seedtts_en/common_voice_en_19730681-common_voice_en_19730680.wav	0.0	underwater demolition specialists may still be referred to as underwater demolition teams	underwater demolition specialists may still be referred to as underwater demolition teams	0	0	0
/opt/gpfs/users/shuai/work/block-conversion-b2/OmniVoice/results_b2_steps32/seedtts_en/common_voice_en_19730681-common_voice_en_19730683.wav	0.0	in general however some method is then needed to evaluate each approximation	in general however some method is then needed to evaluate each approximation	0	0	0
/opt/gpfs/users/shuai/work/block-conversion-b2/OmniVoice/results_b2_steps32/seedtts_en/common_voice_en_19733143-common_voice_en_19733141.wav	0.0	in both cases the silver was alloyed with copper	in both cases the silver was alloyed with copper	0	0	0
/opt/gpfs/users/shuai/work/block-conversion-b2/OmniVoice/results_b2_steps32/seedtts_en/common_voice_en_19734247-common_voice_en_19734251.wav	0.0	trains draw power from the electric third rail	trains draw power from the electric third rail	0	0	0
/opt/gpfs/users/shuai/work/block-conversion-b2/OmniVoice/results_b2_steps32/seedtts_en/common_voice_en_19734247-common_voice_en_19734252.wav	0.07142857142857142	in the past decade the university has sought to develop a stronger international focus	in the past decade the university has sought to develop a stronger international focus ah	1	0	0
/opt/gpfs/users/shuai/work/block-conversion-b2/OmniVoice/results_b2_steps32/seedtts_en/common_voice_en_19739025-common_voice_en_19739024.wav	0.09090909090909091	it is situated to the north of the centre of darlington	it is situated to the north of the center of darlington	0	0	1
/opt/gpfs/users/shuai/work/block-conversion-b2/OmniVoice/results_b2_steps32/seedtts_en/common_voice_en_19739025-common_voice_en_19739027.wav	0.0	later xander is grabbed by a monster arm from inside his locker	later xander is grabbed by a monster arm from inside his locker	0	0	0
/opt/gpfs/users/shuai/work/block-conversion-b2/OmniVoice/results_b2_steps32/seedtts_en/common_voice_en_19741922-common_voice_en_19741926.wav	0.0	the appalachian trail passes through this section of this national forest	the appalachian trail passes through this section of this national forest	0	0	0
/opt/gpfs/users/shuai/work/block-conversion-b2/OmniVoice/results_b2_steps32/seedtts_en/common_voice_en_19741922-common_voice_en_19741978.wav	0.0	everett and gray went to barcelona as favorites for the gold and silver medals	everett and gray went to barcelona as favorites for the gold and silver medals	0	0	0
/opt/gpfs/users/shuai/work/block-conversion-b2/OmniVoice/results_b2_steps32/seedtts_en/common_voice_en_19744568-common_voice_en_19744566.wav	0.0	it was initially used for a survey of a thousand stars	it was initially used for a survey of a thousand stars	0	0	0
/opt/gpfs/users/shuai/work/block-conversion-b2/OmniVoice/results_b2_steps32/seedtts_en/common_voice_en_19748004-common_voice_en_19748007.wav	0.08333333333333333	kanwal is said to mean snakes indeed in a local aboriginal language	conwall is said to mean snakes indeed in a local aboriginal language	0	0	1
/opt/gpfs/users/shuai/work/block-conversion-b2/OmniVoice/results_b2_steps32/seedtts_en/common_voice_en_19748004-common_voice_en_19748010.wav	0.0	in some species females are also capable of stridulation	in some species females are also capable of stridulation	0	0	0
/opt/gpfs/users/shuai/work/block-conversion-b2/OmniVoice/results_b2_steps32/seedtts_en/common_voice_en_19748971-common_voice_en_19748972.wav	0.0	relief carving can be described as carving pictures in wood	relief carving can be described as carving pictures in wood	0	0	0
/opt/gpfs/users/shuai/work/block-conversion-b2/OmniVoice/results_b2_steps32/seedtts_en/common_voice_en_19748971-common_voice_en_19748974.wav	0.0	some resemble a tulip or a goblet	some resemble a tulip or a goblet	0	0	0
/opt/gpfs/users/shuai/work/block-conversion-b2/OmniVoice/results_b2_steps32/seedtts_en/common_voice_en_19750016-common_voice_en_19750004.wav	0.0	the second stage featured six engines burning liquid hydrogen	the second stage featured six engines burning liquid hydrogen	0	0	0
/opt/gpfs/users/shuai/work/block-conversion-b2/OmniVoice/results_b2_steps32/seedtts_en/common_voice_en_19750016-common_voice_en_19750010.wav	0.0	they have produced national and international champions	they have produced national and international champions	0	0	0
/opt/gpfs/users/shuai/work/block-conversion-b2/OmniVoice/results_b2_steps32/seedtts_en/common_voice_en_19756059-common_voice_en_19756060.wav	0.2	the website has since replaced the word 'hell' with 'heck'	the website has since replaced the word help with heck	0	0	2
/opt/gpfs/users/shuai/work/block-conversion-b2/OmniVoice/results_b2_steps32/seedtts_en/common_voice_en_19756059-common_voice_en_19756062.wav	0.0	he later worked as a journalist and then became a novelist and playwright	he later worked as a journalist and then became a novelist and playwright	0	0	0
/opt/gpfs/users/shuai/work/block-conversion-b2/OmniVoice/results_b2_steps32/seedtts_en/common_voice_en_19760248-common_voice_en_19760249.wav	0.0	he participated in the carolinas campaign the final major campaign in the eastern theater	he participated in the carolinas campaign the final major campaign in the eastern theater	0	0	0
/opt/gpfs/users/shuai/work/block-conversion-b2/OmniVoice/results_b2_steps32/seedtts_en/common_voice_en_19760248-common_voice_en_19760250.wav	0.1	this tended to discourage further development of industry and enterprise	this tended to discourage further development of industry and enterprises	0	0	1
/opt/gpfs/users/shuai/work/block-conversion-b2/OmniVoice/results_b2_steps32/seedtts_en/common_voice_en_19767707-common_voice_en_19767710.wav	0.09090909090909091	grandville's ability for political provocation made his work much in demand	granville's ability for political provocation made his work much in demand	0	0	1
/opt/gpfs/users/shuai/work/block-conversion-b2/OmniVoice/results_b2_steps32/seedtts_en/common_voice_en_19767978-common_voice_en_19767977.wav	0.0	this subsequently was renamed the magazine	this subsequently was renamed the magazine	0	0	0
/opt/gpfs/users/shuai/work/block-conversion-b2/OmniVoice/results_b2_steps32/seedtts_en/common_voice_en_19767978-common_voice_en_19767980.wav	0.0	the airport is also the home to the national weather service pocatello office	the airport is also the home to the national weather service pocatello office	0	0	0
/opt/gpfs/users/shuai/work/block-conversion-b2/OmniVoice/results_b2_steps32/seedtts_en/common_voice_en_19768597-common_voice_en_19768600.wav	0.1	as a result they have strong friendships with saint pauli	as a result they have strong friendships with st pauli	0	0	1
/opt/gpfs/users/shuai/work/block-conversion-b2/OmniVoice/results_b2_steps32/seedtts_en/common_voice_en_19770519-common_voice_en_19770516.wav	0.0	his interests include classical music and literature	his interests include classical music and literature	0	0	0
/opt/gpfs/users/shuai/work/block-conversion-b2/OmniVoice/results_b2_steps32/seedtts_en/common_voice_en_19770519-common_voice_en_19770517.wav	0.0	the ship was also awarded her second battle efficiency e	the ship was also awarded her second battle efficiency e	0	0	0
/opt/gpfs/users/shuai/work/block-conversion-b2/OmniVoice/results_b2_steps32/seedtts_en/common_voice_en_19778240-common_voice_en_19778244.wav	0.08333333333333333	she married david wallett and moved to los angeles to try acting	she married david wallet and moved to los angeles to try acting	0	0	1
/opt/gpfs/users/shuai/work/block-conversion-b2/OmniVoice/results_b2_steps32/seedtts_en/common_voice_en_19778240-common_voice_en_19778260.wav	0.0	he was later granted political asylum by the french government	he was later granted political asylum by the french government	0	0	0
/opt/gpfs/users/shuai/work/block-conversion-b2/OmniVoice/results_b2_steps32/seedtts_en/common_voice_en_19789569-common_voice_en_19789566.wav	0.07692307692307693	it was considered one of the most remarkable engineering feats of the time	it was considered one of the most remarkable engineering feats of the time ah	1	0	0
/opt/gpfs/users/shuai/work/block-conversion-b2/OmniVoice/results_b2_steps32/seedtts_en/common_voice_en_19789569-common_voice_en_19789567.wav	0.0	playing house and pretending to be someone else are examples of this phenomenon	playing house and pretending to be someone else are examples of this phenomenon	0	0	0
/opt/gpfs/users/shuai/work/block-conversion-b2/OmniVoice/results_b2_steps32/seedtts_en/common_voice_en_19791537-common_voice_en_19791538.wav	0.2	it was also the first mission of the luna programme	it was also the first mission of the luna program oh	1	0	1
/opt/gpfs/users/shuai/work/block-conversion-b2/OmniVoice/results_b2_steps32/seedtts_en/common_voice_en_19793104-common_voice_en_19793103.wav	0.0	it is a hermaphroditic fluke that requires two intermediate hosts	it is a hermaphroditic fluke that requires two intermediate hosts	0	0	0
/opt/gpfs/users/shuai/work/block-conversion-b2/OmniVoice/results_b2_steps32/seedtts_en/common_voice_en_19816147-common_voice_en_19816145.wav	0.0	while this solution was workable it was hardly ideal	while this solution was workable it was hardly ideal	0	0	0
/opt/gpfs/users/shuai/work/block-conversion-b2/OmniVoice/results_b2_steps32/seedtts_en/common_voice_en_19816147-common_voice_en_19816166.wav	0.0	his designs often incorporate elements of body horror	his designs often incorporate elements of body horror	0	0	0
/opt/gpfs/users/shuai/work/block-conversion-b2/OmniVoice/results_b2_steps32/seedtts_en/common_voice_en_19819944-common_voice_en_19819945.wav	0.0	the storm caused severe flooding states such as new jersey new york and pennsylvania	the storm caused severe flooding states such as new jersey new york and pennsylvania	0	0	0
/opt/gpfs/users/shuai/work/block-conversion-b2/OmniVoice/results_b2_steps32/seedtts_en/common_voice_en_19819944-common_voice_en_19819946.wav	0.15384615384615385	aside from national championships individual schools worked together to stage annual state championships	aside from national championships individual schools work together to stage annual state championships oh	1	0	1
/opt/gpfs/users/shuai/work/block-conversion-b2/OmniVoice/results_b2_steps32/seedtts_en/common_voice_en_19843546-common_voice_en_19843549.wav	0.0	his parents were henry middleton and mary baker williams both of english descent	his parents were henry middleton and mary baker williams both of english descent	0	0	0
/opt/gpfs/users/shuai/work/block-conversion-b2/OmniVoice/results_b2_steps32/seedtts_en/common_voice_en_19845853-common_voice_en_19845856.wav	0.16666666666666666	the ninth member is the state superintendent of education who is exofficio	the ninth member is the state superintendent of education who is ex officio	1	0	1
/opt/gpfs/users/shuai/work/block-conversion-b2/OmniVoice/results_b2_steps32/seedtts_en/common_voice_en_19854924-common_voice_en_19854923.wav	0.18181818181818182	mario calvo and it currently plays in the salvadoran third division	mario calvo and it currently plays in the salvadoran 3rd division ah	1	0	1
/opt/gpfs/users/shuai/work/block-conversion-b2/OmniVoice/results_b2_steps32/seedtts_en/common_voice_en_19863517-common_voice_en_19863518.wav	0.1	it was named for doctor joseph warren revolutionary war patriot	it was named for dr joseph warren revolutionary war patriot	0	0	1
/opt/gpfs/users/shuai/work/block-conversion-b2/OmniVoice/results_b2_steps32/seedtts_en/common_voice_en_19867710-common_voice_en_19867712.wav	0.0	whilst at college dave met singer and songwriter adrian snell	whilst at college dave met singer and songwriter adrian snell	0	0	0
/opt/gpfs/users/shuai/work/block-conversion-b2/OmniVoice/results_b2_steps32/seedtts_en/common_voice_en_19867710-common_voice_en_19867713.wav	0.0	she trains and lives in toronto	she trains and lives in toronto	0	0	0
/opt/gpfs/users/shuai/work/block-conversion-b2/OmniVoice/results_b2_steps32/seedtts_en/common_voice_en_19869780-common_voice_en_19869779.wav	0.09090909090909091	for example they both consist of predominately older hence redder stars	for example they both consist of predominantly older hence redder stars	0	0	1
/opt/gpfs/users/shuai/work/block-conversion-b2/OmniVoice/results_b2_steps32/seedtts_en/common_voice_en_19869780-common_voice_en_19869781.wav	0.0	you don't know what this means to us out here they said	you don't know what this means to us out here they said	0	0	0
/opt/gpfs/users/shuai/work/block-conversion-b2/OmniVoice/results_b2_steps32/seedtts_en/common_voice_en_19898846-common_voice_en_19898843.wav	0.0	purchasers must buy for investment only and not for resale	purchasers must buy for investment only and not for resale	0	0	0
/opt/gpfs/users/shuai/work/block-conversion-b2/OmniVoice/results_b2_steps32/seedtts_en/common_voice_en_19898846-common_voice_en_19898849.wav	0.0	the freezing of water limits low temperature performance	the freezing of water limits low temperature performance	0	0	0
/opt/gpfs/users/shuai/work/block-conversion-b2/OmniVoice/results_b2_steps32/seedtts_en/common_voice_en_19916471-common_voice_en_19916473.wav	0.0	'coming sir' replied sam running upstairs	'coming sir' replied sam running upstairs	0	0	0
/opt/gpfs/users/shuai/work/block-conversion-b2/OmniVoice/results_b2_steps32/seedtts_en/common_voice_en_19916471-common_voice_en_19916474.wav	0.0	we made a mistake but look what happened someone was assaulted	we made a mistake but look what happened someone was assaulted	0	0	0
/opt/gpfs/users/shuai/work/block-conversion-b2/OmniVoice/results_b2_steps32/seedtts_en/common_voice_en_19933238-common_voice_en_19933256.wav	0.3333333333333333	carnegie high also has two won state titles in boys cross country	carnegie high also has two onestate titles in boys crosscountry	0	2	2
/opt/gpfs/users/shuai/work/block-conversion-b2/OmniVoice/results_b2_steps32/seedtts_en/common_voice_en_19933652-common_voice_en_19933655.wav	0.1	she was a pioneer in the sensory analysis of food	she was a pioneer in the sensory analysis of food ah	1	0	0
/opt/gpfs/users/shuai/work/block-conversion-b2/OmniVoice/results_b2_steps32/seedtts_en/common_voice_en_19933652-common_voice_en_19933661.wav	0.07142857142857142	the school offers a large amount of clubs pertaining to a variety of interests	the school offers a large amount of clubs pertaining to a variety of interests ah	1	0	0
/opt/gpfs/users/shuai/work/block-conversion-b2/OmniVoice/results_b2_steps32/seedtts_en/common_voice_en_19934187-common_voice_en_19934317.wav	0.0	a wide array of topics on business ethics are discussed in the responsa literature	a wide array of topics on business ethics are discussed in the responsa literature	0	0	0
/opt/gpfs/users/shuai/work/block-conversion-b2/OmniVoice/results_b2_steps32/seedtts_en/common_voice_en_19939156-common_voice_en_19939176.wav	0.0	this would occupy him for the rest of his life	this would occupy him for the rest of his life	0	0	0
/opt/gpfs/users/shuai/work/block-conversion-b2/OmniVoice/results_b2_steps32/seedtts_en/common_voice_en_19944630-common_voice_en_19944631.wav	0.0	some conditions are associated with both symmetrical and asymmetrical growth restriction	some conditions are associated with both symmetrical and asymmetrical growth restriction	0	0	0
/opt/gpfs/users/shuai/work/block-conversion-b2/OmniVoice/results_b2_steps32/seedtts_en/common_voice_en_19944630-common_voice_en_19944633.wav	0.25	the ions pass through the selectivity filter of the k channel pore	the ions pass through the selectivity filter of the kchannel core	0	1	2
/opt/gpfs/users/shuai/work/block-conversion-b2/OmniVoice/results_b2_steps32/seedtts_en/common_voice_en_19949855-common_voice_en_19949857.wav	0.125	the team colors were teal red and black	the team colors were red and black	0	1	0
/opt/gpfs/users/shuai/work/block-conversion-b2/OmniVoice/results_b2_steps32/seedtts_en/common_voice_en_19951090-common_voice_en_19951089.wav	0.0	he has also made three solo albums	he has also made three solo albums	0	0	0
/opt/gpfs/users/shuai/work/block-conversion-b2/OmniVoice/results_b2_steps32/seedtts_en/common_voice_en_19951090-common_voice_en_19951091.wav	0.0	fun crazy stuff all the way	fun crazy stuff all the way	0	0	0
/opt/gpfs/users/shuai/work/block-conversion-b2/OmniVoice/results_b2_steps32/seedtts_en/common_voice_en_19961449-common_voice_en_19961451.wav	0.0	in japan he is currently under the cutting edge label	in japan he is currently under the cutting edge label	0	0	0
/opt/gpfs/users/shuai/work/block-conversion-b2/OmniVoice/results_b2_steps32/seedtts_en/common_voice_en_19961449-common_voice_en_19961453.wav	0.0	saba is known as the unspoiled queen of the caribbean	saba is known as the unspoiled queen of the caribbean	0	0	0
/opt/gpfs/users/shuai/work/block-conversion-b2/OmniVoice/results_b2_steps32/seedtts_en/common_voice_en_19967495-common_voice_en_19967497.wav	0.0	the remaining singles failed to hit the dance chart	the remaining singles failed to hit the dance chart	0	0	0
/opt/gpfs/users/shuai/work/block-conversion-b2/OmniVoice/results_b2_steps32/seedtts_en/common_voice_en_19972684-common_voice_en_19972725.wav	0.08333333333333333	the meteorite was sent off into the galaxy to be sealed forever	the meteorite was sent off into the galaxy to be sealed forever uh	1	0	0
/opt/gpfs/users/shuai/work/block-conversion-b2/OmniVoice/results_b2_steps32/seedtts_en/common_voice_en_19972684-common_voice_en_19972807.wav	0.0	many reviewers compared its style to that of the mario kart series	many reviewers compared its style to that of the mario kart series	0	0	0
/opt/gpfs/users/shuai/work/block-conversion-b2/OmniVoice/results_b2_steps32/seedtts_en/common_voice_en_19974164-common_voice_en_19974166.wav	0.0	a few content management implementations cover all these issues	a few content management implementations cover all these issues	0	0	0
/opt/gpfs/users/shuai/work/block-conversion-b2/OmniVoice/results_b2_steps32/seedtts_en/common_voice_en_19977527-common_voice_en_19977526.wav	0.0	that same year a civilian executive version disponent saw the light of day	that same year a civilian executive version disponent saw the light of day	0	0	0
/opt/gpfs/users/shuai/work/block-conversion-b2/OmniVoice/results_b2_steps32/seedtts_en/common_voice_en_19977527-common_voice_en_19977528.wav	0.0	copperopolis was on the main stage road from sonora to sacramento	copperopolis was on the main stage road from sonora to sacramento	0	0	0
/opt/gpfs/users/shuai/work/block-conversion-b2/OmniVoice/results_b2_steps32/seedtts_en/common_voice_en_19979514-common_voice_en_19979516.wav	0.0	the town of norwich is located east of the center of the county	the town of norwich is located east of the center of the county	0	0	0
/opt/gpfs/users/shuai/work/block-conversion-b2/OmniVoice/results_b2_steps32/seedtts_en/common_voice_en_19979514-common_voice_en_19979517.wav	0.2222222222222222	the name is derived from sotho and means 'protection'	the name is derived from sotho and means protection ah	1	0	1
/opt/gpfs/users/shuai/work/block-conversion-b2/OmniVoice/results_b2_steps32/seedtts_en/common_voice_en_19981298-common_voice_en_19981296.wav	0.0	all workers were reported as being employed by governments	all workers were reported as being employed by governments	0	0	0
/opt/gpfs/users/shuai/work/block-conversion-b2/OmniVoice/results_b2_steps32/seedtts_en/common_voice_en_19981298-common_voice_en_19981297.wav	0.0	she founded the salt lake education foundation and served as its director	she founded the salt lake education foundation and served as its director	0	0	0
/opt/gpfs/users/shuai/work/block-conversion-b2/OmniVoice/results_b2_steps32/seedtts_en/common_voice_en_19984445-common_voice_en_19984443.wav	0.09090909090909091	through various illegal means north texas is awarded an expansion franchise	through various illegal means north texas is awarded an expansion franchise oh	1	0	0
/opt/gpfs/users/shuai/work/block-conversion-b2/OmniVoice/results_b2_steps32/seedtts_en/common_voice_en_19984445-common_voice_en_19984446.wav	0.0	rayford starts to read his wife's bible	rayford starts to read his wife's bible	0	0	0
/opt/gpfs/users/shuai/work/block-conversion-b2/OmniVoice/results_b2_steps32/seedtts_en/common_voice_en_19992384-common_voice_en_19992381.wav	0.0	several teams were interested in him including the pittsburgh pirates	several teams were interested in him including the pittsburgh pirates	0	0	0
/opt/gpfs/users/shuai/work/block-conversion-b2/OmniVoice/results_b2_steps32/seedtts_en/common_voice_en_19992384-common_voice_en_19992617.wav	0.2727272727272727	he then moved to belgian side lierse but has since retired	he then moved to belgianside leers but has since retired	0	1	2
/opt/gpfs/users/shuai/work/block-conversion-b2/OmniVoice/results_b2_steps32/seedtts_en/common_voice_en_20005340-common_voice_en_20005341.wav	0.08333333333333333	both resolutions failed in votes that split along the governors' party lines	both resolutions failed in votes that split along the governor's party lines	0	0	1
/opt/gpfs/users/shuai/work/block-conversion-b2/OmniVoice/results_b2_steps32/seedtts_en/common_voice_en_20005340-common_voice_en_20005343.wav	0.0	in another version when players are caught they help the it seek out others	in another version when players are caught they help the it seek out others	0	0	0
/opt/gpfs/users/shuai/work/block-conversion-b2/OmniVoice/results_b2_steps32/seedtts_en/common_voice_en_20006910-common_voice_en_20006909.wav	0.0	in new zealand the rank of superintendent is above inspector and below assistant commissioner	in new zealand the rank of superintendent is above inspector and below assistant commissioner	0	0	0
/opt/gpfs/users/shuai/work/block-conversion-b2/OmniVoice/results_b2_steps32/seedtts_en/common_voice_en_20006910-common_voice_en_20006912.wav	0.0	selected forms are propagated by stem cuttings in micronesia	selected forms are propagated by stem cuttings in micronesia	0	0	0
/opt/gpfs/users/shuai/work/block-conversion-b2/OmniVoice/results_b2_steps32/seedtts_en/common_voice_en_20026430-common_voice_en_20026432.wav	0.0	it has technology and media arts college specialist school status and is an academy	it has technology and media arts college specialist school status and is an academy	0	0	0
/opt/gpfs/users/shuai/work/block-conversion-b2/OmniVoice/results_b2_steps32/seedtts_en/common_voice_en_20027471-common_voice_en_20027469.wav	0.0	the story arc is only titled when it is included in a compilation	the story arc is only titled when it is included in a compilation	0	0	0
/opt/gpfs/users/shuai/work/block-conversion-b2/OmniVoice/results_b2_steps32/seedtts_en/common_voice_en_20027471-common_voice_en_20027487.wav	0.0	it overlooks lake ilopango and san salvador	it overlooks lake ilopango and san salvador	0	0	0
/opt/gpfs/users/shuai/work/block-conversion-b2/OmniVoice/results_b2_steps32/seedtts_en/common_voice_en_20030172-common_voice_en_20030173.wav	0.125	the children of gowanda had school that day	the children of gawanda had school that day	0	0	1
/opt/gpfs/users/shuai/work/block-conversion-b2/OmniVoice/results_b2_steps32/seedtts_en/common_voice_en_20030172-common_voice_en_20030174.wav	0.0	various ecclesiastical areas too small for a diocese are termed prefects	various ecclesiastical areas too small for a diocese are termed prefects	0	0	0
/opt/gpfs/users/shuai/work/block-conversion-b2/OmniVoice/results_b2_steps32/seedtts_en/common_voice_en_20041534-common_voice_en_20041536.wav	0.07142857142857142	copper wire provides an easily manufactured general purpose voice coil at a reasonable cost	copper wire provides an easily manufactured general purpose voice coil at a reasonable cost ah	1	0	0
/opt/gpfs/users/shuai/work/block-conversion-b2/OmniVoice/results_b2_steps32/seedtts_en/common_voice_en_20042516-common_voice_en_20042515.wav	0.07142857142857142	next was the last king of scotland which won an oscar for best actor	next was the last king of scotland which won an oscar for best actor aw	1	0	0
/opt/gpfs/users/shuai/work/block-conversion-b2/OmniVoice/results_b2_steps32/seedtts_en/common_voice_en_20048255-common_voice_en_20048258.wav	0.0	it is the way to drink the locally produced fragrant jasmine black tea	it is the way to drink the locally produced fragrant jasmine black tea	0	0	0
/opt/gpfs/users/shuai/work/block-conversion-b2/OmniVoice/results_b2_steps32/seedtts_en/common_voice_en_20048255-common_voice_en_20048259.wav	0.0	queen who were both fighting for control of the city	queen who were both fighting for control of the city	0	0	0
/opt/gpfs/users/shuai/work/block-conversion-b2/OmniVoice/results_b2_steps32/seedtts_en/common_voice_en_20049071-common_voice_en_20049072.wav	0.09090909090909091	the club was named after the catholic martyr saint john fisher	the club was named after the catholic martyr st john fisher	0	0	1
/opt/gpfs/users/shuai/work/block-conversion-b2/OmniVoice/results_b2_steps32/seedtts_en/common_voice_en_20049071-common_voice_en_20049074.wav	0.0	palmer switched political parties throughout his life starting out a democrat	palmer switched political parties throughout his life starting out a democrat	0	0	0
/opt/gpfs/users/shuai/work/block-conversion-b2/OmniVoice/results_b2_steps32/seedtts_en/common_voice_en_20065698-common_voice_en_20065701.wav	0.25	flood gates were erected and drainage systems improved	floodgates were erected and drainage systems improved	0	1	1
/opt/gpfs/users/shuai/work/block-conversion-b2/OmniVoice/results_b2_steps32/seedtts_en/common_voice_en_20065698-common_voice_en_20065702.wav	0.0	it is a developing area due to the initiation of various educational institutions	it is a developing area due to the initiation of various educational institutions	0	0	0
/opt/gpfs/users/shuai/work/block-conversion-b2/OmniVoice/results_b2_steps32/seedtts_en/common_voice_en_20066900-common_voice_en_20066899.wav	0.0	in some cases the entire subject has been dropped from the merit badge roster	in some cases the entire subject has been dropped from the merit badge roster	0	0	0
/opt/gpfs/users/shuai/work/block-conversion-b2/OmniVoice/results_b2_steps32/seedtts_en/common_voice_en_20066900-common_voice_en_20066901.wav	0.0	several indoor and street shots were also made in that locale	several indoor and street shots were also made in that locale	0	0	0
/opt/gpfs/users/shuai/work/block-conversion-b2/OmniVoice/results_b2_steps32/seedtts_en/common_voice_en_20068182-common_voice_en_20068193.wav	0.07142857142857142	her works lean toward the tragic within a hostile society of vice and violence	her works lean toward the tragic within a hostile society of vice and violence ah	1	0	0
/opt/gpfs/users/shuai/work/block-conversion-b2/OmniVoice/results_b2_steps32/seedtts_en/common_voice_en_20068182-common_voice_en_20068195.wav	0.07692307692307693	her cousin is a former member of the house of representatives in japan	her cousin is a former member of the house of representatives in	0	1	0
/opt/gpfs/users/shuai/work/block-conversion-b2/OmniVoice/results_b2_steps32/seedtts_en/common_voice_en_20080005-common_voice_en_20080006.wav	0.0	it is situated across the northeastern rim of the older and larger crater danjon	it is situated across the northeastern rim of the older and larger crater danjon	0	0	0
/opt/gpfs/users/shuai/work/block-conversion-b2/OmniVoice/results_b2_steps32/seedtts_en/common_voice_en_20089981-common_voice_en_20090015.wav	0.0	the south american plate is in motion	the south american plate is in motion	0	0	0
/opt/gpfs/users/shuai/work/block-conversion-b2/OmniVoice/results_b2_steps32/seedtts_en/common_voice_en_20089981-common_voice_en_20150573.wav	0.0	he has dual american and danish citizenship since his father is danish	he has dual american and danish citizenship since his father is danish	0	0	0
/opt/gpfs/users/shuai/work/block-conversion-b2/OmniVoice/results_b2_steps32/seedtts_en/common_voice_en_20095636-common_voice_en_20095638.wav	0.0	the automatic control system would be redesigned on future soyuz spacecraft	the automatic control system would be redesigned on future soyuz spacecraft	0	0	0
/opt/gpfs/users/shuai/work/block-conversion-b2/OmniVoice/results_b2_steps32/seedtts_en/common_voice_en_20177004-common_voice_en_20177032.wav	0.0	her farces were produced on new york and london stages	her farces were produced on new york and london stages	0	0	0
/opt/gpfs/users/shuai/work/block-conversion-b2/OmniVoice/results_b2_steps32/seedtts_en/common_voice_en_20177004-common_voice_en_20177058.wav	0.0	the album received many good reviews and entered the charts at high positions	the album received many good reviews and entered the charts at high positions	0	0	0
/opt/gpfs/users/shuai/work/block-conversion-b2/OmniVoice/results_b2_steps32/seedtts_en/common_voice_en_20190570-common_voice_en_20190568.wav	0.0	the bridge is located just west of commodore park	the bridge is located just west of commodore park	0	0	0
/opt/gpfs/users/shuai/work/block-conversion-b2/OmniVoice/results_b2_steps32/seedtts_en/common_voice_en_20190570-common_voice_en_20190572.wav	0.0	it is home to mineral area college formerly known as flat river junior college	it is home to mineral area college formerly known as flat river junior college	0	0	0
/opt/gpfs/users/shuai/work/block-conversion-b2/OmniVoice/results_b2_steps32/seedtts_en/common_voice_en_20214898-common_voice_en_20214899.wav	0.0	he writes a column at the detroit news	he writes a column at the detroit news	0	0	0
/opt/gpfs/users/shuai/work/block-conversion-b2/OmniVoice/results_b2_steps32/seedtts_en/common_voice_en_20214898-common_voice_en_20214908.wav	0.0	the community was also once home to two distilleries and a tannery	the community was also once home to two distilleries and a tannery	0	0	0
/opt/gpfs/users/shuai/work/block-conversion-b2/OmniVoice/results_b2_steps32/seedtts_en/common_voice_en_20232770-common_voice_en_20232772.wav	0.15384615384615385	he was also invited to play several dates with w c handy's orchestra	he was also invited to play several dates with wc handy's orchestra	0	1	1
/opt/gpfs/users/shuai/work/block-conversion-b2/OmniVoice/results_b2_steps32/seedtts_en/common_voice_en_20235009-common_voice_en_20235010.wav	0.0	he painted there a history of achilles	he painted there a history of achilles	0	0	0
/opt/gpfs/users/shuai/work/block-conversion-b2/OmniVoice/results_b2_steps32/seedtts_en/common_voice_en_20236234-common_voice_en_20236233.wav	0.0	octavian returned to rome to administer the distribution of land to his veterans	octavian returned to rome to administer the distribution of land to his veterans	0	0	0
/opt/gpfs/users/shuai/work/block-conversion-b2/OmniVoice/results_b2_steps32/seedtts_en/common_voice_en_20236234-common_voice_en_20236236.wav	0.0	the festival is currently based out of new york city	the festival is currently based out of new york city	0	0	0
/opt/gpfs/users/shuai/work/block-conversion-b2/OmniVoice/results_b2_steps32/seedtts_en/common_voice_en_20252760-common_voice_en_20252762.wav	0.0	these included apologetics on behalf of the catholic apostolic church	these included apologetics on behalf of the catholic apostolic church	0	0	0
/opt/gpfs/users/shuai/work/block-conversion-b2/OmniVoice/results_b2_steps32/seedtts_en/common_voice_en_20252760-common_voice_en_20252766.wav	0.07142857142857142	there are three colour combinations that are used on several flags in certain regions	there are three color combinations that are used on several flags in certain regions	0	0	1
/opt/gpfs/users/shuai/work/block-conversion-b2/OmniVoice/results_b2_steps32/seedtts_en/common_voice_en_20262152-common_voice_en_20262155.wav	0.0	this form of legislation would not receive royal assent like acts of parliament do	this form of legislation would not receive royal assent like acts of parliament do	0	0	0
/opt/gpfs/users/shuai/work/block-conversion-b2/OmniVoice/results_b2_steps32/seedtts_en/common_voice_en_20266775-common_voice_en_20266781.wav	0.0	brim also had one child from her first marriage	brim also had one child from her first marriage	0	0	0
/opt/gpfs/users/shuai/work/block-conversion-b2/OmniVoice/results_b2_steps32/seedtts_en/common_voice_en_20273907-common_voice_en_20273911.wav	0.0	numerous ships were queried and boarded to verify their cargo manifests	numerous ships were queried and boarded to verify their cargo manifests	0	0	0
/opt/gpfs/users/shuai/work/block-conversion-b2/OmniVoice/results_b2_steps32/seedtts_en/common_voice_en_20285294-common_voice_en_20285291.wav	0.1	she was named for secretary of the navy isaac toucey	she was named for secretary of the navy isaac toussaint	0	0	1
/opt/gpfs/users/shuai/work/block-conversion-b2/OmniVoice/results_b2_steps32/seedtts_en/common_voice_en_20285294-common_voice_en_20285295.wav	0.0	he was at once a merchant architect and builder	he was at once a merchant architect and builder	0	0	0
/opt/gpfs/users/shuai/work/block-conversion-b2/OmniVoice/results_b2_steps32/seedtts_en/common_voice_en_20289354-common_voice_en_20289351.wav	0.0	in particular the effect of quantum operations stays within the set of density states	in particular the effect of quantum operations stays within the set of density states	0	0	0
/opt/gpfs/users/shuai/work/block-conversion-b2/OmniVoice/results_b2_steps32/seedtts_en/common_voice_en_20289354-common_voice_en_20289353.wav	0.0	starring an older and young bugs bunny and elmer fudd	starring an older and young bugs bunny and elmer fudd	0	0	0
/opt/gpfs/users/shuai/work/block-conversion-b2/OmniVoice/results_b2_steps32/seedtts_en/common_voice_en_20297680-common_voice_en_20297678.wav	0.09090909090909091	he couldn't win the match but did score a glorious try	he couldn't win the match but did score a glorious try uh	1	0	0
/opt/gpfs/users/shuai/work/block-conversion-b2/OmniVoice/results_b2_steps32/seedtts_en/common_voice_en_20297680-common_voice_en_20297682.wav	0.08333333333333333	the ice cream comes out of the french pot ready to eat	ice cream comes out of the french pot ready to eat	0	1	0
/opt/gpfs/users/shuai/work/block-conversion-b2/OmniVoice/results_b2_steps32/seedtts_en/common_voice_en_20303932-common_voice_en_20303930.wav	0.3	kaufman lake is also a popular full day hiking destination	kaufman lake is also a popular fullday hiking destination ah	1	1	1
/opt/gpfs/users/shuai/work/block-conversion-b2/OmniVoice/results_b2_steps32/seedtts_en/common_voice_en_20303932-common_voice_en_20303934.wav	0.0	byron was traditionally a rural area of dairy and vegetable farms	byron was traditionally a rural area of dairy and vegetable farms	0	0	0
/opt/gpfs/users/shuai/work/block-conversion-b2/OmniVoice/results_b2_steps32/seedtts_en/common_voice_en_20304148-common_voice_en_20304149.wav	0.2857142857142857	she was the wealthiest lady in poland	uh she was the wealthiest lady in poland uh	2	0	0
/opt/gpfs/users/shuai/work/block-conversion-b2/OmniVoice/results_b2_steps32/seedtts_en/common_voice_en_20304708-common_voice_en_20304710.wav	0.07692307692307693	africanus and his wife had seven children but only one lived to adulthood	afrikanis and his wife had seven children but only one lived to adulthood	0	0	1
/opt/gpfs/users/shuai/work/block-conversion-b2/OmniVoice/results_b2_steps32/seedtts_en/common_voice_en_20317297-common_voice_en_20317298.wav	0.08333333333333333	the society of the day held that reward without labour was misguided	the society of the day held that reward without labor was misguided	0	0	1
/opt/gpfs/users/shuai/work/block-conversion-b2/OmniVoice/results_b2_steps32/seedtts_en/common_voice_en_20317297-common_voice_en_20317300.wav	0.0	the suburb is distinctly but unofficially split into the north and the south	the suburb is distinctly but unofficially split into the north and the south	0	0	0
/opt/gpfs/users/shuai/work/block-conversion-b2/OmniVoice/results_b2_steps32/seedtts_en/common_voice_en_20323109-common_voice_en_20323110.wav	0.0	the spaniards chiefly purchased the slaves from the portuguese and english traders in africa	the spaniards chiefly purchased the slaves from the portuguese and english traders in africa	0	0	0
/opt/gpfs/users/shuai/work/block-conversion-b2/OmniVoice/results_b2_steps32/seedtts_en/common_voice_en_203357-common_voice_en_203358.wav	0.09090909090909091	some of the grey ash was falling off the circular edge	some of the gray ash was falling off the circular edge	0	0	1
/opt/gpfs/users/shuai/work/block-conversion-b2/OmniVoice/results_b2_steps32/seedtts_en/common_voice_en_203357-common_voice_en_203359.wav	0.0	the thing itself was almost entirely buried in sand	the thing itself was almost entirely buried in sand	0	0	0
/opt/gpfs/users/shuai/work/block-conversion-b2/OmniVoice/results_b2_steps32/seedtts_en/common_voice_en_20337838-common_voice_en_20337841.wav	0.0	a few languages such as haskell implement them as linked lists instead	a few languages such as haskell implement them as linked lists instead	0	0	0
/opt/gpfs/users/shuai/work/block-conversion-b2/OmniVoice/results_b2_steps32/seedtts_en/common_voice_en_20337838-common_voice_en_20337842.wav	0.0	this species like many of the others in this family resembles a long earthworm	this species like many of the others in this family resembles a long earthworm	0	0	0
/opt/gpfs/users/shuai/work/block-conversion-b2/OmniVoice/results_b2_steps32/seedtts_en/common_voice_en_20342901-common_voice_en_20342897.wav	0.0	a number of works have been inspired to explore fritz and clara's relationship	a number of works have been inspired to explore fritz and clara's relationship	0	0	0
/opt/gpfs/users/shuai/work/block-conversion-b2/OmniVoice/results_b2_steps32/seedtts_en/common_voice_en_20410042-common_voice_en_20410055.wav	0.0	new world china land limited is wholly owned by the group	new world china land limited is wholly owned by the group	0	0	0
/opt/gpfs/users/shuai/work/block-conversion-b2/OmniVoice/results_b2_steps32/seedtts_en/common_voice_en_20451876-common_voice_en_20451880.wav	0.0	he did not live to complete the development of his system	he did not live to complete the development of his system	0	0	0
/opt/gpfs/users/shuai/work/block-conversion-b2/OmniVoice/results_b2_steps32/seedtts_en/common_voice_en_20461046-common_voice_en_20461051.wav	0.0	a list of the mythical founders of germanic peoples follows	a list of the mythical founders of germanic peoples follows	0	0	0
/opt/gpfs/users/shuai/work/block-conversion-b2/OmniVoice/results_b2_steps32/seedtts_en/common_voice_en_20522396-common_voice_en_20522395.wav	0.09090909090909091	mcdonald was raised in fresno california the elder of two daughters	macdonald was raised in fresno california the elder of two daughters	0	0	1
/opt/gpfs/users/shuai/work/block-conversion-b2/OmniVoice/results_b2_steps32/seedtts_en/common_voice_en_20522396-common_voice_en_20522398.wav	0.0	the hyperbolic functions take a real argument called a hyperbolic angle	the hyperbolic functions take a real argument called a hyperbolic angle	0	0	0
/opt/gpfs/users/shuai/work/block-conversion-b2/OmniVoice/results_b2_steps32/seedtts_en/common_voice_en_20531306-common_voice_en_20531308.wav	0.07142857142857142	his alleged code name in soviet intelligence and in the venona files is ted	his alleged code name in soviet intelligence and in the venona files is ted oh	1	0	0
/opt/gpfs/users/shuai/work/block-conversion-b2/OmniVoice/results_b2_steps32/seedtts_en/common_voice_en_20531306-common_voice_en_20531309.wav	0.0	presley however was terrified by this level of success and vanished	presley however was terrified by this level of success and vanished	0	0	0
/opt/gpfs/users/shuai/work/block-conversion-b2/OmniVoice/results_b2_steps32/seedtts_en/common_voice_en_20535791-common_voice_en_20535795.wav	0.0	the result is usually comic surreal and somewhat nonsensical	the result is usually comic surreal and somewhat nonsensical	0	0	0
/opt/gpfs/users/shuai/work/block-conversion-b2/OmniVoice/results_b2_steps32/seedtts_en/common_voice_en_205647-common_voice_en_205648.wav	0.0	the doctor cried after his birth	the doctor cried after his birth	0	0	0
/opt/gpfs/users/shuai/work/block-conversion-b2/OmniVoice/results_b2_steps32/seedtts_en/common_voice_en_205647-common_voice_en_205649.wav	0.25	don't take any chances	don't take any chances oh	1	0	0
/opt/gpfs/users/shuai/work/block-conversion-b2/OmniVoice/results_b2_steps32/seedtts_en/common_voice_en_20583510-common_voice_en_20583509.wav	0.09090909090909091	he has also worked as a teacher lecturer critic and broadcaster	he has also worked as a teacher lecturer critic and broadcaster ah	1	0	0
/opt/gpfs/users/shuai/work/block-conversion-b2/OmniVoice/results_b2_steps32/seedtts_en/common_voice_en_20583510-common_voice_en_20583514.wav	0.0	this new material had stronger alloys in the iron	this new material had stronger alloys in the iron	0	0	0
/opt/gpfs/users/shuai/work/block-conversion-b2/OmniVoice/results_b2_steps32/seedtts_en/common_voice_en_20617-common_voice_en_20618.wav	0.125	but as he saw them lying there on the ground another phrase came to his mind	uh as he saw them lying there on the ground another phrase came to his mind uh	1	0	1
/opt/gpfs/users/shuai/work/block-conversion-b2/OmniVoice/results_b2_steps32/seedtts_en/common_voice_en_20617-common_voice_en_20619.wav	0.0	it means only that the heart does what it can the alchemist said	it means only that the heart does what it can the alchemist said	0	0	0
/opt/gpfs/users/shuai/work/block-conversion-b2/OmniVoice/results_b2_steps32/seedtts_en/common_voice_en_20640019-common_voice_en_20640018.wav	0.0	the mass of the crowd had already passed	the mass of the crowd had already passed	0	0	0
/opt/gpfs/users/shuai/work/block-conversion-b2/OmniVoice/results_b2_steps32/seedtts_en/common_voice_en_20640019-common_voice_en_20640020.wav	0.0	according to recent government statements islamic terrorism is the biggest threat to canada	according to recent government statements islamic terrorism is the biggest threat to canada	0	0	0
/opt/gpfs/users/shuai/work/block-conversion-b2/OmniVoice/results_b2_steps32/seedtts_en/common_voice_en_20660224-common_voice_en_20660226.wav	0.07142857142857142	the other permitted the cultivation and possession of two pounds' dry weight of cannabis	the other permitted the cultivation and possession of two pounds dry weight of cannabis	0	0	1
/opt/gpfs/users/shuai/work/block-conversion-b2/OmniVoice/results_b2_steps32/seedtts_en/common_voice_en_20660224-common_voice_en_20660228.wav	0.07692307692307693	he contributed donations to the new birmingham university following representations by joseph chamberlain	he contributed donations to the new birmingham university following representations by joseph chamberlain uh	1	0	0
/opt/gpfs/users/shuai/work/block-conversion-b2/OmniVoice/results_b2_steps32/seedtts_en/common_voice_en_20661858-common_voice_en_20661860.wav	0.0	now i have to isolate myself for long periods	now i have to isolate myself for long periods	0	0	0
/opt/gpfs/users/shuai/work/block-conversion-b2/OmniVoice/results_b2_steps32/seedtts_en/common_voice_en_20661858-common_voice_en_20661861.wav	0.0	the world as the manifestation of eternal order must itself be immortal	the world as the manifestation of eternal order must itself be immortal	0	0	0
/opt/gpfs/users/shuai/work/block-conversion-b2/OmniVoice/results_b2_steps32/seedtts_en/common_voice_en_20688082-common_voice_en_20688081.wav	0.0	following the group's split nash has stayed out of the public eye	following the group's split nash has stayed out of the public eye	0	0	0
/opt/gpfs/users/shuai/work/block-conversion-b2/OmniVoice/results_b2_steps32/seedtts_en/common_voice_en_20688082-common_voice_en_20688083.wav	0.2	he came upon her suddenly in one of these recesses	aw he came upon her suddenly in one of these recesses aw	2	0	0
/opt/gpfs/users/shuai/work/block-conversion-b2/OmniVoice/results_b2_steps32/seedtts_en/common_voice_en_20718170-common_voice_en_20718169.wav	0.0	similar websites exist for comments overheard in a variety of places	similar websites exist for comments overheard in a variety of places	0	0	0
/opt/gpfs/users/shuai/work/block-conversion-b2/OmniVoice/results_b2_steps32/seedtts_en/common_voice_en_2072999-common_voice_en_2073000.wav	0.0	two physicists pondered their revised quantum field theory together	two physicists pondered their revised quantum field theory together	0	0	0
/opt/gpfs/users/shuai/work/block-conversion-b2/OmniVoice/results_b2_steps32/seedtts_en/common_voice_en_2072999-common_voice_en_2324746.wav	0.0	darth vader could barely breathe under his mask	darth vader could barely breathe under his mask	0	0	0
/opt/gpfs/users/shuai/work/block-conversion-b2/OmniVoice/results_b2_steps32/seedtts_en/common_voice_en_20735803-common_voice_en_20735805.wav	0.0	i am going because i was ordered to	i am going because i was ordered to	0	0	0
/opt/gpfs/users/shuai/work/block-conversion-b2/OmniVoice/results_b2_steps32/seedtts_en/common_voice_en_20735803-common_voice_en_20735807.wav	0.25	the battle was of medium term significance consolidating royalist control of yorkshire	the battle was of mediumterm significance consolidating royalist control of yorkshire ah	1	1	1
/opt/gpfs/users/shuai/work/block-conversion-b2/OmniVoice/results_b2_steps32/seedtts_en/common_voice_en_20791113-common_voice_en_20791116.wav	0.07142857142857142	the two quickly covered the table with a towel when they noticed the officers	the two quickly covered the table with a towel when they noticed the officer's	0	0	1
/opt/gpfs/users/shuai/work/block-conversion-b2/OmniVoice/results_b2_steps32/seedtts_en/common_voice_en_20791113-common_voice_en_20791117.wav	0.0	he was educated at wellington college berkshire	he was educated at wellington college berkshire	0	0	0
/opt/gpfs/users/shuai/work/block-conversion-b2/OmniVoice/results_b2_steps32/seedtts_en/common_voice_en_20791578-common_voice_en_20791579.wav	0.0	during that cruise princess cruises marked the first ever call in ilhabela brazil	during that cruise princess cruises marked the first ever call in ilhabela brazil	0	0	0
/opt/gpfs/users/shuai/work/block-conversion-b2/OmniVoice/results_b2_steps32/seedtts_en/common_voice_en_20791578-common_voice_en_20791581.wav	0.0	the pilot was then reshot with the different actors and aired	the pilot was then reshot with the different actors and aired	0	0	0
/opt/gpfs/users/shuai/work/block-conversion-b2/OmniVoice/results_b2_steps32/seedtts_en/common_voice_en_20791751-common_voice_en_20791750.wav	0.1	the top four finishers in the men's race were kenyan	the top four finishers in the men's race were kenyon	0	0	1
/opt/gpfs/users/shuai/work/block-conversion-b2/OmniVoice/results_b2_steps32/seedtts_en/common_voice_en_20791751-common_voice_en_20791752.wav	0.0	the reflex system was based on a spinning mirror shutter	the reflex system was based on a spinning mirror shutter	0	0	0
/opt/gpfs/users/shuai/work/block-conversion-b2/OmniVoice/results_b2_steps32/seedtts_en/common_voice_en_20798109-common_voice_en_20798113.wav	0.07142857142857142	a combination of rock punk and pop music this album made the band famous	a combination of rock punk and pop music this album made the band famous ah	1	0	0
/opt/gpfs/users/shuai/work/block-conversion-b2/OmniVoice/results_b2_steps32/seedtts_en/common_voice_en_20806032-common_voice_en_20806033.wav	0.0	these two agencies cooperate in aspects of law enforcement including their joint marine unit	these two agencies cooperate in aspects of law enforcement including their joint marine unit	0	0	0
/opt/gpfs/users/shuai/work/block-conversion-b2/OmniVoice/results_b2_steps32/seedtts_en/common_voice_en_20812017-common_voice_en_20812019.wav	0.07692307692307693	howe remarked she was often exasperated by my tenaciously quiet brand of advocacy	how remarked she was often exasperated by my tenaciously quiet brand of advocacy	0	0	1
/opt/gpfs/users/shuai/work/block-conversion-b2/OmniVoice/results_b2_steps32/seedtts_en/common_voice_en_20812017-common_voice_en_20812020.wav	0.0	the council is responsible for carrying out both foreign and domestic policies	the council is responsible for carrying out both foreign and domestic policies	0	0	0
/opt/gpfs/users/shuai/work/block-conversion-b2/OmniVoice/results_b2_steps32/seedtts_en/common_voice_en_20834082-common_voice_en_20834083.wav	0.0	these batteries were manufactured by sony	these batteries were manufactured by sony	0	0	0
/opt/gpfs/users/shuai/work/block-conversion-b2/OmniVoice/results_b2_steps32/seedtts_en/common_voice_en_20872043-common_voice_en_20872044.wav	0.0	an example of an early user group is the apple user group connection	an example of an early user group is the apple user group connection	0	0	0
/opt/gpfs/users/shuai/work/block-conversion-b2/OmniVoice/results_b2_steps32/seedtts_en/common_voice_en_20872043-common_voice_en_20872046.wav	0.0	residents near the river downstream from the slip were evacuated	residents near the river downstream from the slip were evacuated	0	0	0
/opt/gpfs/users/shuai/work/block-conversion-b2/OmniVoice/results_b2_steps32/seedtts_en/common_voice_en_20872478-common_voice_en_20872479.wav	0.08333333333333333	data according to statistics iceland which collects the official statistics for iceland	data according to statistics iceland which collects the official statistics for iceland ah	1	0	0
/opt/gpfs/users/shuai/work/block-conversion-b2/OmniVoice/results_b2_steps32/seedtts_en/common_voice_en_20872478-common_voice_en_20872481.wav	0.0	other researchers repeated the experiment with greater accuracy	other researchers repeated the experiment with greater accuracy	0	0	0
/opt/gpfs/users/shuai/work/block-conversion-b2/OmniVoice/results_b2_steps32/seedtts_en/common_voice_en_20888046-common_voice_en_20888048.wav	0.0	fox won her next seven fights in a row with two knockouts	fox won her next seven fights in a row with two knockouts	0	0	0
/opt/gpfs/users/shuai/work/block-conversion-b2/OmniVoice/results_b2_steps32/seedtts_en/common_voice_en_20888046-common_voice_en_20888051.wav	0.0	it is the most popular form of transportation in this community	it is the most popular form of transportation in this community	0	0	0
/opt/gpfs/users/shuai/work/block-conversion-b2/OmniVoice/results_b2_steps32/seedtts_en/common_voice_en_20905661-common_voice_en_20905660.wav	0.0	vincent finds dalton and slashes wade's face with a machete killing him	vincent finds dalton and slashes wade's face with a machete killing him	0	0	0
/opt/gpfs/users/shuai/work/block-conversion-b2/OmniVoice/results_b2_steps32/seedtts_en/common_voice_en_20905661-common_voice_en_20905662.wav	0.08333333333333333	he has since been a member of the committee on foreign affairs	he has since been a member of the committee on foreign affairs uh	1	0	0
/opt/gpfs/users/shuai/work/block-conversion-b2/OmniVoice/results_b2_steps32/seedtts_en/common_voice_en_20907200-common_voice_en_20907214.wav	0.15384615384615385	assume that a star radiates a continuous light spectrum up to x rays	assume that a star radiates a continuous light spectrum up to xrays	0	1	1
/opt/gpfs/users/shuai/work/block-conversion-b2/OmniVoice/results_b2_steps32/seedtts_en/common_voice_en_20907200-common_voice_en_20907217.wav	0.0	it is also commonly used in informal and business spoken conversations	it is also commonly used in informal and business spoken conversations	0	0	0
/opt/gpfs/users/shuai/work/block-conversion-b2/OmniVoice/results_b2_steps32/seedtts_en/common_voice_en_20918607-common_voice_en_20918611.wav	1.0	there is a white patch on the wings	ah	0	7	1
/opt/gpfs/users/shuai/work/block-conversion-b2/OmniVoice/results_b2_steps32/seedtts_en/common_voice_en_209233-common_voice_en_209236.wav	0.2	continue in the direction of the pyramids said the alchemist	'continue in the direction of the pyramids' said the alchemist	0	0	2
/opt/gpfs/users/shuai/work/block-conversion-b2/OmniVoice/results_b2_steps32/seedtts_en/common_voice_en_209233-common_voice_en_209237.wav	0.0	toward the end of the afternoon they came upon a coptic monastery	toward the end of the afternoon they came upon a coptic monastery	0	0	0
/opt/gpfs/users/shuai/work/block-conversion-b2/OmniVoice/results_b2_steps32/seedtts_en/common_voice_en_20933101-common_voice_en_20933102.wav	0.0	to have darshan one has to swim to the temple	to have darshan one has to swim to the temple	0	0	0
/opt/gpfs/users/shuai/work/block-conversion-b2/OmniVoice/results_b2_steps32/seedtts_en/common_voice_en_20933101-common_voice_en_20933104.wav	0.07692307692307693	the film was loosely based on the dragon knight by gordon r dickson	the film was loosely based on the dragon knight by gordon r dixon	0	0	1
/opt/gpfs/users/shuai/work/block-conversion-b2/OmniVoice/results_b2_steps32/seedtts_en/common_voice_en_20938865-common_voice_en_20938864.wav	0.08333333333333333	the dipolieia survived at least to the time of the roman empire	the dipolea survived at least to the time of the roman empire	0	0	1
/opt/gpfs/users/shuai/work/block-conversion-b2/OmniVoice/results_b2_steps32/seedtts_en/common_voice_en_20938865-common_voice_en_20938866.wav	0.0	she repealed all her brother's religious laws and imprisoned the country's leading protestant clerics	she repealed all her brother's religious laws and imprisoned the country's leading protestant clerics	0	0	0
/opt/gpfs/users/shuai/work/block-conversion-b2/OmniVoice/results_b2_steps32/seedtts_en/common_voice_en_20972789-common_voice_en_20972791.wav	0.0	she then moved to new york city for overhaul	she then moved to new york city for overhaul	0	0	0
/opt/gpfs/users/shuai/work/block-conversion-b2/OmniVoice/results_b2_steps32/seedtts_en/common_voice_en_20972789-common_voice_en_20972792.wav	0.1111111111111111	he logged the first three triples of his career	he logged the first three triples of his career uh	1	0	0
/opt/gpfs/users/shuai/work/block-conversion-b2/OmniVoice/results_b2_steps32/seedtts_en/common_voice_en_21059484-common_voice_en_21059406.wav	0.0	the area is famous for its plentiful peach blossoms and natural scenery	the area is famous for its plentiful peach blossoms and natural scenery	0	0	0
/opt/gpfs/users/shuai/work/block-conversion-b2/OmniVoice/results_b2_steps32/seedtts_en/common_voice_en_21059484-common_voice_en_21059485.wav	0.07142857142857142	as he stated 'i have lost two sisters and you offer me twenty servants	as he stated i have lost two sisters and you offer me twenty servants	0	0	1
/opt/gpfs/users/shuai/work/block-conversion-b2/OmniVoice/results_b2_steps32/seedtts_en/common_voice_en_21106663-common_voice_en_21106664.wav	0.0	a pond has a population of the nationally uncommon warty newt	a pond has a population of the nationally uncommon warty newt	0	0	0
/opt/gpfs/users/shuai/work/block-conversion-b2/OmniVoice/results_b2_steps32/seedtts_en/common_voice_en_21129372-common_voice_en_21129375.wav	0.0	what kind of avatar should i need to come with	what kind of avatar should i need to come with	0	0	0
/opt/gpfs/users/shuai/work/block-conversion-b2/OmniVoice/results_b2_steps32/seedtts_en/common_voice_en_21129372-common_voice_en_21129377.wav	0.0	these include various sports events including soccer basketball and volleyball tournaments	these include various sports events including soccer basketball and volleyball tournaments	0	0	0
/opt/gpfs/users/shuai/work/block-conversion-b2/OmniVoice/results_b2_steps32/seedtts_en/common_voice_en_21139160-common_voice_en_21139162.wav	0.0	it is believed to feed on insect larvae and termites	it is believed to feed on insect larvae and termites	0	0	0
/opt/gpfs/users/shuai/work/block-conversion-b2/OmniVoice/results_b2_steps32/seedtts_en/common_voice_en_21184954-common_voice_en_21184958.wav	0.09090909090909091	early residents of the village were french canadians and menomonee indians	early residents of the village were french canadians and menominee indians	0	0	1
/opt/gpfs/users/shuai/work/block-conversion-b2/OmniVoice/results_b2_steps32/seedtts_en/common_voice_en_21184954-common_voice_en_21184959.wav	0.0	legislation provides for transfer of interest dividends and capital	legislation provides for transfer of interest dividends and capital	0	0	0
/opt/gpfs/users/shuai/work/block-conversion-b2/OmniVoice/results_b2_steps32/seedtts_en/common_voice_en_21291499-common_voice_en_21291501.wav	0.0	the stinger screws into the water main pipe and is held there	the stinger screws into the water main pipe and is held there	0	0	0
/opt/gpfs/users/shuai/work/block-conversion-b2/OmniVoice/results_b2_steps32/seedtts_en/common_voice_en_21293493-common_voice_en_21293494.wav	0.07142857142857142	his heart has been affected by his anxiety and he has another heart attack	his heart has been affected by his anxiety and he has another heart attack uh	1	0	0
/opt/gpfs/users/shuai/work/block-conversion-b2/OmniVoice/results_b2_steps32/seedtts_en/common_voice_en_21314759-common_voice_en_21314758.wav	0.1	malta has three large natural harbours on its main island	malta has three large natural harbors on its main island	0	0	1
/opt/gpfs/users/shuai/work/block-conversion-b2/OmniVoice/results_b2_steps32/seedtts_en/common_voice_en_21319256-common_voice_en_21319257.wav	0.2	louis' famous response he can run but he can't hide	lewis's famous response he can run but he can't hide uh	1	0	1
/opt/gpfs/users/shuai/work/block-conversion-b2/OmniVoice/results_b2_steps32/seedtts_en/common_voice_en_21345624-common_voice_en_21345625.wav	0.0	raspberry fruit may protect the liver	raspberry fruit may protect the liver	0	0	0
/opt/gpfs/users/shuai/work/block-conversion-b2/OmniVoice/results_b2_steps32/seedtts_en/common_voice_en_21345624-common_voice_en_21345626.wav	0.07142857142857142	the last lineage diversified rapidly and became the ancestor of most australian atriplex species	the last lineage diversified rapidly and became the ancestor of most australian atroplex species	0	0	1
/opt/gpfs/users/shuai/work/block-conversion-b2/OmniVoice/results_b2_steps32/seedtts_en/common_voice_en_21352017-common_voice_en_21352021.wav	0.0	roy is bilingual and can speak english and french	roy is bilingual and can speak english and french	0	0	0
/opt/gpfs/users/shuai/work/block-conversion-b2/OmniVoice/results_b2_steps32/seedtts_en/common_voice_en_21370640-common_voice_en_21370642.wav	0.0	arguably there are also benefits due to lubrication and cooling	arguably there are also benefits due to lubrication and cooling	0	0	0
/opt/gpfs/users/shuai/work/block-conversion-b2/OmniVoice/results_b2_steps32/seedtts_en/common_voice_en_21444162-common_voice_en_21444161.wav	0.0	it is operated by the new york city department of parks and recreation	it is operated by the new york city department of parks and recreation	0	0	0
/opt/gpfs/users/shuai/work/block-conversion-b2/OmniVoice/results_b2_steps32/seedtts_en/common_voice_en_21444162-common_voice_en_21444163.wav	0.0	images of the prerendered cinematics also began to appear at this time	images of the prerendered cinematics also began to appear at this time	0	0	0
/opt/gpfs/users/shuai/work/block-conversion-b2/OmniVoice/results_b2_steps32/seedtts_en/common_voice_en_21499767-common_voice_en_21499784.wav	0.0	the crown is conical becoming a narrow rounded dome with age	the crown is conical becoming a narrow rounded dome with age	0	0	0
/opt/gpfs/users/shuai/work/block-conversion-b2/OmniVoice/results_b2_steps32/seedtts_en/common_voice_en_21499767-common_voice_en_21499786.wav	0.0	marriott was an energetic worker and rarely rested preferring to run his company	marriott was an energetic worker and rarely rested preferring to run his company	0	0	0
/opt/gpfs/users/shuai/work/block-conversion-b2/OmniVoice/results_b2_steps32/seedtts_en/common_voice_en_21504874-common_voice_en_21504872.wav	0.0	ecological thinning is a variant of this being studied for use in forest conservation	ecological thinning is a variant of this being studied for use in forest conservation	0	0	0
/opt/gpfs/users/shuai/work/block-conversion-b2/OmniVoice/results_b2_steps32/seedtts_en/common_voice_en_21504874-common_voice_en_21504873.wav	0.0	maze systems provide users many choices however some users may find navigation difficult	maze systems provide users many choices however some users may find navigation difficult	0	0	0
/opt/gpfs/users/shuai/work/block-conversion-b2/OmniVoice/results_b2_steps32/seedtts_en/common_voice_en_21534516-common_voice_en_21534520.wav	0.0	a number of choirs bands and sporting clubs are also present	a number of choirs bands and sporting clubs are also present	0	0	0
/opt/gpfs/users/shuai/work/block-conversion-b2/OmniVoice/results_b2_steps32/seedtts_en/common_voice_en_21538043-common_voice_en_21538044.wav	0.0	the first issue titled 	the first issue titled	0	0	0
/opt/gpfs/users/shuai/work/block-conversion-b2/OmniVoice/results_b2_steps32/seedtts_en/common_voice_en_21538043-common_voice_en_21538045.wav	0.1	covedale is located about six miles west of downtown cincinnati	covadale is located about six miles west of downtown cincinnati	0	0	1
/opt/gpfs/users/shuai/work/block-conversion-b2/OmniVoice/results_b2_steps32/seedtts_en/common_voice_en_21551805-common_voice_en_21551806.wav	0.1	most people wouldn't have understood the coral at that point	most people wouldn't have understood the choral at that point	0	0	1
/opt/gpfs/users/shuai/work/block-conversion-b2/OmniVoice/results_b2_steps32/seedtts_en/common_voice_en_21555451-common_voice_en_21555449.wav	0.0	that year it built a distribution center for a large international corporation	that year it built a distribution center for a large international corporation	0	0	0
/opt/gpfs/users/shuai/work/block-conversion-b2/OmniVoice/results_b2_steps32/seedtts_en/common_voice_en_21555451-common_voice_en_21555450.wav	0.0	gilchrist house located near cordova is listed on the national register of historic places	gilchrist house located near cordova is listed on the national register of historic places	0	0	0
/opt/gpfs/users/shuai/work/block-conversion-b2/OmniVoice/results_b2_steps32/seedtts_en/common_voice_en_21555942-common_voice_en_21555944.wav	0.0	they also used real french in the scenes of bart in france	they also used real french in the scenes of bart in france	0	0	0
/opt/gpfs/users/shuai/work/block-conversion-b2/OmniVoice/results_b2_steps32/seedtts_en/common_voice_en_21555942-common_voice_en_21555950.wav	0.0	they defend themselves if they feel threatened but otherwise tend to ignore humans	they defend themselves if they feel threatened but otherwise tend to ignore humans	0	0	0
/opt/gpfs/users/shuai/work/block-conversion-b2/OmniVoice/results_b2_steps32/seedtts_en/common_voice_en_21589881-common_voice_en_21589882.wav	0.0	at one point he became the largest shareholder in columbia pictures	at one point he became the largest shareholder in columbia pictures	0	0	0
/opt/gpfs/users/shuai/work/block-conversion-b2/OmniVoice/results_b2_steps32/seedtts_en/common_voice_en_21589881-common_voice_en_21589886.wav	0.08333333333333333	the language from which the lexicon is derived is called the lexifier	the language from which the lexicon is derived is called the lexifier uh	1	0	0
/opt/gpfs/users/shuai/work/block-conversion-b2/OmniVoice/results_b2_steps32/seedtts_en/common_voice_en_21619912-common_voice_en_21619910.wav	0.0	his son is underground publisher adam parfrey	his son is underground publisher adam parfrey	0	0	0
/opt/gpfs/users/shuai/work/block-conversion-b2/OmniVoice/results_b2_steps32/seedtts_en/common_voice_en_21619912-common_voice_en_21634642.wav	0.0	he had been acting president since his father became ill prior to his passing	he had been acting president since his father became ill prior to his passing	0	0	0
/opt/gpfs/users/shuai/work/block-conversion-b2/OmniVoice/results_b2_steps32/seedtts_en/common_voice_en_21620052-common_voice_en_21620053.wav	0.0	at least five species of reptiles have been recorded for the island	at least five species of reptiles have been recorded for the island	0	0	0
/opt/gpfs/users/shuai/work/block-conversion-b2/OmniVoice/results_b2_steps32/seedtts_en/common_voice_en_21620052-common_voice_en_21620054.wav	0.0	study days workshops and lectures are held frequently	study days workshops and lectures are held frequently	0	0	0
/opt/gpfs/users/shuai/work/block-conversion-b2/OmniVoice/results_b2_steps32/seedtts_en/common_voice_en_21621452-common_voice_en_21621454.wav	0.0	these sizes could vary from one specimen to another	these sizes could vary from one specimen to another	0	0	0
/opt/gpfs/users/shuai/work/block-conversion-b2/OmniVoice/results_b2_steps32/seedtts_en/common_voice_en_21621452-common_voice_en_21621455.wav	0.0	it is named after edward singleton holden	it is named after edward singleton holden	0	0	0
/opt/gpfs/users/shuai/work/block-conversion-b2/OmniVoice/results_b2_steps32/seedtts_en/common_voice_en_21653057-common_voice_en_21653072.wav	0.15384615384615385	the station is owned by the hearst television subsidiary of the hearst corporation	uh the station is owned by the hearst television subsidiary of the hearst corporation uh	2	0	0
/opt/gpfs/users/shuai/work/block-conversion-b2/OmniVoice/results_b2_steps32/seedtts_en/common_voice_en_21653057-common_voice_en_21653087.wav	0.1111111111111111	nicholas nixon extensively documented issues surrounded by american life	nicholas nixon extensively documented issues surrounded by american life uh	1	0	0
/opt/gpfs/users/shuai/work/block-conversion-b2/OmniVoice/results_b2_steps32/seedtts_en/common_voice_en_21658335-common_voice_en_21658337.wav	0.0	a map shows where emeralda is located and bernardo is looking for the map	a map shows where emeralda is located and bernardo is looking for the map	0	0	0
/opt/gpfs/users/shuai/work/block-conversion-b2/OmniVoice/results_b2_steps32/seedtts_en/common_voice_en_21658335-common_voice_en_21658338.wav	0.0	this occurs often with names of people newly introduced to	this occurs often with names of people newly introduced to	0	0	0
/opt/gpfs/users/shuai/work/block-conversion-b2/OmniVoice/results_b2_steps32/seedtts_en/common_voice_en_21659259-common_voice_en_21659260.wav	0.0	it now has five chapters butterfield trail magazine mountain ozark razorback and cornerstone	it now has five chapters butterfield trail magazine mountain ozark razorback and cornerstone	0	0	0
/opt/gpfs/users/shuai/work/block-conversion-b2/OmniVoice/results_b2_steps32/seedtts_en/common_voice_en_21722249-common_voice_en_21722261.wav	0.0	criticism centered on swing states such as kentucky tennessee pennsylvania and maryland	criticism centered on swing states such as kentucky tennessee pennsylvania and maryland	0	0	0
/opt/gpfs/users/shuai/work/block-conversion-b2/OmniVoice/results_b2_steps32/seedtts_en/common_voice_en_21722249-common_voice_en_21722264.wav	0.0	the remainder of the money went towards supporting his five sisters	the remainder of the money went towards supporting his five sisters	0	0	0
/opt/gpfs/users/shuai/work/block-conversion-b2/OmniVoice/results_b2_steps32/seedtts_en/common_voice_en_21742650-common_voice_en_21742652.wav	0.0	their traditional occupation was weaving	their traditional occupation was weaving	0	0	0
/opt/gpfs/users/shuai/work/block-conversion-b2/OmniVoice/results_b2_steps32/seedtts_en/common_voice_en_21742650-common_voice_en_21742653.wav	0.0	in new hampshire the governor has no term limit of any kind	in new hampshire the governor has no term limit of any kind	0	0	0
/opt/gpfs/users/shuai/work/block-conversion-b2/OmniVoice/results_b2_steps32/seedtts_en/common_voice_en_21762342-common_voice_en_21762343.wav	0.23076923076923078	houston's recording industry had become the center of texas r and b music	houston's recording industry had become the center of texas rb music	0	2	1
/opt/gpfs/users/shuai/work/block-conversion-b2/OmniVoice/results_b2_steps32/seedtts_en/common_voice_en_21777264-common_voice_en_21777262.wav	0.0	its county seats are manchester and nashua	its county seats are manchester and nashua	0	0	0
/opt/gpfs/users/shuai/work/block-conversion-b2/OmniVoice/results_b2_steps32/seedtts_en/common_voice_en_21777264-common_voice_en_21777266.wav	0.0	however the vanguard models are competitively priced with other makes and models	however the vanguard models are competitively priced with other makes and models	0	0	0
/opt/gpfs/users/shuai/work/block-conversion-b2/OmniVoice/results_b2_steps32/seedtts_en/common_voice_en_21802531-common_voice_en_21802534.wav	0.0	she learned that there was a talent search underway in tokyo	she learned that there was a talent search underway in tokyo	0	0	0
/opt/gpfs/users/shuai/work/block-conversion-b2/OmniVoice/results_b2_steps32/seedtts_en/common_voice_en_21802531-common_voice_en_21802562.wav	0.08333333333333333	it was heavily marketed to iran but ultimately was not exported anywhere	it was heavily marketed to iran but ultimately was not exported anywhere ah	1	0	0
/opt/gpfs/users/shuai/work/block-conversion-b2/OmniVoice/results_b2_steps32/seedtts_en/common_voice_en_21851751-common_voice_en_21851745.wav	0.0	the final leg of the flight brought them to warsaw poland	the final leg of the flight brought them to warsaw poland	0	0	0
/opt/gpfs/users/shuai/work/block-conversion-b2/OmniVoice/results_b2_steps32/seedtts_en/common_voice_en_21851751-common_voice_en_21851747.wav	0.0	these two methods allow moisture to penetrate the tough outer casing stimulating germination	these two methods allow moisture to penetrate the tough outer casing stimulating germination	0	0	0
/opt/gpfs/users/shuai/work/block-conversion-b2/OmniVoice/results_b2_steps32/seedtts_en/common_voice_en_21851999-common_voice_en_21851998.wav	0.07142857142857142	the medal is made of solid gold and is inscribed with the recipient's name	the metal is made of solid gold and is inscribed with the recipient's name	0	0	1
/opt/gpfs/users/shuai/work/block-conversion-b2/OmniVoice/results_b2_steps32/seedtts_en/common_voice_en_21851999-common_voice_en_21852000.wav	0.125	his literary career falls into two distinct sections	his literary career falls into two distinct sections uh	1	0	0
/opt/gpfs/users/shuai/work/block-conversion-b2/OmniVoice/results_b2_steps32/seedtts_en/common_voice_en_21869715-common_voice_en_21869717.wav	0.0	compressed natural gas is a domestic energy produced in western parts of india	compressed natural gas is a domestic energy produced in western parts of india	0	0	0
/opt/gpfs/users/shuai/work/block-conversion-b2/OmniVoice/results_b2_steps32/seedtts_en/common_voice_en_21869715-common_voice_en_21869718.wav	0.0	producer arlene sherman has called bert everyone's idea of a blind date	producer arlene sherman has called bert everyone's idea of a blind date	0	0	0
/opt/gpfs/users/shuai/work/block-conversion-b2/OmniVoice/results_b2_steps32/seedtts_en/common_voice_en_21877403-common_voice_en_21877404.wav	0.0	the hollywood stock exchange is considered a good example of a prediction market	the hollywood stock exchange is considered a good example of a prediction market	0	0	0
/opt/gpfs/users/shuai/work/block-conversion-b2/OmniVoice/results_b2_steps32/seedtts_en/common_voice_en_21877403-common_voice_en_21877406.wav	0.0	she leaves abruptly during the meeting and is never seen again	she leaves abruptly during the meeting and is never seen again	0	0	0
/opt/gpfs/users/shuai/work/block-conversion-b2/OmniVoice/results_b2_steps32/seedtts_en/common_voice_en_22364189-common_voice_en_22364186.wav	0.0	as research continued the protective effect of fluoride against dental decay was demonstrated	as research continued the protective effect of fluoride against dental decay was demonstrated	0	0	0
/opt/gpfs/users/shuai/work/block-conversion-b2/OmniVoice/results_b2_steps32/seedtts_en/common_voice_en_22364189-common_voice_en_22364187.wav	0.07142857142857142	they can share their visualizations then check their level of detail against the illustrations	they can share their visualizations then check their level of detail against the illustrations okay	1	0	0
/opt/gpfs/users/shuai/work/block-conversion-b2/OmniVoice/results_b2_steps32/seedtts_en/common_voice_en_22391641-common_voice_en_22391761.wav	0.07142857142857142	he has the ability to change his head by up to eight different types	he has the ability to change his head by up to 8 different types	0	0	1
/opt/gpfs/users/shuai/work/block-conversion-b2/OmniVoice/results_b2_steps32/seedtts_en/common_voice_en_22461617-common_voice_en_22461634.wav	0.0	on the advice of their attorneys the family declined	on the advice of their attorneys the family declined	0	0	0
/opt/gpfs/users/shuai/work/block-conversion-b2/OmniVoice/results_b2_steps32/seedtts_en/common_voice_en_22461617-common_voice_en_22461638.wav	0.0	secondly there is a difference between a major tone and a minor tone	secondly there is a difference between a major tone and a minor tone	0	0	0
/opt/gpfs/users/shuai/work/block-conversion-b2/OmniVoice/results_b2_steps32/seedtts_en/common_voice_en_22525318-common_voice_en_22525329.wav	0.09090909090909091	he became a nationally known illustrator before he became an author	he became a nationally known illustrator before he became an author ah	1	0	0
/opt/gpfs/users/shuai/work/block-conversion-b2/OmniVoice/results_b2_steps32/seedtts_en/common_voice_en_22575787-common_voice_en_22575789.wav	0.0	very few agents represent short stories or poetry	very few agents represent short stories or poetry	0	0	0
/opt/gpfs/users/shuai/work/block-conversion-b2/OmniVoice/results_b2_steps32/seedtts_en/common_voice_en_22575787-common_voice_en_22575799.wav	0.0	the bridge is located southeast of the town of molde	the bridge is located southeast of the town of molde	0	0	0
/opt/gpfs/users/shuai/work/block-conversion-b2/OmniVoice/results_b2_steps32/seedtts_en/common_voice_en_22709462-common_voice_en_22709463.wav	0.0	over time the couple has four more children although william never warms to them	over time the couple has four more children although william never warms to them	0	0	0
/opt/gpfs/users/shuai/work/block-conversion-b2/OmniVoice/results_b2_steps32/seedtts_en/common_voice_en_22713724-common_voice_en_22713725.wav	0.0	since work done is force times distance mechanical power is force times speed	since work done is force times distance mechanical power is force times speed	0	0	0
/opt/gpfs/users/shuai/work/block-conversion-b2/OmniVoice/results_b2_steps32/seedtts_en/common_voice_en_22722937-common_voice_en_22722935.wav	0.0	its european headquarters is in waterloo belgium	its european headquarters is in waterloo belgium	0	0	0
/opt/gpfs/users/shuai/work/block-conversion-b2/OmniVoice/results_b2_steps32/seedtts_en/common_voice_en_22722937-common_voice_en_22722936.wav	0.0	this technique can be heard in his music for strings percussion and celesta	this technique can be heard in his music for strings percussion and celesta	0	0	0
/opt/gpfs/users/shuai/work/block-conversion-b2/OmniVoice/results_b2_steps32/seedtts_en/common_voice_en_22728555-common_voice_en_22728554.wav	0.0	he wouldn't aid them in the insurance process	he wouldn't aid them in the insurance process	0	0	0
/opt/gpfs/users/shuai/work/block-conversion-b2/OmniVoice/results_b2_steps32/seedtts_en/common_voice_en_22728555-common_voice_en_22728571.wav	0.0	in the grammars of many languages the two terms are used interchangeably	in the grammars of many languages the two terms are used interchangeably	0	0	0
/opt/gpfs/users/shuai/work/block-conversion-b2/OmniVoice/results_b2_steps32/seedtts_en/common_voice_en_22763534-common_voice_en_22763535.wav	0.0	most of the district residents are both poor and rural	most of the district residents are both poor and rural	0	0	0
/opt/gpfs/users/shuai/work/block-conversion-b2/OmniVoice/results_b2_steps32/seedtts_en/common_voice_en_22763534-common_voice_en_22763537.wav	0.0	the original station was then closed demolished and its site redeveloped	the original station was then closed demolished and its site redeveloped	0	0	0
/opt/gpfs/users/shuai/work/block-conversion-b2/OmniVoice/results_b2_steps32/seedtts_en/common_voice_en_22768238-common_voice_en_22768240.wav	0.0	competence focuses on his or her expertise or knowledge in a subject matter	competence focuses on his or her expertise or knowledge in a subject matter	0	0	0
/opt/gpfs/users/shuai/work/block-conversion-b2/OmniVoice/results_b2_steps32/seedtts_en/common_voice_en_22768238-common_voice_en_22768242.wav	0.0	he later transferred to the united states army air corps	he later transferred to the united states army air corps	0	0	0
/opt/gpfs/users/shuai/work/block-conversion-b2/OmniVoice/results_b2_steps32/seedtts_en/common_voice_en_22771349-common_voice_en_22771350.wav	0.0	they can also hike to the panorama restaurant at the top of the mountain	they can also hike to the panorama restaurant at the top of the mountain	0	0	0
/opt/gpfs/users/shuai/work/block-conversion-b2/OmniVoice/results_b2_steps32/seedtts_en/common_voice_en_22771349-common_voice_en_22771352.wav	0.0	the union urgently needed new revenue	the union urgently needed new revenue	0	0	0
/opt/gpfs/users/shuai/work/block-conversion-b2/OmniVoice/results_b2_steps32/seedtts_en/common_voice_en_22776566-common_voice_en_22776570.wav	0.0	it would be four years before the project's operations were ready to begin	it would be four years before the project's operations were ready to begin	0	0	0
/opt/gpfs/users/shuai/work/block-conversion-b2/OmniVoice/results_b2_steps32/seedtts_en/common_voice_en_22777850-common_voice_en_22777852.wav	0.07142857142857142	these latter after being released into the plasma can be excreted in the urine	these latter after being released into the plasma can be excreted in the urine uh	1	0	0
/opt/gpfs/users/shuai/work/block-conversion-b2/OmniVoice/results_b2_steps32/seedtts_en/common_voice_en_22777850-common_voice_en_22777868.wav	0.0	he was known as roaring bill	he was known as roaring bill	0	0	0
/opt/gpfs/users/shuai/work/block-conversion-b2/OmniVoice/results_b2_steps32/seedtts_en/common_voice_en_22779827-common_voice_en_22779829.wav	0.0	the tail is either very short or docked in the united states	the tail is either very short or docked in the united states	0	0	0
/opt/gpfs/users/shuai/work/block-conversion-b2/OmniVoice/results_b2_steps32/seedtts_en/common_voice_en_22793454-common_voice_en_22793457.wav	0.0	this strict selection process is partly why many judges do not have law clerks	this strict selection process is partly why many judges do not have law clerks	0	0	0
/opt/gpfs/users/shuai/work/block-conversion-b2/OmniVoice/results_b2_steps32/seedtts_en/common_voice_en_22793454-common_voice_en_22793458.wav	0.0	after this album was released steve roach embarked on a second trip to australia	after this album was released steve roach embarked on a second trip to australia	0	0	0
/opt/gpfs/users/shuai/work/block-conversion-b2/OmniVoice/results_b2_steps32/seedtts_en/common_voice_en_22810002-common_voice_en_22810003.wav	0.0	after two or three months of trying he was forced to admit defeat	after two or three months of trying he was forced to admit defeat	0	0	0
/opt/gpfs/users/shuai/work/block-conversion-b2/OmniVoice/results_b2_steps32/seedtts_en/common_voice_en_22810002-common_voice_en_22810004.wav	0.09090909090909091	they killed four students and one teacher and injured ten persons	they killed four students and one teacher and injured ten persons oh	1	0	0
/opt/gpfs/users/shuai/work/block-conversion-b2/OmniVoice/results_b2_steps32/seedtts_en/common_voice_en_22839883-common_voice_en_22839889.wav	0.1	the evidence against strafford was weak and the impeachment failed	the evidence against stratford was weak and the impeachment failed	0	0	1
/opt/gpfs/users/shuai/work/block-conversion-b2/OmniVoice/results_b2_steps32/seedtts_en/common_voice_en_22925816-common_voice_en_22925815.wav	0.0	the smoking pipe shape was designed to increase the quantity of available ink	the smoking pipe shape was designed to increase the quantity of available ink	0	0	0
/opt/gpfs/users/shuai/work/block-conversion-b2/OmniVoice/results_b2_steps32/seedtts_en/common_voice_en_22925816-common_voice_en_22925817.wav	0.0	the heart of the campus has a number of historic buildings	the heart of the campus has a number of historic buildings	0	0	0
/opt/gpfs/users/shuai/work/block-conversion-b2/OmniVoice/results_b2_steps32/seedtts_en/common_voice_en_22940721-common_voice_en_22940719.wav	0.0	some transferred the conclusion to ibsen his translators and his director	some transferred the conclusion to ibsen his translators and his director	0	0	0
/opt/gpfs/users/shuai/work/block-conversion-b2/OmniVoice/results_b2_steps32/seedtts_en/common_voice_en_22941073-common_voice_en_22941074.wav	0.0	institute studies all aspects of autism spectrum disorder	institute studies all aspects of autism spectrum disorder	0	0	0
/opt/gpfs/users/shuai/work/block-conversion-b2/OmniVoice/results_b2_steps32/seedtts_en/common_voice_en_22941073-common_voice_en_22941090.wav	0.0	persecution of samaritans was common in the following centuries	persecution of samaritans was common in the following centuries	0	0	0
/opt/gpfs/users/shuai/work/block-conversion-b2/OmniVoice/results_b2_steps32/seedtts_en/common_voice_en_22972881-common_voice_en_22972879.wav	0.0	almost all major parties had a woman elected	almost all major parties had a woman elected	0	0	0
/opt/gpfs/users/shuai/work/block-conversion-b2/OmniVoice/results_b2_steps32/seedtts_en/common_voice_en_22972881-common_voice_en_22972884.wav	0.0	we're too much the ideal bad examples	we're too much the ideal bad examples	0	0	0
/opt/gpfs/users/shuai/work/block-conversion-b2/OmniVoice/results_b2_steps32/seedtts_en/common_voice_en_23176027-common_voice_en_23176029.wav	0.25	they then applied the defined solarisation curve to real time video images	they then applied the defined solarization curve to realtime video images	0	1	2
/opt/gpfs/users/shuai/work/block-conversion-b2/OmniVoice/results_b2_steps32/seedtts_en/common_voice_en_23252329-common_voice_en_23252333.wav	0.0	each peak is replaced by a trough and vice versa	each peak is replaced by a trough and vice versa	0	0	0
/opt/gpfs/users/shuai/work/block-conversion-b2/OmniVoice/results_b2_steps32/seedtts_en/common_voice_en_23252329-common_voice_en_23252335.wav	0.0	it is the only original song on the soundtrack	it is the only original song on the soundtrack	0	0	0
/opt/gpfs/users/shuai/work/block-conversion-b2/OmniVoice/results_b2_steps32/seedtts_en/common_voice_en_23305810-common_voice_en_23305815.wav	0.0	guerrero is a permanent resident of the united states	guerrero is a permanent resident of the united states	0	0	0
/opt/gpfs/users/shuai/work/block-conversion-b2/OmniVoice/results_b2_steps32/seedtts_en/common_voice_en_2331-common_voice_en_2330.wav	0.0	her old man was doc mitchell	her old man was doc mitchell	0	0	0
/opt/gpfs/users/shuai/work/block-conversion-b2/OmniVoice/results_b2_steps32/seedtts_en/common_voice_en_2331-common_voice_en_2332.wav	0.0	it isn't the money	it isn't the money	0	0	0
/opt/gpfs/users/shuai/work/block-conversion-b2/OmniVoice/results_b2_steps32/seedtts_en/common_voice_en_23316948-common_voice_en_23316944.wav	0.0	smith was a fellow of the british academy	smith was a fellow of the british academy	0	0	0
/opt/gpfs/users/shuai/work/block-conversion-b2/OmniVoice/results_b2_steps32/seedtts_en/common_voice_en_23316948-common_voice_en_23316945.wav	0.0	this receptiveness to risk signals is a powerful and virtually universal survival mechanism	this receptiveness to risk signals is a powerful and virtually universal survival mechanism	0	0	0
/opt/gpfs/users/shuai/work/block-conversion-b2/OmniVoice/results_b2_steps32/seedtts_en/common_voice_en_23374825-common_voice_en_23374821.wav	0.0	the cause of the collapse remains unknown	the cause of the collapse remains unknown	0	0	0
/opt/gpfs/users/shuai/work/block-conversion-b2/OmniVoice/results_b2_steps32/seedtts_en/common_voice_en_23381412-common_voice_en_23381413.wav	0.0	after taking israeli citizenship the couple adopted hebrew names adam and aviva eden	after taking israeli citizenship the couple adopted hebrew names adam and aviva eden	0	0	0
/opt/gpfs/users/shuai/work/block-conversion-b2/OmniVoice/results_b2_steps32/seedtts_en/common_voice_en_23381412-common_voice_en_23381414.wav	0.2	chambliss served his time in a prison near montgomery alabama	shambliss served his time in a prison near montgomery alabama uh	1	0	1
/opt/gpfs/users/shuai/work/block-conversion-b2/OmniVoice/results_b2_steps32/seedtts_en/common_voice_en_23589975-common_voice_en_23589976.wav	0.08333333333333333	finally lumping groups of one's own pieces together is usually poor strategy	finally lumping groups of one's own pieces together is usually poor strategy ah	1	0	0
/opt/gpfs/users/shuai/work/block-conversion-b2/OmniVoice/results_b2_steps32/seedtts_en/common_voice_en_23601048-common_voice_en_23601051.wav	0.0	the region's climate and soils favored commodity agriculture over industrial development	the region's climate and soils favored commodity agriculture over industrial development	0	0	0
/opt/gpfs/users/shuai/work/block-conversion-b2/OmniVoice/results_b2_steps32/seedtts_en/common_voice_en_23606989-common_voice_en_23606990.wav	0.0	many reviewers complained of painful and frustrating physiological symptoms when playing the virtual boy	many reviewers complained of painful and frustrating physiological symptoms when playing the virtual boy	0	0	0
/opt/gpfs/users/shuai/work/block-conversion-b2/OmniVoice/results_b2_steps32/seedtts_en/common_voice_en_23607947-common_voice_en_23607949.wav	0.0	there is an active market for its old rare issues	there is an active market for its old rare issues	0	0	0
/opt/gpfs/users/shuai/work/block-conversion-b2/OmniVoice/results_b2_steps32/seedtts_en/common_voice_en_23618179-common_voice_en_23618177.wav	0.0	the groupings listed here are from the new zealand society	the groupings listed here are from the new zealand society	0	0	0
/opt/gpfs/users/shuai/work/block-conversion-b2/OmniVoice/results_b2_steps32/seedtts_en/common_voice_en_23618179-common_voice_en_23618180.wav	0.0	with the movie unfinished the album was instead promoted in conjunction with the tour	with the movie unfinished the album was instead promoted in conjunction with the tour	0	0	0
/opt/gpfs/users/shuai/work/block-conversion-b2/OmniVoice/results_b2_steps32/seedtts_en/common_voice_en_23621347-common_voice_en_23621349.wav	0.0	according to catholic missionaries george remained until his death a faithful catholic	according to catholic missionaries george remained until his death a faithful catholic	0	0	0
/opt/gpfs/users/shuai/work/block-conversion-b2/OmniVoice/results_b2_steps32/seedtts_en/common_voice_en_23639587-common_voice_en_23639589.wav	0.0	it produces clusters of clear pink double blossoms	it produces clusters of clear pink double blossoms	0	0	0
/opt/gpfs/users/shuai/work/block-conversion-b2/OmniVoice/results_b2_steps32/seedtts_en/common_voice_en_23640041-common_voice_en_23640040.wav	0.0	auxiliary bishops are titular bishops of sees that no longer exist	auxiliary bishops are titular bishops of sees that no longer exist	0	0	0
/opt/gpfs/users/shuai/work/block-conversion-b2/OmniVoice/results_b2_steps32/seedtts_en/common_voice_en_23640041-common_voice_en_23640043.wav	0.0	there stood the apparatus the experiments arranged and waiting	there stood the apparatus the experiments arranged and waiting	0	0	0
/opt/gpfs/users/shuai/work/block-conversion-b2/OmniVoice/results_b2_steps32/seedtts_en/common_voice_en_23650405-common_voice_en_23650404.wav	0.0	unlike the sedans the convertibles were assembled in mexico	unlike the sedans the convertibles were assembled in mexico	0	0	0
/opt/gpfs/users/shuai/work/block-conversion-b2/OmniVoice/results_b2_steps32/seedtts_en/common_voice_en_23650405-common_voice_en_23650406.wav	0.0	discussion groups and public meetings were also begun early on	discussion groups and public meetings were also begun early on	0	0	0
/opt/gpfs/users/shuai/work/block-conversion-b2/OmniVoice/results_b2_steps32/seedtts_en/common_voice_en_23699312-common_voice_en_23699314.wav	0.2	construction requires study and observation	construction requires study and observation ah	1	0	0
/opt/gpfs/users/shuai/work/block-conversion-b2/OmniVoice/results_b2_steps32/seedtts_en/common_voice_en_23700044-common_voice_en_23700043.wav	0.0	jean tells marie his father died the night she left without him	jean tells marie his father died the night she left without him	0	0	0
/opt/gpfs/users/shuai/work/block-conversion-b2/OmniVoice/results_b2_steps32/seedtts_en/common_voice_en_23700044-common_voice_en_23700045.wav	0.0	staffing a response is always full of problems in a civil defense emergency	staffing a response is always full of problems in a civil defense emergency	0	0	0
/opt/gpfs/users/shuai/work/block-conversion-b2/OmniVoice/results_b2_steps32/seedtts_en/common_voice_en_23718813-common_voice_en_23718811.wav	0.0	the film was not a success at the box office	the film was not a success at the box office	0	0	0
/opt/gpfs/users/shuai/work/block-conversion-b2/OmniVoice/results_b2_steps32/seedtts_en/common_voice_en_23718813-common_voice_en_23718814.wav	0.0	the silty bottom of the gulf also contributes to the high turbidity	the silty bottom of the gulf also contributes to the high turbidity	0	0	0
/opt/gpfs/users/shuai/work/block-conversion-b2/OmniVoice/results_b2_steps32/seedtts_en/common_voice_en_23726733-common_voice_en_23726734.wav	0.0	she was also a full partner in his espionage	she was also a full partner in his espionage	0	0	0
/opt/gpfs/users/shuai/work/block-conversion-b2/OmniVoice/results_b2_steps32/seedtts_en/common_voice_en_23728823-common_voice_en_23728826.wav	0.0	only the last two seasons were in rotation on both channels in later years	only the last two seasons were in rotation on both channels in later years	0	0	0
/opt/gpfs/users/shuai/work/block-conversion-b2/OmniVoice/results_b2_steps32/seedtts_en/common_voice_en_23728823-common_voice_en_23728827.wav	0.0	some large firms or specialized jobs require a master's degree	some large firms or specialized jobs require a master's degree	0	0	0
/opt/gpfs/users/shuai/work/block-conversion-b2/OmniVoice/results_b2_steps32/seedtts_en/common_voice_en_23729047-common_voice_en_23729050.wav	0.1	it may be the origin of the english verb irk	it may be the origin of the english verb	0	1	0
/opt/gpfs/users/shuai/work/block-conversion-b2/OmniVoice/results_b2_steps32/seedtts_en/common_voice_en_23729047-common_voice_en_23729051.wav	0.0	anubis plans to destroy abydos but daniel appears and demands that anubis stop	anubis plans to destroy abydos but daniel appears and demands that anubis stop	0	0	0
/opt/gpfs/users/shuai/work/block-conversion-b2/OmniVoice/results_b2_steps32/seedtts_en/common_voice_en_23733663-common_voice_en_23733664.wav	0.0	it has many exotic plants	it has many exotic plants	0	0	0
/opt/gpfs/users/shuai/work/block-conversion-b2/OmniVoice/results_b2_steps32/seedtts_en/common_voice_en_23733663-common_voice_en_23733666.wav	0.0	it was a mighty risk but against it was an absolute black certainty	it was a mighty risk but against it was an absolute black certainty	0	0	0
/opt/gpfs/users/shuai/work/block-conversion-b2/OmniVoice/results_b2_steps32/seedtts_en/common_voice_en_23750957-common_voice_en_23750960.wav	0.0	a rough correspondence between the awards of the two systems is shown below	a rough correspondence between the awards of the two systems is shown below	0	0	0
/opt/gpfs/users/shuai/work/block-conversion-b2/OmniVoice/results_b2_steps32/seedtts_en/common_voice_en_23750957-common_voice_en_23774578.wav	0.09090909090909091	in mexico the term onza refers to more than one species	in mexico the term onza refers to more than one species on	1	0	0
/opt/gpfs/users/shuai/work/block-conversion-b2/OmniVoice/results_b2_steps32/seedtts_en/common_voice_en_23763831-common_voice_en_23763836.wav	0.0	while at cambridge he also gained experience in using the telegraph	while at cambridge he also gained experience in using the telegraph	0	0	0
/opt/gpfs/users/shuai/work/block-conversion-b2/OmniVoice/results_b2_steps32/seedtts_en/common_voice_en_23763831-common_voice_en_23763838.wav	0.07692307692307693	the forehead and throat are black the back of the head is grey	the forehead and throat are black the back of the head is gray	0	0	1
/opt/gpfs/users/shuai/work/block-conversion-b2/OmniVoice/results_b2_steps32/seedtts_en/common_voice_en_23771355-common_voice_en_23771359.wav	0.0	he continued to travel and write supporting himself by flying airplanes	he continued to travel and write supporting himself by flying airplanes	0	0	0
/opt/gpfs/users/shuai/work/block-conversion-b2/OmniVoice/results_b2_steps32/seedtts_en/common_voice_en_23786332-common_voice_en_23786333.wav	0.0	the other type of stories includes historical accounts and news or informational stories	the other type of stories includes historical accounts and news or informational stories	0	0	0
/opt/gpfs/users/shuai/work/block-conversion-b2/OmniVoice/results_b2_steps32/seedtts_en/common_voice_en_23804758-common_voice_en_23804761.wav	0.09090909090909091	later he expelled the jews of strassburg after a community debate	later he expelled the jews of strasbourg after a community debate	0	0	1
/opt/gpfs/users/shuai/work/block-conversion-b2/OmniVoice/results_b2_steps32/seedtts_en/common_voice_en_23804758-common_voice_en_23804770.wav	0.0	his sentence was suspended when he joined the commandos	his sentence was suspended when he joined the commandos	0	0	0
/opt/gpfs/users/shuai/work/block-conversion-b2/OmniVoice/results_b2_steps32/seedtts_en/common_voice_en_23809069-common_voice_en_23809073.wav	0.0	also that year he collaborated with evan dando on a new lemonheads album	also that year he collaborated with evan dando on a new lemonheads album	0	0	0
/opt/gpfs/users/shuai/work/block-conversion-b2/OmniVoice/results_b2_steps32/seedtts_en/common_voice_en_23809069-common_voice_en_23809074.wav	0.07142857142857142	the review somehow limped on buoyed up by a narrow but devoted subscription base	the review somehow limped on buoyed up by a narrow but devoted subscription base uh	1	0	0
/opt/gpfs/users/shuai/work/block-conversion-b2/OmniVoice/results_b2_steps32/seedtts_en/common_voice_en_23815833-common_voice_en_23815835.wav	0.0	however the music from the former anthem was retained	however the music from the former anthem was retained	0	0	0
/opt/gpfs/users/shuai/work/block-conversion-b2/OmniVoice/results_b2_steps32/seedtts_en/common_voice_en_23843606-common_voice_en_23843609.wav	0.0	she is married to musician beck another scientologist	she is married to musician beck another scientologist	0	0	0
/opt/gpfs/users/shuai/work/block-conversion-b2/OmniVoice/results_b2_steps32/seedtts_en/common_voice_en_23851540-common_voice_en_23851542.wav	0.0	the extension is dependent on some club options and performance triggers	the extension is dependent on some club options and performance triggers	0	0	0
/opt/gpfs/users/shuai/work/block-conversion-b2/OmniVoice/results_b2_steps32/seedtts_en/common_voice_en_23954802-common_voice_en_23954801.wav	0.0	the first chapter was published in the new york times and is accessible online	the first chapter was published in the new york times and is accessible online	0	0	0
/opt/gpfs/users/shuai/work/block-conversion-b2/OmniVoice/results_b2_steps32/seedtts_en/common_voice_en_23962172-common_voice_en_23962173.wav	0.07692307692307693	he was educated at queens' college cambridge where he read english with french	he was educated at queens college cambridge where he read english with french	0	0	1
/opt/gpfs/users/shuai/work/block-conversion-b2/OmniVoice/results_b2_steps32/seedtts_en/common_voice_en_23963776-common_voice_en_23963775.wav	0.0	the screenplay was written by howard barker	the screenplay was written by howard barker	0	0	0
/opt/gpfs/users/shuai/work/block-conversion-b2/OmniVoice/results_b2_steps32/seedtts_en/common_voice_en_23963776-common_voice_en_23963795.wav	0.0	the city is the county seat of spencer county	the city is the county seat of spencer county	0	0	0
/opt/gpfs/users/shuai/work/block-conversion-b2/OmniVoice/results_b2_steps32/seedtts_en/common_voice_en_23976710-common_voice_en_23976707.wav	0.0	the style of the seven valleys is highly poetic though not composed in verse	the style of the seven valleys is highly poetic though not composed in verse	0	0	0
/opt/gpfs/users/shuai/work/block-conversion-b2/OmniVoice/results_b2_steps32/seedtts_en/common_voice_en_23976710-common_voice_en_23976708.wav	0.0	it is commonly used as a pejorative term for ethnic ukrainians	it is commonly used as a pejorative term for ethnic ukrainians	0	0	0
/opt/gpfs/users/shuai/work/block-conversion-b2/OmniVoice/results_b2_steps32/seedtts_en/common_voice_en_23982302-common_voice_en_23982305.wav	0.0	two theories abound to the origin of the name	two theories abound to the origin of the name	0	0	0
/opt/gpfs/users/shuai/work/block-conversion-b2/OmniVoice/results_b2_steps32/seedtts_en/common_voice_en_23998981-common_voice_en_23998980.wav	0.0	however there were no widespread reforms of the common law	however there were no widespread reforms of the common law	0	0	0
/opt/gpfs/users/shuai/work/block-conversion-b2/OmniVoice/results_b2_steps32/seedtts_en/common_voice_en_23998981-common_voice_en_23998983.wav	0.0	one example still exists	one example still exists	0	0	0
/opt/gpfs/users/shuai/work/block-conversion-b2/OmniVoice/results_b2_steps32/seedtts_en/common_voice_en_24009789-common_voice_en_24009790.wav	0.0	justin has the plane drop him off at the place where tessa died	justin has the plane drop him off at the place where tessa died	0	0	0
/opt/gpfs/users/shuai/work/block-conversion-b2/OmniVoice/results_b2_steps32/seedtts_en/common_voice_en_24009789-common_voice_en_24009791.wav	0.0	he was quite active in management though his ideas were not always determinative	he was quite active in management though his ideas were not always determinative	0	0	0
/opt/gpfs/users/shuai/work/block-conversion-b2/OmniVoice/results_b2_steps32/seedtts_en/common_voice_en_24015114-common_voice_en_24015142.wav	0.0	each point has a financial value that is based on each quarter's financial performance	each point has a financial value that is based on each quarter's financial performance	0	0	0
/opt/gpfs/users/shuai/work/block-conversion-b2/OmniVoice/results_b2_steps32/seedtts_en/common_voice_en_24015114-common_voice_en_24015144.wav	0.07692307692307693	the term 'orthorexia' only applies when an eating disorder develops around that theory	the term orthorexia only applies when an eating disorder develops around that theory	0	0	1
/opt/gpfs/users/shuai/work/block-conversion-b2/OmniVoice/results_b2_steps32/seedtts_en/common_voice_en_24015547-common_voice_en_24015544.wav	0.0	he is a good player and deserves a chance at this level	he is a good player and deserves a chance at this level	0	0	0
/opt/gpfs/users/shuai/work/block-conversion-b2/OmniVoice/results_b2_steps32/seedtts_en/common_voice_en_24015547-common_voice_en_24015546.wav	0.0	her mother has died as has her older brother ernest	her mother has died as has her older brother ernest	0	0	0
/opt/gpfs/users/shuai/work/block-conversion-b2/OmniVoice/results_b2_steps32/seedtts_en/common_voice_en_24356884-common_voice_en_24356917.wav	0.0	however a player may purchase as many contestants as they desire	however a player may purchase as many contestants as they desire	0	0	0
/opt/gpfs/users/shuai/work/block-conversion-b2/OmniVoice/results_b2_steps32/seedtts_en/common_voice_en_24356884-common_voice_en_24356920.wav	0.0	services rendered to the union by marines under harris were varied and many	services rendered to the union by marines under harris were varied and many	0	0	0
/opt/gpfs/users/shuai/work/block-conversion-b2/OmniVoice/results_b2_steps32/seedtts_en/common_voice_en_24423943-common_voice_en_24423942.wav	0.0	the schools are composed of departments and teaching sections	the schools are composed of departments and teaching sections	0	0	0
/opt/gpfs/users/shuai/work/block-conversion-b2/OmniVoice/results_b2_steps32/seedtts_en/common_voice_en_24423943-common_voice_en_24423945.wav	0.07692307692307693	it features three unique paths to select influencing story development gameplay and puzzles	it features three unique paths to select influencing story development gameplay and puzzles ah	1	0	0
/opt/gpfs/users/shuai/work/block-conversion-b2/OmniVoice/results_b2_steps32/seedtts_en/common_voice_en_24504889-common_voice_en_24504891.wav	0.0	for the full history see list of southern conference men's basketball champions	for the full history see list of southern conference men's basketball champions	0	0	0
/opt/gpfs/users/shuai/work/block-conversion-b2/OmniVoice/results_b2_steps32/seedtts_en/common_voice_en_24504889-common_voice_en_24504894.wav	0.0	it is so named because it was designed and implemented at dartmouth college	it is so named because it was designed and implemented at dartmouth college	0	0	0
/opt/gpfs/users/shuai/work/block-conversion-b2/OmniVoice/results_b2_steps32/seedtts_en/common_voice_en_24518104-common_voice_en_24518109.wav	0.2222222222222222	after the war he ran his own barber's shop	after the war he ran his own barber shop uh	1	0	1
/opt/gpfs/users/shuai/work/block-conversion-b2/OmniVoice/results_b2_steps32/seedtts_en/common_voice_en_24518104-common_voice_en_24518111.wav	0.09090909090909091	the absence of 'a' waves may be seen in atrial fibrillation	the absence of a waves may be seen in atrial fibrillation	0	0	1
/opt/gpfs/users/shuai/work/block-conversion-b2/OmniVoice/results_b2_steps32/seedtts_en/common_voice_en_24523505-common_voice_en_24523504.wav	0.0	this type of mount is used in transit telescopes designed for precision astronomical measurement	this type of mount is used in transit telescopes designed for precision astronomical measurement	0	0	0
/opt/gpfs/users/shuai/work/block-conversion-b2/OmniVoice/results_b2_steps32/seedtts_en/common_voice_en_24523505-common_voice_en_24523506.wav	0.0	the beam was bent down perpendicular to the magnetic field	the beam was bent down perpendicular to the magnetic field	0	0	0
/opt/gpfs/users/shuai/work/block-conversion-b2/OmniVoice/results_b2_steps32/seedtts_en/common_voice_en_24567654-common_voice_en_24567652.wav	0.09090909090909091	for citizens of rural india hypergamy is an opportunity to modernize	for citizens of rural india hypergamy is an opportunity to modernize uh	1	0	0
/opt/gpfs/users/shuai/work/block-conversion-b2/OmniVoice/results_b2_steps32/seedtts_en/common_voice_en_24567654-common_voice_en_24567661.wav	0.0	to this smith called for removal of the papago people	to this smith called for removal of the papago people	0	0	0
/opt/gpfs/users/shuai/work/block-conversion-b2/OmniVoice/results_b2_steps32/seedtts_en/common_voice_en_24605843-common_voice_en_24605841.wav	0.0	he went on to lose the general election to hefner	he went on to lose the general election to hefner	0	0	0
/opt/gpfs/users/shuai/work/block-conversion-b2/OmniVoice/results_b2_steps32/seedtts_en/common_voice_en_24605843-common_voice_en_24605845.wav	0.0	his parents were the comedy double act callan and emery	his parents were the comedy double act callan and emery	0	0	0
/opt/gpfs/users/shuai/work/block-conversion-b2/OmniVoice/results_b2_steps32/seedtts_en/common_voice_en_24681934-common_voice_en_24681933.wav	0.0	this applies more as the network density increases	this applies more as the network density increases	0	0	0
/opt/gpfs/users/shuai/work/block-conversion-b2/OmniVoice/results_b2_steps32/seedtts_en/common_voice_en_24681934-common_voice_en_24681937.wav	0.0	the airport's abingdon plantation historical site is near the station	the airport's abingdon plantation historical site is near the station	0	0	0
/opt/gpfs/users/shuai/work/block-conversion-b2/OmniVoice/results_b2_steps32/seedtts_en/common_voice_en_24814747-common_voice_en_24814749.wav	0.0	ross also wrote a novelization of the theatrical film house of dark shadows	ross also wrote a novelization of the theatrical film house of dark shadows	0	0	0
/opt/gpfs/users/shuai/work/block-conversion-b2/OmniVoice/results_b2_steps32/seedtts_en/common_voice_en_24819370-common_voice_en_24819368.wav	0.0	it was also ranked the worst performing vehicle	it was also ranked the worst performing vehicle	0	0	0
/opt/gpfs/users/shuai/work/block-conversion-b2/OmniVoice/results_b2_steps32/seedtts_en/common_voice_en_24837486-common_voice_en_24837489.wav	0.0	the concept of the piece was to make an orchestra speak	the concept of the piece was to make an orchestra speak	0	0	0
/opt/gpfs/users/shuai/work/block-conversion-b2/OmniVoice/results_b2_steps32/seedtts_en/common_voice_en_24912752-common_voice_en_24912751.wav	0.0	for this particular purpose we choose the virtual force system in fig	for this particular purpose we choose the virtual force system in fig	0	0	0
/opt/gpfs/users/shuai/work/block-conversion-b2/OmniVoice/results_b2_steps32/seedtts_en/common_voice_en_24912752-common_voice_en_24913161.wav	0.0	these drawings are usually outline drawings that are quite expressionless and somber in appearance	these drawings are usually outline drawings that are quite expressionless and somber in appearance	0	0	0
/opt/gpfs/users/shuai/work/block-conversion-b2/OmniVoice/results_b2_steps32/seedtts_en/common_voice_en_24985801-common_voice_en_24985800.wav	0.07142857142857142	zee has continued to perform with new order on all their successive studio albums	z has continued to perform with new order on all their successive studio albums	0	0	1
/opt/gpfs/users/shuai/work/block-conversion-b2/OmniVoice/results_b2_steps32/seedtts_en/common_voice_en_24985801-common_voice_en_24985802.wav	0.07142857142857142	errors from the model and adding accumulate which eventually subtracted from the initial value	errors from the model and adding accumulate which eventually subtracted from the initial value ah	1	0	0
/opt/gpfs/users/shuai/work/block-conversion-b2/OmniVoice/results_b2_steps32/seedtts_en/common_voice_en_24988318-common_voice_en_24988314.wav	0.1	the canton consists of a mayor and five council members	the canton consists of a mayor and five council members oh	1	0	0
/opt/gpfs/users/shuai/work/block-conversion-b2/OmniVoice/results_b2_steps32/seedtts_en/common_voice_en_24988318-common_voice_en_24988361.wav	0.0	it had a lower rate of fire and was used as a siege engine	it had a lower rate of fire and was used as a siege engine	0	0	0
/opt/gpfs/users/shuai/work/block-conversion-b2/OmniVoice/results_b2_steps32/seedtts_en/common_voice_en_24989570-common_voice_en_24989571.wav	0.0	however this time it was directly headed by the russian ambassador	however this time it was directly headed by the russian ambassador	0	0	0
/opt/gpfs/users/shuai/work/block-conversion-b2/OmniVoice/results_b2_steps32/seedtts_en/common_voice_en_24989570-common_voice_en_24989573.wav	0.0	it was a major player in the introduction of the meiji restoration	it was a major player in the introduction of the meiji restoration	0	0	0
/opt/gpfs/users/shuai/work/block-conversion-b2/OmniVoice/results_b2_steps32/seedtts_en/common_voice_en_25014861-common_voice_en_25014862.wav	0.0	changes to diet and nutritional supplements may help some patients	changes to diet and nutritional supplements may help some patients	0	0	0
/opt/gpfs/users/shuai/work/block-conversion-b2/OmniVoice/results_b2_steps32/seedtts_en/common_voice_en_25014861-common_voice_en_25014863.wav	0.0	more visible enforcement of traffic regulations on motorists bicyclists and pedestrians has commenced	more visible enforcement of traffic regulations on motorists bicyclists and pedestrians has commenced	0	0	0
/opt/gpfs/users/shuai/work/block-conversion-b2/OmniVoice/results_b2_steps32/seedtts_en/common_voice_en_25024571-common_voice_en_25024570.wav	0.0	the regiment fought successfully against the cherokees	the regiment fought successfully against the cherokees	0	0	0
/opt/gpfs/users/shuai/work/block-conversion-b2/OmniVoice/results_b2_steps32/seedtts_en/common_voice_en_25024571-common_voice_en_25024574.wav	0.0	some of these include the sambar wild boar south china rabbit and badger	some of these include the sambar wild boar south china rabbit and badger	0	0	0
/opt/gpfs/users/shuai/work/block-conversion-b2/OmniVoice/results_b2_steps32/seedtts_en/common_voice_en_25035745-common_voice_en_25035744.wav	0.0	it will be the jolliest piece i have ever done especially the last movement	it will be the jolliest piece i have ever done especially the last movement	0	0	0
/opt/gpfs/users/shuai/work/block-conversion-b2/OmniVoice/results_b2_steps32/seedtts_en/common_voice_en_25035745-common_voice_en_25035747.wav	0.0	she was a cosponsor of the employee free choice act	she was a cosponsor of the employee free choice act	0	0	0
/opt/gpfs/users/shuai/work/block-conversion-b2/OmniVoice/results_b2_steps32/seedtts_en/common_voice_en_25127181-common_voice_en_25127184.wav	0.0	the style changes very quickly when executed	the style changes very quickly when executed	0	0	0
/opt/gpfs/users/shuai/work/block-conversion-b2/OmniVoice/results_b2_steps32/seedtts_en/common_voice_en_25186585-common_voice_en_25186583.wav	0.0	the elevator shaft opens to a destroyed victorian house in a similarly destroyed city	the elevator shaft opens to a destroyed victorian house in a similarly destroyed city	0	0	0
/opt/gpfs/users/shuai/work/block-conversion-b2/OmniVoice/results_b2_steps32/seedtts_en/common_voice_en_25186585-common_voice_en_25186586.wav	0.0	they also have souls and the need to be loved and protected	they also have souls and the need to be loved and protected	0	0	0
/opt/gpfs/users/shuai/work/block-conversion-b2/OmniVoice/results_b2_steps32/seedtts_en/common_voice_en_25190404-common_voice_en_25190406.wav	0.08333333333333333	the family seat was westport house near westport county mayo in ireland	the family seat was westport house near westport county mayo in ireland uh	1	0	0
/opt/gpfs/users/shuai/work/block-conversion-b2/OmniVoice/results_b2_steps32/seedtts_en/common_voice_en_25190404-common_voice_en_25190411.wav	0.0	he has also authored a number of books on the subject	he has also authored a number of books on the subject	0	0	0
/opt/gpfs/users/shuai/work/block-conversion-b2/OmniVoice/results_b2_steps32/seedtts_en/common_voice_en_25200065-common_voice_en_25200064.wav	0.0	the south wing is an outdoor pavilion overlooking the lower ovals	the south wing is an outdoor pavilion overlooking the lower ovals	0	0	0
/opt/gpfs/users/shuai/work/block-conversion-b2/OmniVoice/results_b2_steps32/seedtts_en/common_voice_en_25204047-common_voice_en_25204042.wav	0.0	lake whitney is also part of the texas lakes trail region of north texas	lake whitney is also part of the texas lakes trail region of north texas	0	0	0
/opt/gpfs/users/shuai/work/block-conversion-b2/OmniVoice/results_b2_steps32/seedtts_en/common_voice_en_25204047-common_voice_en_25204043.wav	0.0	below the premier division lies the senior a division and senior b division	below the premier division lies the senior a division and senior b division	0	0	0
/opt/gpfs/users/shuai/work/block-conversion-b2/OmniVoice/results_b2_steps32/seedtts_en/common_voice_en_25216968-common_voice_en_25216966.wav	0.2222222222222222	south korea plans national digital currency using a blockchain	uh south korea plans national digital currency using a blockchain uh	2	0	0
/opt/gpfs/users/shuai/work/block-conversion-b2/OmniVoice/results_b2_steps32/seedtts_en/common_voice_en_25257658-common_voice_en_25257662.wav	0.0	singling out alcohol impairment for extra punishment isn't about making the roads safer	singling out alcohol impairment for extra punishment isn't about making the roads safer	0	0	0
/opt/gpfs/users/shuai/work/block-conversion-b2/OmniVoice/results_b2_steps32/seedtts_en/common_voice_en_25257658-common_voice_en_25257664.wav	0.0	it is going to be shut down within the next few weeks	it is going to be shut down within the next few weeks	0	0	0
/opt/gpfs/users/shuai/work/block-conversion-b2/OmniVoice/results_b2_steps32/seedtts_en/common_voice_en_25271639-common_voice_en_25271640.wav	0.0	the important agricultural products are wheat and corn	the important agricultural products are wheat and corn	0	0	0
/opt/gpfs/users/shuai/work/block-conversion-b2/OmniVoice/results_b2_steps32/seedtts_en/common_voice_en_25271639-common_voice_en_25271686.wav	0.0	the church contains a large number of items that are registered as historical objects	the church contains a large number of items that are registered as historical objects	0	0	0
/opt/gpfs/users/shuai/work/block-conversion-b2/OmniVoice/results_b2_steps32/seedtts_en/common_voice_en_25282242-common_voice_en_25282245.wav	0.0	she was very much interested in the arts and she cultivated singing	she was very much interested in the arts and she cultivated singing	0	0	0
/opt/gpfs/users/shuai/work/block-conversion-b2/OmniVoice/results_b2_steps32/seedtts_en/common_voice_en_25313898-common_voice_en_25313899.wav	0.0	suddenly franzen was breaking big brother's house rules not once but many times over	suddenly franzen was breaking big brother's house rules not once but many times over	0	0	0
/opt/gpfs/users/shuai/work/block-conversion-b2/OmniVoice/results_b2_steps32/seedtts_en/common_voice_en_25313898-common_voice_en_25313900.wav	0.0	as such symbols and customs of mexico grew up in new mexico as well	as such symbols and customs of mexico grew up in new mexico as well	0	0	0
/opt/gpfs/users/shuai/work/block-conversion-b2/OmniVoice/results_b2_steps32/seedtts_en/common_voice_en_25319086-common_voice_en_25319084.wav	1.0	urban neglect has been followed by private housing on former industrial land	uh	0	11	1
/opt/gpfs/users/shuai/work/block-conversion-b2/OmniVoice/results_b2_steps32/seedtts_en/common_voice_en_25319086-common_voice_en_25319087.wav	0.09090909090909091	on his return to england he became a successful portrait painter	on his return to england he became a successful portrait painter mmm	1	0	0
/opt/gpfs/users/shuai/work/block-conversion-b2/OmniVoice/results_b2_steps32/seedtts_en/common_voice_en_25346256-common_voice_en_25346259.wav	0.0	they are often in dual or quadruple mounts allowing a high rate of fire	they are often in dual or quadruple mounts allowing a high rate of fire	0	0	0
/opt/gpfs/users/shuai/work/block-conversion-b2/OmniVoice/results_b2_steps32/seedtts_en/common_voice_en_25347734-common_voice_en_25347732.wav	0.09090909090909091	before it was stopped vancouver's hogan's alley neighbourhood was largely demolished	before it was stopped vancouver's hogan's alley neighborhood was largely demolished	0	0	1
/opt/gpfs/users/shuai/work/block-conversion-b2/OmniVoice/results_b2_steps32/seedtts_en/common_voice_en_25347734-common_voice_en_25347736.wav	0.0	he relocated to bentonville arkansas where he worked for walmart as a fitness trainer	he relocated to bentonville arkansas where he worked for walmart as a fitness trainer	0	0	0
/opt/gpfs/users/shuai/work/block-conversion-b2/OmniVoice/results_b2_steps32/seedtts_en/common_voice_en_25428174-common_voice_en_25428168.wav	0.0	they are members of the stephen wise free synagogue in new york	they are members of the stephen wise free synagogue in new york	0	0	0
/opt/gpfs/users/shuai/work/block-conversion-b2/OmniVoice/results_b2_steps32/seedtts_en/common_voice_en_25428174-common_voice_en_25428180.wav	0.0	the mixture of public and private funding have created complex pension and insurance systems	the mixture of public and private funding have created complex pension and insurance systems	0	0	0
/opt/gpfs/users/shuai/work/block-conversion-b2/OmniVoice/results_b2_steps32/seedtts_en/common_voice_en_25563964-common_voice_en_25563960.wav	0.0	in more modern times there has been a thriving musical scene	in more modern times there has been a thriving musical scene	0	0	0
/opt/gpfs/users/shuai/work/block-conversion-b2/OmniVoice/results_b2_steps32/seedtts_en/common_voice_en_25563964-common_voice_en_25564015.wav	0.0	moreover a few deities are not easily classifiable under these terms	moreover a few deities are not easily classifiable under these terms	0	0	0
/opt/gpfs/users/shuai/work/block-conversion-b2/OmniVoice/results_b2_steps32/seedtts_en/common_voice_en_25568854-common_voice_en_25568851.wav	0.0	to communicate over the longest distances hams use moon bounce	to communicate over the longest distances hams use moon bounce	0	0	0
/opt/gpfs/users/shuai/work/block-conversion-b2/OmniVoice/results_b2_steps32/seedtts_en/common_voice_en_25568854-common_voice_en_25568855.wav	0.0	these are two of only three known formations to have dinosaur fossils in antarctica	these are two of only three known formations to have dinosaur fossils in antarctica	0	0	0
/opt/gpfs/users/shuai/work/block-conversion-b2/OmniVoice/results_b2_steps32/seedtts_en/common_voice_en_25572984-common_voice_en_25572982.wav	0.07692307692307693	this was the same ratings received as the previous episode skin of evil	this was the same readings received as the previous episode skin of evil	0	0	1
/opt/gpfs/users/shuai/work/block-conversion-b2/OmniVoice/results_b2_steps32/seedtts_en/common_voice_en_25626822-common_voice_en_25626825.wav	0.08333333333333333	babele is one of the most popular tourist destinations in the country	babel is one of the most popular tourist destinations in the country	0	0	1
/opt/gpfs/users/shuai/work/block-conversion-b2/OmniVoice/results_b2_steps32/seedtts_en/common_voice_en_25662916-common_voice_en_25662913.wav	0.125	it has a rich history in gold mining	it has a rich history in gold mining uh	1	0	0
/opt/gpfs/users/shuai/work/block-conversion-b2/OmniVoice/results_b2_steps32/seedtts_en/common_voice_en_25662916-common_voice_en_25663069.wav	0.0	many american television shows usually medical dramas take place in teaching hospitals	many american television shows usually medical dramas take place in teaching hospitals	0	0	0
/opt/gpfs/users/shuai/work/block-conversion-b2/OmniVoice/results_b2_steps32/seedtts_en/common_voice_en_25693607-common_voice_en_25693608.wav	0.0	this principle is a restriction but also is a guide in formulating physical theories	this principle is a restriction but also is a guide in formulating physical theories	0	0	0
/opt/gpfs/users/shuai/work/block-conversion-b2/OmniVoice/results_b2_steps32/seedtts_en/common_voice_en_25693607-common_voice_en_25693609.wav	0.0	an example of this is virginia's personal property tax	an example of this is virginia's personal property tax	0	0	0
/opt/gpfs/users/shuai/work/block-conversion-b2/OmniVoice/results_b2_steps32/seedtts_en/common_voice_en_25694807-common_voice_en_25694816.wav	0.0	he was also chairman of the victoria league kent	he was also chairman of the victoria league kent	0	0	0
/opt/gpfs/users/shuai/work/block-conversion-b2/OmniVoice/results_b2_steps32/seedtts_en/common_voice_en_25694807-common_voice_en_25694818.wav	0.0	it is today known that his opponents usually used forgery to meet his argumentation	it is today known that his opponents usually used forgery to meet his argumentation	0	0	0
/opt/gpfs/users/shuai/work/block-conversion-b2/OmniVoice/results_b2_steps32/seedtts_en/common_voice_en_25710838-common_voice_en_25710836.wav	0.0	the second religion is known as taoism or the primitive religion	the second religion is known as taoism or the primitive religion	0	0	0
/opt/gpfs/users/shuai/work/block-conversion-b2/OmniVoice/results_b2_steps32/seedtts_en/common_voice_en_25745884-common_voice_en_25745889.wav	0.08333333333333333	she knocks on ben's door unaware that he's at the block party	she knocks on ben's door unaware that he's at the block party uh	1	0	0
/opt/gpfs/users/shuai/work/block-conversion-b2/OmniVoice/results_b2_steps32/seedtts_en/common_voice_en_25748530-common_voice_en_25748532.wav	0.0	it took the efforts of an officer in napoleon's army to change this	it took the efforts of an officer in napoleon's army to change this	0	0	0
/opt/gpfs/users/shuai/work/block-conversion-b2/OmniVoice/results_b2_steps32/seedtts_en/common_voice_en_25821292-common_voice_en_25821294.wav	0.0	in the final reunion film bionic ever after	in the final reunion film bionic ever after	0	0	0
/opt/gpfs/users/shuai/work/block-conversion-b2/OmniVoice/results_b2_steps32/seedtts_en/common_voice_en_25821292-common_voice_en_25821295.wav	0.0	there was a growing need for financial support and organization structure	there was a growing need for financial support and organization structure	0	0	0
/opt/gpfs/users/shuai/work/block-conversion-b2/OmniVoice/results_b2_steps32/seedtts_en/common_voice_en_2586258-common_voice_en_2586259.wav	0.23076923076923078	you can create bookmarks in you web browser to make browsing more convenient	you can create bookmarks in uwebbrowser to make browsing more convenient	0	2	1
/opt/gpfs/users/shuai/work/block-conversion-b2/OmniVoice/results_b2_steps32/seedtts_en/common_voice_en_2586258-common_voice_en_2586260.wav	0.0	oh what are you going to when he arrives	oh what are you going to when he arrives	0	0	0
/opt/gpfs/users/shuai/work/block-conversion-b2/OmniVoice/results_b2_steps32/seedtts_en/common_voice_en_25879467-common_voice_en_25879468.wav	1.0	it was gone all was dark	ah	0	5	1
/opt/gpfs/users/shuai/work/block-conversion-b2/OmniVoice/results_b2_steps32/seedtts_en/common_voice_en_25879467-common_voice_en_25879469.wav	0.0	he held a post at columbia university in the faculty of social sciences	he held a post at columbia university in the faculty of social sciences	0	0	0
/opt/gpfs/users/shuai/work/block-conversion-b2/OmniVoice/results_b2_steps32/seedtts_en/common_voice_en_25880669-common_voice_en_25880691.wav	0.0	amnesty international and some religions oppose capital punishment on moral grounds	amnesty international and some religions oppose capital punishment on moral grounds	0	0	0
/opt/gpfs/users/shuai/work/block-conversion-b2/OmniVoice/results_b2_steps32/seedtts_en/common_voice_en_25896925-common_voice_en_25896927.wav	0.0	he lived with a skinny dog for five years	he lived with a skinny dog for five years	0	0	0
/opt/gpfs/users/shuai/work/block-conversion-b2/OmniVoice/results_b2_steps32/seedtts_en/common_voice_en_25896925-common_voice_en_26641098.wav	0.0	modi only attended hindu religious ceremonies and had prominent associations with hindu religious leaders	modi only attended hindu religious ceremonies and had prominent associations with hindu religious leaders	0	0	0
/opt/gpfs/users/shuai/work/block-conversion-b2/OmniVoice/results_b2_steps32/seedtts_en/common_voice_en_26031217-common_voice_en_26031215.wav	0.0	it was an important source of slaves at that time	it was an important source of slaves at that time	0	0	0
/opt/gpfs/users/shuai/work/block-conversion-b2/OmniVoice/results_b2_steps32/seedtts_en/common_voice_en_26031217-common_voice_en_26031218.wav	0.0	to have a reed in the spine what a makeshift source	to have a reed in the spine what a makeshift source	0	0	0
/opt/gpfs/users/shuai/work/block-conversion-b2/OmniVoice/results_b2_steps32/seedtts_en/common_voice_en_26319796-common_voice_en_26319797.wav	0.0	bronchitis is far from being an uncommon disease of infants	bronchitis is far from being an uncommon disease of infants	0	0	0
/opt/gpfs/users/shuai/work/block-conversion-b2/OmniVoice/results_b2_steps32/seedtts_en/common_voice_en_26324572-common_voice_en_26324575.wav	0.0	all information in the chart must be placed in order by the record number	all information in the chart must be placed in order by the record number	0	0	0
/opt/gpfs/users/shuai/work/block-conversion-b2/OmniVoice/results_b2_steps32/seedtts_en/common_voice_en_26453369-common_voice_en_26453364.wav	0.0	harris was born and raised near denver colorado	harris was born and raised near denver colorado	0	0	0
/opt/gpfs/users/shuai/work/block-conversion-b2/OmniVoice/results_b2_steps32/seedtts_en/common_voice_en_26554168-common_voice_en_26554170.wav	0.0	the tetrahydrate can exist in two structures or polymorphs	the tetrahydrate can exist in two structures or polymorphs	0	0	0
/opt/gpfs/users/shuai/work/block-conversion-b2/OmniVoice/results_b2_steps32/seedtts_en/common_voice_en_26554168-common_voice_en_26554171.wav	0.0	it also appeared in the movie orphan train	it also appeared in the movie orphan train	0	0	0
/opt/gpfs/users/shuai/work/block-conversion-b2/OmniVoice/results_b2_steps32/seedtts_en/common_voice_en_26645969-common_voice_en_26645970.wav	0.0	this theory is called the endosymbiotic theory	this theory is called the endosymbiotic theory	0	0	0
/opt/gpfs/users/shuai/work/block-conversion-b2/OmniVoice/results_b2_steps32/seedtts_en/common_voice_en_26933529-common_voice_en_26933531.wav	0.0	there is also a genetic test that can be done for this disorder	there is also a genetic test that can be done for this disorder	0	0	0
/opt/gpfs/users/shuai/work/block-conversion-b2/OmniVoice/results_b2_steps32/seedtts_en/common_voice_en_26933529-common_voice_en_26933532.wav	0.0	if this results in a further line of three this line also disappears	if this results in a further line of three this line also disappears	0	0	0
/opt/gpfs/users/shuai/work/block-conversion-b2/OmniVoice/results_b2_steps32/seedtts_en/common_voice_en_26952530-common_voice_en_26952588.wav	0.07692307692307693	critics have taken roney to task for sounding too similar to his idol	critics have taken roni to task for sounding too similar to his idol	0	0	1
/opt/gpfs/users/shuai/work/block-conversion-b2/OmniVoice/results_b2_steps32/seedtts_en/common_voice_en_26952530-common_voice_en_26952634.wav	0.0	he appeared in numerous episodes and was usually comic foil to brett somers	he appeared in numerous episodes and was usually comic foil to brett somers	0	0	0
/opt/gpfs/users/shuai/work/block-conversion-b2/OmniVoice/results_b2_steps32/seedtts_en/common_voice_en_26953128-common_voice_en_26953126.wav	0.0	nine disciplines have been authorized to grant master's degrees	nine disciplines have been authorized to grant master's degrees	0	0	0
/opt/gpfs/users/shuai/work/block-conversion-b2/OmniVoice/results_b2_steps32/seedtts_en/common_voice_en_26953128-common_voice_en_26953130.wav	0.08333333333333333	born in virginia roane pursued in preparatory studies as a young man	born in virginia roan pursued in preparatory studies as a young man	0	0	1
/opt/gpfs/users/shuai/work/block-conversion-b2/OmniVoice/results_b2_steps32/seedtts_en/common_voice_en_27015814-common_voice_en_27015815.wav	0.0	the people listed below have featured on gabonese stamps since independence	the people listed below have featured on gabonese stamps since independence	0	0	0
/opt/gpfs/users/shuai/work/block-conversion-b2/OmniVoice/results_b2_steps32/seedtts_en/common_voice_en_27099623-common_voice_en_27099624.wav	0.0	dempsey became a household name and he dated and married hollywood actresses	dempsey became a household name and he dated and married hollywood actresses	0	0	0
/opt/gpfs/users/shuai/work/block-conversion-b2/OmniVoice/results_b2_steps32/seedtts_en/common_voice_en_27099623-common_voice_en_27099625.wav	0.0	yates also received an invite to spring training	yates also received an invite to spring training	0	0	0
/opt/gpfs/users/shuai/work/block-conversion-b2/OmniVoice/results_b2_steps32/seedtts_en/common_voice_en_27172977-common_voice_en_27172978.wav	0.0	ticket barriers are sometimes in operation depending on the time of day	ticket barriers are sometimes in operation depending on the time of day	0	0	0
/opt/gpfs/users/shuai/work/block-conversion-b2/OmniVoice/results_b2_steps32/seedtts_en/common_voice_en_27172977-common_voice_en_27172980.wav	0.0	thousands of people showed their creativity and voiced their opinions	thousands of people showed their creativity and voiced their opinions	0	0	0
/opt/gpfs/users/shuai/work/block-conversion-b2/OmniVoice/results_b2_steps32/seedtts_en/common_voice_en_27383934-common_voice_en_27383932.wav	0.1111111111111111	on her return home she paid off to reserve	on her return home she paid off to reserve uh	1	0	0
/opt/gpfs/users/shuai/work/block-conversion-b2/OmniVoice/results_b2_steps32/seedtts_en/common_voice_en_27383934-common_voice_en_27383936.wav	0.0	to encourage skill acquisition the program uses the child's particular motivation for learning	to encourage skill acquisition the program uses the child's particular motivation for learning	0	0	0
/opt/gpfs/users/shuai/work/block-conversion-b2/OmniVoice/results_b2_steps32/seedtts_en/common_voice_en_27389507-common_voice_en_27389508.wav	0.0	the player must then be caught by a ghost to reopen the chutes	the player must then be caught by a ghost to reopen the chutes	0	0	0
/opt/gpfs/users/shuai/work/block-conversion-b2/OmniVoice/results_b2_steps32/seedtts_en/common_voice_en_27389507-common_voice_en_27389509.wav	0.0	it is a relative dating technique in geology	it is a relative dating technique in geology	0	0	0
/opt/gpfs/users/shuai/work/block-conversion-b2/OmniVoice/results_b2_steps32/seedtts_en/common_voice_en_27404277-common_voice_en_27404276.wav	0.07142857142857142	the film was an average commercial success but earned critical acclaim from award committees	the film was an average commercial success but earned critical acclaim from award committees ah	1	0	0
/opt/gpfs/users/shuai/work/block-conversion-b2/OmniVoice/results_b2_steps32/seedtts_en/common_voice_en_27434681-common_voice_en_27434683.wav	0.1	the detective untangles a web of robberies lies and murder	the detective untangles a web of robberies lies and murder ah	1	0	0
/opt/gpfs/users/shuai/work/block-conversion-b2/OmniVoice/results_b2_steps32/seedtts_en/common_voice_en_27434681-common_voice_en_27434685.wav	0.0	she has an older sister jennifer who is an advertising executive	she has an older sister jennifer who is an advertising executive	0	0	0
/opt/gpfs/users/shuai/work/block-conversion-b2/OmniVoice/results_b2_steps32/seedtts_en/common_voice_en_27474919-common_voice_en_27474918.wav	0.0	jim martin was born in savannah chatham county georgia	jim martin was born in savannah chatham county georgia	0	0	0
/opt/gpfs/users/shuai/work/block-conversion-b2/OmniVoice/results_b2_steps32/seedtts_en/common_voice_en_27474919-common_voice_en_27474920.wav	0.1	she also took introduction courses in japanese chinese and arabic	she also took introduction courses in japanese chinese and english	0	0	1
/opt/gpfs/users/shuai/work/block-conversion-b2/OmniVoice/results_b2_steps32/seedtts_en/common_voice_en_27501458-common_voice_en_27501460.wav	0.18181818181818182	some prize levels also changed at the start of season eight	some price levels also changed at the start of season 8	0	0	2
/opt/gpfs/users/shuai/work/block-conversion-b2/OmniVoice/results_b2_steps32/seedtts_en/common_voice_en_275174-common_voice_en_275175.wav	0.0	the requirements are rather high for this job	the requirements are rather high for this job	0	0	0
/opt/gpfs/users/shuai/work/block-conversion-b2/OmniVoice/results_b2_steps32/seedtts_en/common_voice_en_27573778-common_voice_en_27573779.wav	0.1	however when race officials discovered surtees's age they were disqualified	however when race officials discovered surtees' age they were disqualified	0	0	1
/opt/gpfs/users/shuai/work/block-conversion-b2/OmniVoice/results_b2_steps32/seedtts_en/common_voice_en_27573778-common_voice_en_27573780.wav	0.0	he is the younger brother of actor jeff wincott	he is the younger brother of actor jeff wincott	0	0	0
/opt/gpfs/users/shuai/work/block-conversion-b2/OmniVoice/results_b2_steps32/seedtts_en/common_voice_en_27585762-common_voice_en_27585765.wav	0.0	it is a member of the socialist international	it is a member of the socialist international	0	0	0
/opt/gpfs/users/shuai/work/block-conversion-b2/OmniVoice/results_b2_steps32/seedtts_en/common_voice_en_27612070-common_voice_en_27612071.wav	0.0	the monastery was inhabited by a succession of three different religious orders	the monastery was inhabited by a succession of three different religious orders	0	0	0
/opt/gpfs/users/shuai/work/block-conversion-b2/OmniVoice/results_b2_steps32/seedtts_en/common_voice_en_27733062-common_voice_en_27733063.wav	0.0	thus under this proposal the republic of china would become fully defunct	thus under this proposal the republic of china would become fully defunct	0	0	0
/opt/gpfs/users/shuai/work/block-conversion-b2/OmniVoice/results_b2_steps32/seedtts_en/common_voice_en_27733062-common_voice_en_27733065.wav	0.0	the king of portugal was being shaved by his barber	the king of portugal was being shaved by his barber	0	0	0
/opt/gpfs/users/shuai/work/block-conversion-b2/OmniVoice/results_b2_steps32/seedtts_en/common_voice_en_27794266-common_voice_en_27794264.wav	0.0	don lash park in auburn is named for him	don lash park in auburn is named for him	0	0	0
/opt/gpfs/users/shuai/work/block-conversion-b2/OmniVoice/results_b2_steps32/seedtts_en/common_voice_en_27794266-common_voice_en_27794265.wav	0.07692307692307693	a screening patrol combines a number of patrols to 'screen' a large area	a screening patrol combines a number of patrols to screen a large area	0	0	1
/opt/gpfs/users/shuai/work/block-conversion-b2/OmniVoice/results_b2_steps32/seedtts_en/common_voice_en_27856404-common_voice_en_27856406.wav	0.09090909090909091	kenneth a schmied and a brother entered the family furniture business	kenneth a schmid and a brother entered the family furniture business	0	0	1
/opt/gpfs/users/shuai/work/block-conversion-b2/OmniVoice/results_b2_steps32/seedtts_en/common_voice_en_27935469-common_voice_en_27935466.wav	0.0	the crater has nearly the same low albedo as the nearby surface	the crater has nearly the same low albedo as the nearby surface	0	0	0
/opt/gpfs/users/shuai/work/block-conversion-b2/OmniVoice/results_b2_steps32/seedtts_en/common_voice_en_27935469-common_voice_en_27935467.wav	0.0	the railroad not only agreed but allowed him to name the stop	the railroad not only agreed but allowed him to name the stop	0	0	0
/opt/gpfs/users/shuai/work/block-conversion-b2/OmniVoice/results_b2_steps32/seedtts_en/common_voice_en_28003405-common_voice_en_28003408.wav	0.15384615384615385	both terms can be literally translated to mean inner city and city centre	both terms can be literally translated to mean inner city and city center uh	1	0	1
/opt/gpfs/users/shuai/work/block-conversion-b2/OmniVoice/results_b2_steps32/seedtts_en/common_voice_en_28003405-common_voice_en_28003409.wav	0.0	this is done by dividing each variable by corresponding constant quantities	this is done by dividing each variable by corresponding constant quantities	0	0	0
/opt/gpfs/users/shuai/work/block-conversion-b2/OmniVoice/results_b2_steps32/seedtts_en/common_voice_en_28064064-common_voice_en_28064058.wav	0.0	and the phrase has retained its political power for six decades	and the phrase has retained its political power for six decades	0	0	0
/opt/gpfs/users/shuai/work/block-conversion-b2/OmniVoice/results_b2_steps32/seedtts_en/common_voice_en_28064064-common_voice_en_28064066.wav	0.09090909090909091	she initially joined the leadership of the women's trade union league	she initially joined the leadership of the women's trade union league um	1	0	0
/opt/gpfs/users/shuai/work/block-conversion-b2/OmniVoice/results_b2_steps32/seedtts_en/common_voice_en_28065832-common_voice_en_28065833.wav	0.0	differences in topography and climate separate the lowlands into three areas	differences in topography and climate separate the lowlands into three areas	0	0	0
/opt/gpfs/users/shuai/work/block-conversion-b2/OmniVoice/results_b2_steps32/seedtts_en/common_voice_en_28132727-common_voice_en_28132728.wav	0.0	another subgenre is feminist utopias and the overlapping category of feminist science fiction	another subgenre is feminist utopias and the overlapping category of feminist science fiction	0	0	0
/opt/gpfs/users/shuai/work/block-conversion-b2/OmniVoice/results_b2_steps32/seedtts_en/common_voice_en_28243259-common_voice_en_28243258.wav	0.0	the democratic party completely controls politics at the local level in pemiscot county	the democratic party completely controls politics at the local level in pemiscot county	0	0	0
/opt/gpfs/users/shuai/work/block-conversion-b2/OmniVoice/results_b2_steps32/seedtts_en/common_voice_en_28316626-common_voice_en_28316627.wav	0.0	limited hunting is permitted on some of the sites	limited hunting is permitted on some of the sites	0	0	0
/opt/gpfs/users/shuai/work/block-conversion-b2/OmniVoice/results_b2_steps32/seedtts_en/common_voice_en_28316626-common_voice_en_28316630.wav	0.0	these views may have played a role in the book's gradual fall from popularity	these views may have played a role in the book's gradual fall from popularity	0	0	0
/opt/gpfs/users/shuai/work/block-conversion-b2/OmniVoice/results_b2_steps32/seedtts_en/common_voice_en_28485171-common_voice_en_28485174.wav	0.0	as the video begins aguilera is chatting with a group of women	as the video begins aguilera is chatting with a group of women	0	0	0
/opt/gpfs/users/shuai/work/block-conversion-b2/OmniVoice/results_b2_steps32/seedtts_en/common_voice_en_28638628-common_voice_en_28638714.wav	0.0	one of its symbols are its stone towers	one of its symbols are its stone towers	0	0	0
/opt/gpfs/users/shuai/work/block-conversion-b2/OmniVoice/results_b2_steps32/seedtts_en/common_voice_en_28638628-common_voice_en_28638717.wav	0.08333333333333333	grant remarked after his sentence was passed fifteen years for fifteen words	grant remarked after his sentence was passed fifteen years for fifteen will	0	0	1
/opt/gpfs/users/shuai/work/block-conversion-b2/OmniVoice/results_b2_steps32/seedtts_en/common_voice_en_28717453-common_voice_en_28717454.wav	0.0	constrictor knots can also be quite effective as improvised hose clamps or cable ties	constrictor knots can also be quite effective as improvised hose clamps or cable ties	0	0	0
/opt/gpfs/users/shuai/work/block-conversion-b2/OmniVoice/results_b2_steps32/seedtts_en/common_voice_en_28717453-common_voice_en_28717472.wav	0.0	he then visited italy for a few months to regain his health	he then visited italy for a few months to regain his health	0	0	0
/opt/gpfs/users/shuai/work/block-conversion-b2/OmniVoice/results_b2_steps32/seedtts_en/common_voice_en_28827679-common_voice_en_28827680.wav	0.0	this was unsuccessful and macarthur received a life sentence for just one murder	this was unsuccessful and macarthur received a life sentence for just one murder	0	0	0
/opt/gpfs/users/shuai/work/block-conversion-b2/OmniVoice/results_b2_steps32/seedtts_en/common_voice_en_28827679-common_voice_en_28827709.wav	0.0	there are ongoing plans to decontaminate the river and make it navigable	there are ongoing plans to decontaminate the river and make it navigable	0	0	0
/opt/gpfs/users/shuai/work/block-conversion-b2/OmniVoice/results_b2_steps32/seedtts_en/common_voice_en_28884498-common_voice_en_28884499.wav	0.0	factors in this mode you find factors divisible by the number given	factors in this mode you find factors divisible by the number given	0	0	0
/opt/gpfs/users/shuai/work/block-conversion-b2/OmniVoice/results_b2_steps32/seedtts_en/common_voice_en_28884498-common_voice_en_28884500.wav	0.07692307692307693	it is shiny black with reddish legs short elytra and no hind wings	it is shiny black with reddish legs short elytra and no hind wings oh	1	0	0
/opt/gpfs/users/shuai/work/block-conversion-b2/OmniVoice/results_b2_steps32/seedtts_en/common_voice_en_28894436-common_voice_en_28894442.wav	0.09090909090909091	orithyia was later made into the goddess of cold mountain winds	orithia was later made into the goddess of cold mountain winds	0	0	1
/opt/gpfs/users/shuai/work/block-conversion-b2/OmniVoice/results_b2_steps32/seedtts_en/common_voice_en_28917649-common_voice_en_28917648.wav	0.0	although the band initially played in a generic oi	although the band initially played in a generic oi	0	0	0
/opt/gpfs/users/shuai/work/block-conversion-b2/OmniVoice/results_b2_steps32/seedtts_en/common_voice_en_28917649-common_voice_en_28917650.wav	0.0	he studied at the collegium capranica and the pontifical gregorian university	he studied at the collegium capranica and the pontifical gregorian university	0	0	0
/opt/gpfs/users/shuai/work/block-conversion-b2/OmniVoice/results_b2_steps32/seedtts_en/common_voice_en_28919201-common_voice_en_28919202.wav	0.07142857142857142	the following is a list of prominent oceanian jews arranged by country of origin	the following is a list of prominent oceanian jews ranged by country of origin	0	0	1
/opt/gpfs/users/shuai/work/block-conversion-b2/OmniVoice/results_b2_steps32/seedtts_en/common_voice_en_28932865-common_voice_en_28932866.wav	0.0	they were also required to maintain minimal service levels	they were also required to maintain minimal service levels	0	0	0
/opt/gpfs/users/shuai/work/block-conversion-b2/OmniVoice/results_b2_steps32/seedtts_en/common_voice_en_28932865-common_voice_en_28932867.wav	1.0	he demanded with threats of arrest the resignation of the government	bye bye bye bye	0	7	4
/opt/gpfs/users/shuai/work/block-conversion-b2/OmniVoice/results_b2_steps32/seedtts_en/common_voice_en_29264353-common_voice_en_29264354.wav	0.09090909090909091	fredrik johansson is featured in the documentary film beyond the game	frederick johansson is featured in the documentary film beyond the game	0	0	1
/opt/gpfs/users/shuai/work/block-conversion-b2/OmniVoice/results_b2_steps32/seedtts_en/common_voice_en_29345455-common_voice_en_29345456.wav	0.0	an obsessive need to control others is also associated with antisocial personality disorder	an obsessive need to control others is also associated with antisocial personality disorder	0	0	0
/opt/gpfs/users/shuai/work/block-conversion-b2/OmniVoice/results_b2_steps32/seedtts_en/common_voice_en_29495818-common_voice_en_29495898.wav	0.0	that's the day i'll have you guys take the test	that's the day i'll have you guys take the test	0	0	0
/opt/gpfs/users/shuai/work/block-conversion-b2/OmniVoice/results_b2_steps32/seedtts_en/common_voice_en_29890305-common_voice_en_29890301.wav	0.0	his father used to play dholak at radio pakistan hyderabad	his father used to play dholak at radio pakistan hyderabad	0	0	0
/opt/gpfs/users/shuai/work/block-conversion-b2/OmniVoice/results_b2_steps32/seedtts_en/common_voice_en_29890305-common_voice_en_29890302.wav	0.0	he left charlotte to take over as president of the nuggets	he left charlotte to take over as president of the nuggets	0	0	0
/opt/gpfs/users/shuai/work/block-conversion-b2/OmniVoice/results_b2_steps32/seedtts_en/common_voice_en_30232728-common_voice_en_30232725.wav	0.2	failure would mean automatic eviction	failure would mean automatic eviction uh	1	0	0
/opt/gpfs/users/shuai/work/block-conversion-b2/OmniVoice/results_b2_steps32/seedtts_en/common_voice_en_30232728-common_voice_en_30232726.wav	0.0	how about you kick the damn thing straight	how about you kick the damn thing straight	0	0	0
/opt/gpfs/users/shuai/work/block-conversion-b2/OmniVoice/results_b2_steps32/seedtts_en/common_voice_en_30471104-common_voice_en_30471105.wav	0.0	the ant colonies move around following the queen's pheromone trail	the ant colonies move around following the queen's pheromone trail	0	0	0
/opt/gpfs/users/shuai/work/block-conversion-b2/OmniVoice/results_b2_steps32/seedtts_en/common_voice_en_30619661-common_voice_en_30619659.wav	0.0	all of the songs were newly recorded material for pride	all of the songs were newly recorded material for pride	0	0	0
/opt/gpfs/users/shuai/work/block-conversion-b2/OmniVoice/results_b2_steps32/seedtts_en/common_voice_en_30619661-common_voice_en_30619662.wav	0.0	campbell helped establish branch libraries for black readers	campbell helped establish branch libraries for black readers	0	0	0
/opt/gpfs/users/shuai/work/block-conversion-b2/OmniVoice/results_b2_steps32/seedtts_en/common_voice_en_30665077-common_voice_en_30665078.wav	0.0	he has also played and coached at ole miss	he has also played and coached at ole miss	0	0	0
/opt/gpfs/users/shuai/work/block-conversion-b2/OmniVoice/results_b2_steps32/seedtts_en/common_voice_en_30665077-common_voice_en_30665079.wav	0.0	he enters the hotel room but finds that everyone already escaped	he enters the hotel room but finds that everyone already escaped	0	0	0
/opt/gpfs/users/shuai/work/block-conversion-b2/OmniVoice/results_b2_steps32/seedtts_en/common_voice_en_30735432-common_voice_en_30735431.wav	0.0	he is credited as having undertaken the first major investigation of british traditional drama	he is credited as having undertaken the first major investigation of british traditional drama	0	0	0
/opt/gpfs/users/shuai/work/block-conversion-b2/OmniVoice/results_b2_steps32/seedtts_en/common_voice_en_30735432-common_voice_en_30735433.wav	0.0	the wooden shrine is generously proportioned for the three images it houses	the wooden shrine is generously proportioned for the three images it houses	0	0	0
/opt/gpfs/users/shuai/work/block-conversion-b2/OmniVoice/results_b2_steps32/seedtts_en/common_voice_en_30757408-common_voice_en_30757409.wav	0.0	the station has three platforms for passenger transport	the station has three platforms for passenger transport	0	0	0
/opt/gpfs/users/shuai/work/block-conversion-b2/OmniVoice/results_b2_steps32/seedtts_en/common_voice_en_30883223-common_voice_en_30883220.wav	0.0	carpenter was paralyzed by polio while the couple were living in iran	carpenter was paralyzed by polio while the couple were living in iran	0	0	0
/opt/gpfs/users/shuai/work/block-conversion-b2/OmniVoice/results_b2_steps32/seedtts_en/common_voice_en_31005683-common_voice_en_31005688.wav	0.0	this has caused an outrage in the serbian public	this has caused an outrage in the serbian public	0	0	0
/opt/gpfs/users/shuai/work/block-conversion-b2/OmniVoice/results_b2_steps32/seedtts_en/common_voice_en_31005683-common_voice_en_31005691.wav	0.0	a flat body prevents it from being swept away by the current	a flat body prevents it from being swept away by the current	0	0	0
/opt/gpfs/users/shuai/work/block-conversion-b2/OmniVoice/results_b2_steps32/seedtts_en/common_voice_en_31350445-common_voice_en_31350446.wav	0.125	there are three electrified tracks at the station	there are three electrified tracks at the station ah	1	0	0
/opt/gpfs/users/shuai/work/block-conversion-b2/OmniVoice/results_b2_steps32/seedtts_en/common_voice_en_31497532-common_voice_en_31497530.wav	0.0	the transcript distinguishes between foundational credits necessary for graduation and advanced credits	the transcript distinguishes between foundational credits necessary for graduation and advanced credits	0	0	0
/opt/gpfs/users/shuai/work/block-conversion-b2/OmniVoice/results_b2_steps32/seedtts_en/common_voice_en_31497532-common_voice_en_31497531.wav	0.0	the final line is similar but follows the original pattern	the final line is similar but follows the original pattern	0	0	0
/opt/gpfs/users/shuai/work/block-conversion-b2/OmniVoice/results_b2_steps32/seedtts_en/common_voice_en_31499885-common_voice_en_31499889.wav	0.0	the tackles for loss also led the nation	the tackles for loss also led the nation	0	0	0
/opt/gpfs/users/shuai/work/block-conversion-b2/OmniVoice/results_b2_steps32/seedtts_en/common_voice_en_31499885-common_voice_en_31499906.wav	0.0	the official transfer of sovereignty was signed in the church	the official transfer of sovereignty was signed in the church	0	0	0
/opt/gpfs/users/shuai/work/block-conversion-b2/OmniVoice/results_b2_steps32/seedtts_en/common_voice_en_31576099-common_voice_en_31576097.wav	0.0	their sons unite together and avenge the death of their family	their sons unite together and avenge the death of their family	0	0	0
/opt/gpfs/users/shuai/work/block-conversion-b2/OmniVoice/results_b2_steps32/seedtts_en/common_voice_en_31776611-common_voice_en_31776613.wav	0.0	he started in the mechanization department of the main industry group in eindhoven	he started in the mechanization department of the main industry group in eindhoven	0	0	0
/opt/gpfs/users/shuai/work/block-conversion-b2/OmniVoice/results_b2_steps32/seedtts_en/common_voice_en_31892400-common_voice_en_31892402.wav	0.0	each area is further divided into groups	each area is further divided into groups	0	0	0
/opt/gpfs/users/shuai/work/block-conversion-b2/OmniVoice/results_b2_steps32/seedtts_en/common_voice_en_31892400-common_voice_en_31892404.wav	0.0	it consists of the city of riga and overseas voters	it consists of the city of riga and overseas voters	0	0	0
/opt/gpfs/users/shuai/work/block-conversion-b2/OmniVoice/results_b2_steps32/seedtts_en/common_voice_en_31959919-common_voice_en_31959922.wav	0.0	many of his novels and novellas were around thirty pages thick	many of his novels and novellas were around thirty pages thick	0	0	0
/opt/gpfs/users/shuai/work/block-conversion-b2/OmniVoice/results_b2_steps32/seedtts_en/common_voice_en_31959919-common_voice_en_31959927.wav	0.07692307692307693	one of the most famous greek painters during that time was michael damaskinos	one of the most famous greek painters during that time was michael damaschinos	0	0	1
/opt/gpfs/users/shuai/work/block-conversion-b2/OmniVoice/results_b2_steps32/seedtts_en/common_voice_en_32101327-common_voice_en_32101328.wav	0.0	jamie mistakenly believes that his father will attend the drag show	jamie mistakenly believes that his father will attend the drag show	0	0	0
/opt/gpfs/users/shuai/work/block-conversion-b2/OmniVoice/results_b2_steps32/seedtts_en/common_voice_en_32101327-common_voice_en_32101329.wav	0.0	the four group winners had the opportunity to promote directly	the four group winners had the opportunity to promote directly	0	0	0
/opt/gpfs/users/shuai/work/block-conversion-b2/OmniVoice/results_b2_steps32/seedtts_en/common_voice_en_32111431-common_voice_en_32111428.wav	0.0	he came to california for the california gold rush	he came to california for the california gold rush	0	0	0
/opt/gpfs/users/shuai/work/block-conversion-b2/OmniVoice/results_b2_steps32/seedtts_en/common_voice_en_32111431-common_voice_en_32111430.wav	0.0	charlie bolling attempted to earn playing privileges for the second straight year	charlie bolling attempted to earn playing privileges for the second straight year	0	0	0
/opt/gpfs/users/shuai/work/block-conversion-b2/OmniVoice/results_b2_steps32/seedtts_en/common_voice_en_32125519-common_voice_en_32125523.wav	0.0	the film principal photography on the same day	the film principal photography on the same day	0	0	0
/opt/gpfs/users/shuai/work/block-conversion-b2/OmniVoice/results_b2_steps32/seedtts_en/common_voice_en_32125519-common_voice_en_32125526.wav	0.0	the race was won by defending champion pascal ackermann of germany	the race was won by defending champion pascal ackermann of germany	0	0	0
/opt/gpfs/users/shuai/work/block-conversion-b2/OmniVoice/results_b2_steps32/seedtts_en/common_voice_en_32144882-common_voice_en_32144885.wav	0.0	death is the great equalizer	death is the great equalizer	0	0	0
/opt/gpfs/users/shuai/work/block-conversion-b2/OmniVoice/results_b2_steps32/seedtts_en/common_voice_en_32144882-common_voice_en_32144886.wav	0.0	russell was represented by one member in the legislative assembly	russell was represented by one member in the legislative assembly	0	0	0
/opt/gpfs/users/shuai/work/block-conversion-b2/OmniVoice/results_b2_steps32/seedtts_en/common_voice_en_32174871-common_voice_en_32174873.wav	0.0	he is known for leading the failed attempt to kidnap george washington	he is known for leading the failed attempt to kidnap george washington	0	0	0
/opt/gpfs/users/shuai/work/block-conversion-b2/OmniVoice/results_b2_steps32/seedtts_en/common_voice_en_32174871-common_voice_en_32174874.wav	0.08333333333333333	the vast baring family fortune was made partly from the slave trade	the vast bering family fortune was made partly from the slave trade	0	0	1
/opt/gpfs/users/shuai/work/block-conversion-b2/OmniVoice/results_b2_steps32/seedtts_en/common_voice_en_32263901-common_voice_en_32263900.wav	0.0	red star were the defending champions from the previous season	red star were the defending champions from the previous season	0	0	0
/opt/gpfs/users/shuai/work/block-conversion-b2/OmniVoice/results_b2_steps32/seedtts_en/common_voice_en_32279839-common_voice_en_32279841.wav	0.09090909090909091	the district includes portions of the south shore of staten island	the district includes portions of the south shore of staten island ah	1	0	0
/opt/gpfs/users/shuai/work/block-conversion-b2/OmniVoice/results_b2_steps32/seedtts_en/common_voice_en_32298822-common_voice_en_32298846.wav	0.16666666666666666	sensitivity analysis is part of recent checklists or guidelines for environmental modelling	sensitivity analysis as part of recent checklists or guidelines for environmental modeling	0	0	2
/opt/gpfs/users/shuai/work/block-conversion-b2/OmniVoice/results_b2_steps32/seedtts_en/common_voice_en_32298822-common_voice_en_32298878.wav	0.0	forestry is the main economic activity of the sector	forestry is the main economic activity of the sector	0	0	0
/opt/gpfs/users/shuai/work/block-conversion-b2/OmniVoice/results_b2_steps32/seedtts_en/common_voice_en_32377071-common_voice_en_32377070.wav	0.09090909090909091	the name means common land or land shared between local inhabitants	the name means common land or land shared between local inhabitants ah	1	0	0
/opt/gpfs/users/shuai/work/block-conversion-b2/OmniVoice/results_b2_steps32/seedtts_en/common_voice_en_32377071-common_voice_en_32377072.wav	0.0	isaiah miller was also named the southern conference defensive player of the year	isaiah miller was also named the southern conference defensive player of the year	0	0	0
/opt/gpfs/users/shuai/work/block-conversion-b2/OmniVoice/results_b2_steps32/seedtts_en/common_voice_en_32638726-common_voice_en_32638729.wav	0.0	she was involved in several record productions	she was involved in several record productions	0	0	0
/opt/gpfs/users/shuai/work/block-conversion-b2/OmniVoice/results_b2_steps32/seedtts_en/common_voice_en_32641373-common_voice_en_32641375.wav	0.0	he studied the mammalian chronology of the european eocene and upper miocene	he studied the mammalian chronology of the european eocene and upper miocene	0	0	0
/opt/gpfs/users/shuai/work/block-conversion-b2/OmniVoice/results_b2_steps32/seedtts_en/common_voice_en_32641373-common_voice_en_32641377.wav	0.0	there are narrow teeth on lateral margin of prothorax which are long	there are narrow teeth on lateral margin of prothorax which are long	0	0	0
/opt/gpfs/users/shuai/work/block-conversion-b2/OmniVoice/results_b2_steps32/seedtts_en/common_voice_en_32683120-common_voice_en_32683117.wav	0.0	the village is located on the right bank of the bolshaya	the village is located on the right bank of the bolshaya	0	0	0
/opt/gpfs/users/shuai/work/block-conversion-b2/OmniVoice/results_b2_steps32/seedtts_en/common_voice_en_32683120-common_voice_en_32683121.wav	0.0	all its functions were assigned to the secretary of state for public administrations	all its functions were assigned to the secretary of state for public administrations	0	0	0
/opt/gpfs/users/shuai/work/block-conversion-b2/OmniVoice/results_b2_steps32/seedtts_en/common_voice_en_32697372-common_voice_en_32697370.wav	0.0	she was one of several driven onto the beach	she was one of several driven onto the beach	0	0	0
/opt/gpfs/users/shuai/work/block-conversion-b2/OmniVoice/results_b2_steps32/seedtts_en/common_voice_en_32697372-common_voice_en_32697449.wav	0.0	the development sits on of real estate	the development sits on of real estate	0	0	0
/opt/gpfs/users/shuai/work/block-conversion-b2/OmniVoice/results_b2_steps32/seedtts_en/common_voice_en_32717587-common_voice_en_32717583.wav	0.1111111111111111	this version of thor was marketed as party thor	this version of thor was marketed as party thor uh	1	0	0
/opt/gpfs/users/shuai/work/block-conversion-b2/OmniVoice/results_b2_steps32/seedtts_en/common_voice_en_32717587-common_voice_en_32717586.wav	0.0	mabuchi is known for introducing the mabuchi functional	mabuchi is known for introducing the mabuchi functional	0	0	0
/opt/gpfs/users/shuai/work/block-conversion-b2/OmniVoice/results_b2_steps32/seedtts_en/common_voice_en_32734226-common_voice_en_32734228.wav	0.0	the first office was in the basement of the presbyterian church's university campus ministry	the first office was in the basement of the presbyterian church's university campus ministry	0	0	0
/opt/gpfs/users/shuai/work/block-conversion-b2/OmniVoice/results_b2_steps32/seedtts_en/common_voice_en_32764846-common_voice_en_32764847.wav	0.07142857142857142	by the final part of the nineteenth century her work had been largely forgotten	by the final part of the 19th century her work had been largely forgotten	0	0	1
/opt/gpfs/users/shuai/work/block-conversion-b2/OmniVoice/results_b2_steps32/seedtts_en/common_voice_en_32764846-common_voice_en_32764849.wav	0.0	each of these rotundas has eight windows	each of these rotundas has eight windows	0	0	0
/opt/gpfs/users/shuai/work/block-conversion-b2/OmniVoice/results_b2_steps32/seedtts_en/common_voice_en_32767770-common_voice_en_32767778.wav	0.0	the conservative party regained control of the council from no overall control	the conservative party regained control of the council from no overall control	0	0	0
/opt/gpfs/users/shuai/work/block-conversion-b2/OmniVoice/results_b2_steps32/seedtts_en/common_voice_en_32883407-common_voice_en_32883443.wav	0.0	he remained in the air force reserve after retiring from active duty	he remained in the air force reserve after retiring from active duty	0	0	0
/opt/gpfs/users/shuai/work/block-conversion-b2/OmniVoice/results_b2_steps32/seedtts_en/common_voice_en_33322125-common_voice_en_33322126.wav	0.0	additional promotion included coverage of the book by yahoo	additional promotion included coverage of the book by yahoo	0	0	0
/opt/gpfs/users/shuai/work/block-conversion-b2/OmniVoice/results_b2_steps32/seedtts_en/common_voice_en_33322125-common_voice_en_33322130.wav	0.15384615384615385	her parents were modest russian jewish immigrants who had no background in music	her parents were modest russianjewish immigrants who had no background in music	0	1	1
/opt/gpfs/users/shuai/work/block-conversion-b2/OmniVoice/results_b2_steps32/seedtts_en/common_voice_en_33563095-common_voice_en_33563096.wav	0.0	he was born to an illustrious family that produced notable people in several fields	he was born to an illustrious family that produced notable people in several fields	0	0	0
/opt/gpfs/users/shuai/work/block-conversion-b2/OmniVoice/results_b2_steps32/seedtts_en/common_voice_en_33563095-common_voice_en_33563097.wav	0.0	in may of the same year he was made chaplain to the king	in may of the same year he was made chaplain to the king	0	0	0
/opt/gpfs/users/shuai/work/block-conversion-b2/OmniVoice/results_b2_steps32/seedtts_en/common_voice_en_33604595-common_voice_en_33604556.wav	0.0	she was then appointed lecturer in psychology at the university	she was then appointed lecturer in psychology at the university	0	0	0
/opt/gpfs/users/shuai/work/block-conversion-b2/OmniVoice/results_b2_steps32/seedtts_en/common_voice_en_33907-common_voice_en_33906.wav	0.0	the black dog is wearing a blue jacket and playing with a toy	the black dog is wearing a blue jacket and playing with a toy	0	0	0
/opt/gpfs/users/shuai/work/block-conversion-b2/OmniVoice/results_b2_steps32/seedtts_en/common_voice_en_33907-common_voice_en_33908.wav	0.1	the lady in the red car is crossing the bridge	the lady in the red car is crossing the bridge ah	1	0	0
/opt/gpfs/users/shuai/work/block-conversion-b2/OmniVoice/results_b2_steps32/seedtts_en/common_voice_en_33966405-common_voice_en_33966407.wav	0.0	estherville defeated fort dodge in the finals to capture the championship	estherville defeated fort dodge in the finals to capture the championship	0	0	0
/opt/gpfs/users/shuai/work/block-conversion-b2/OmniVoice/results_b2_steps32/seedtts_en/common_voice_en_33966405-common_voice_en_33966447.wav	0.09090909090909091	its most prominent representatives gathered in the manes fine arts association	its most prominent representatives gathered in the maine's fine arts association	0	0	1
/opt/gpfs/users/shuai/work/block-conversion-b2/OmniVoice/results_b2_steps32/seedtts_en/common_voice_en_33985575-common_voice_en_33985578.wav	0.0	he joined the marine raiders and was soon promoted to first lieutenant	he joined the marine raiders and was soon promoted to first lieutenant	0	0	0
/opt/gpfs/users/shuai/work/block-conversion-b2/OmniVoice/results_b2_steps32/seedtts_en/common_voice_en_33985575-common_voice_en_33985579.wav	0.0	the series was written by howard overman	the series was written by howard overman	0	0	0
/opt/gpfs/users/shuai/work/block-conversion-b2/OmniVoice/results_b2_steps32/seedtts_en/common_voice_en_34054471-common_voice_en_34054473.wav	0.0	the brigade would have mustered at liverpool in time of war	the brigade would have mustered at liverpool in time of war	0	0	0
/opt/gpfs/users/shuai/work/block-conversion-b2/OmniVoice/results_b2_steps32/seedtts_en/common_voice_en_34184701-common_voice_en_34184697.wav	0.0	he was also state champion in cross country	he was also state champion in cross country	0	0	0
/opt/gpfs/users/shuai/work/block-conversion-b2/OmniVoice/results_b2_steps32/seedtts_en/common_voice_en_34184701-common_voice_en_34184700.wav	0.0	the race was won by rohan dennis	the race was won by rohan dennis	0	0	0
/opt/gpfs/users/shuai/work/block-conversion-b2/OmniVoice/results_b2_steps32/seedtts_en/common_voice_en_34321814-common_voice_en_34321811.wav	0.0	the area includes steep forestry land where dogs have been regularly rescued	the area includes steep forestry land where dogs have been regularly rescued	0	0	0
/opt/gpfs/users/shuai/work/block-conversion-b2/OmniVoice/results_b2_steps32/seedtts_en/common_voice_en_34321814-common_voice_en_34321812.wav	0.08333333333333333	he was replaced before the end of the month by jess cox	aww he was replaced before the end of the month by jess cox	1	0	0
/opt/gpfs/users/shuai/work/block-conversion-b2/OmniVoice/results_b2_steps32/seedtts_en/common_voice_en_34980363-common_voice_en_34980360.wav	0.1111111111111111	the township includes the unincorporated community of middle lancaster	the township includes the unincorporated community of middle lancaster uh	1	0	0
/opt/gpfs/users/shuai/work/block-conversion-b2/OmniVoice/results_b2_steps32/seedtts_en/common_voice_en_34980363-common_voice_en_34980362.wav	0.0	it's not war we should fear but what the germans do in peace	it's not war we should fear but what the germans do in peace	0	0	0
/opt/gpfs/users/shuai/work/block-conversion-b2/OmniVoice/results_b2_steps32/seedtts_en/common_voice_en_35042682-common_voice_en_35042683.wav	0.0	upon retiring he became a coach at chelsea	upon retiring he became a coach at chelsea	0	0	0
/opt/gpfs/users/shuai/work/block-conversion-b2/OmniVoice/results_b2_steps32/seedtts_en/common_voice_en_35042682-common_voice_en_35042750.wav	0.0	it never did as it was deemed inappropriate after the japanese attack	it never did as it was deemed inappropriate after the japanese attack	0	0	0
/opt/gpfs/users/shuai/work/block-conversion-b2/OmniVoice/results_b2_steps32/seedtts_en/common_voice_en_35130119-common_voice_en_35130116.wav	0.36363636363636365	a classic and well established explanation is based on clar's rule	a classic and wellestablished explanation is based on klar's rules	0	1	3
/opt/gpfs/users/shuai/work/block-conversion-b2/OmniVoice/results_b2_steps32/seedtts_en/common_voice_en_35299046-common_voice_en_35299043.wav	0.0	curling was educated at seneca college and at york university in toronto	curling was educated at seneca college and at york university in toronto	0	0	0
/opt/gpfs/users/shuai/work/block-conversion-b2/OmniVoice/results_b2_steps32/seedtts_en/common_voice_en_35299046-common_voice_en_35299049.wav	0.0	women with an abdominal pregnancy will not go into labor	women with an abdominal pregnancy will not go into labor	0	0	0
/opt/gpfs/users/shuai/work/block-conversion-b2/OmniVoice/results_b2_steps32/seedtts_en/common_voice_en_35734335-common_voice_en_35734342.wav	0.0	we do not know what rash expressions it may have contained	we do not know what rash expressions it may have contained	0	0	0
/opt/gpfs/users/shuai/work/block-conversion-b2/OmniVoice/results_b2_steps32/seedtts_en/common_voice_en_36068063-common_voice_en_36068064.wav	0.14285714285714285	the sylvester family has a sports tradition	the sylvester family has a sports tradition ah	1	0	0
/opt/gpfs/users/shuai/work/block-conversion-b2/OmniVoice/results_b2_steps32/seedtts_en/common_voice_en_36069016-common_voice_en_36069015.wav	0.0	they were the first known people to have fished for the arctic char	they were the first known people to have fished for the arctic char	0	0	0
/opt/gpfs/users/shuai/work/block-conversion-b2/OmniVoice/results_b2_steps32/seedtts_en/common_voice_en_36069016-common_voice_en_36069018.wav	0.0	they are elongated fish although not as much so as the true eels	they are elongated fish although not as much so as the true eels	0	0	0
/opt/gpfs/users/shuai/work/block-conversion-b2/OmniVoice/results_b2_steps32/seedtts_en/common_voice_en_36074033-common_voice_en_36073874.wav	0.07692307692307693	the poles are then hammered into the ground and a windbreak is formed	the poles are then hammered into the ground and a windbreak is formed oh	1	0	0
/opt/gpfs/users/shuai/work/block-conversion-b2/OmniVoice/results_b2_steps32/seedtts_en/common_voice_en_36074033-common_voice_en_36074034.wav	0.0	there is some argument as to when and why the wall was built	there is some argument as to when and why the wall was built	0	0	0
/opt/gpfs/users/shuai/work/block-conversion-b2/OmniVoice/results_b2_steps32/seedtts_en/common_voice_en_364081-common_voice_en_364079.wav	0.125	a sip of tea revives his tired friend	a sip of tea revives his tired friend uh	1	0	0
/opt/gpfs/users/shuai/work/block-conversion-b2/OmniVoice/results_b2_steps32/seedtts_en/common_voice_en_364081-common_voice_en_364080.wav	0.0	pedro hugged his teddy as hard as he could	pedro hugged his teddy as hard as he could	0	0	0
/opt/gpfs/users/shuai/work/block-conversion-b2/OmniVoice/results_b2_steps32/seedtts_en/common_voice_en_36516974-common_voice_en_36516976.wav	0.07692307692307693	he is best remembered as friend and mentor to his pupil charles darwin	he is best remembered as friend and mentor to his pupil charles darwin ah	1	0	0
/opt/gpfs/users/shuai/work/block-conversion-b2/OmniVoice/results_b2_steps32/seedtts_en/common_voice_en_36516974-common_voice_en_36516979.wav	0.0	in many cases such as france no distinct regional substructures have been employed	in many cases such as france no distinct regional substructures have been employed	0	0	0
/opt/gpfs/users/shuai/work/block-conversion-b2/OmniVoice/results_b2_steps32/seedtts_en/common_voice_en_36537421-common_voice_en_36537432.wav	0.0	both washington and fraser recommended this to braddock but he demurred	both washington and fraser recommended this to braddock but he demurred	0	0	0
/opt/gpfs/users/shuai/work/block-conversion-b2/OmniVoice/results_b2_steps32/seedtts_en/common_voice_en_36537421-common_voice_en_36537433.wav	0.2	by very dexterous military and diplomatic operations vitellius succeeded completely	ah by very dexterous military and diplomatic operations vitellius succeeded completely ah	2	0	0
/opt/gpfs/users/shuai/work/block-conversion-b2/OmniVoice/results_b2_steps32/seedtts_en/common_voice_en_36558935-common_voice_en_36558813.wav	0.0	exports fell after the name became closely associated with terrorist attacks	exports fell after the name became closely associated with terrorist attacks	0	0	0
/opt/gpfs/users/shuai/work/block-conversion-b2/OmniVoice/results_b2_steps32/seedtts_en/common_voice_en_36558935-common_voice_en_36558933.wav	0.18181818181818182	at the end of each level players must defeat a boss	at the end of each level players must defeat the boss ah	1	0	1
/opt/gpfs/users/shuai/work/block-conversion-b2/OmniVoice/results_b2_steps32/seedtts_en/common_voice_en_36705534-common_voice_en_36705530.wav	0.0	its name is from a cherokee word meaning edible tree	its name is from a cherokee word meaning edible tree	0	0	0
/opt/gpfs/users/shuai/work/block-conversion-b2/OmniVoice/results_b2_steps32/seedtts_en/common_voice_en_36705534-common_voice_en_36705545.wav	0.0	we don't pay taxes because our land is poor	we don't pay taxes because our land is poor	0	0	0
/opt/gpfs/users/shuai/work/block-conversion-b2/OmniVoice/results_b2_steps32/seedtts_en/common_voice_en_36990355-common_voice_en_36990357.wav	0.0	incorporation would also permit central high to apply for municipal grants	incorporation would also permit central high to apply for municipal grants	0	0	0
/opt/gpfs/users/shuai/work/block-conversion-b2/OmniVoice/results_b2_steps32/seedtts_en/common_voice_en_36990355-common_voice_en_36990358.wav	0.0	in fact i considered it a financial detriment	in fact i considered it a financial detriment	0	0	0
/opt/gpfs/users/shuai/work/block-conversion-b2/OmniVoice/results_b2_steps32/seedtts_en/common_voice_en_37047577-common_voice_en_37047572.wav	0.0	they are the native speakers of the tulu language	they are the native speakers of the tulu language	0	0	0
/opt/gpfs/users/shuai/work/block-conversion-b2/OmniVoice/results_b2_steps32/seedtts_en/common_voice_en_37133940-common_voice_en_37133871.wav	0.0	the naked stage festival has two principal goals	the naked stage festival has two principal goals	0	0	0
/opt/gpfs/users/shuai/work/block-conversion-b2/OmniVoice/results_b2_steps32/seedtts_en/common_voice_en_37133940-common_voice_en_37134010.wav	0.125	his halfbrother richard ainley was also an actor	his halfbrother richard ainley was also an african	0	0	1
/opt/gpfs/users/shuai/work/block-conversion-b2/OmniVoice/results_b2_steps32/seedtts_en/common_voice_en_37203804-common_voice_en_37203803.wav	0.1	by concluding this agreement japan formally recognized the soviet union	by concluding this agreement japan formally recognized the soviet union as	1	0	0
/opt/gpfs/users/shuai/work/block-conversion-b2/OmniVoice/results_b2_steps32/seedtts_en/common_voice_en_37232389-common_voice_en_37190783.wav	0.0	will you be happy when i am in the earth	will you be happy when i am in the earth	0	0	0
/opt/gpfs/users/shuai/work/block-conversion-b2/OmniVoice/results_b2_steps32/seedtts_en/common_voice_en_37232389-common_voice_en_37190784.wav	0.0	she searched until she found him	she searched until she found him	0	0	0
/opt/gpfs/users/shuai/work/block-conversion-b2/OmniVoice/results_b2_steps32/seedtts_en/common_voice_en_37237245-common_voice_en_37237243.wav	0.0	another option is to get a professional certification from a national association	another option is to get a professional certification from a national association	0	0	0
/opt/gpfs/users/shuai/work/block-conversion-b2/OmniVoice/results_b2_steps32/seedtts_en/common_voice_en_37237245-common_voice_en_37237247.wav	0.0	today the old observatory is no longer used for research	today the old observatory is no longer used for research	0	0	0
/opt/gpfs/users/shuai/work/block-conversion-b2/OmniVoice/results_b2_steps32/seedtts_en/common_voice_en_37238105-common_voice_en_37238104.wav	0.0	thus regional hierarchies exist embedded into the larger international hierarchy	thus regional hierarchies exist embedded into the larger international hierarchy	0	0	0
/opt/gpfs/users/shuai/work/block-conversion-b2/OmniVoice/results_b2_steps32/seedtts_en/common_voice_en_37238105-common_voice_en_37238106.wav	0.0	it is a generalization of horner's method for evaluating a linear combination of monomials	it is a generalization of horner's method for evaluating a linear combination of monomials	0	0	0
/opt/gpfs/users/shuai/work/block-conversion-b2/OmniVoice/results_b2_steps32/seedtts_en/common_voice_en_37251984-common_voice_en_37251986.wav	0.0	its main building is a huge pyramid containing an entire city inside	its main building is a huge pyramid containing an entire city inside	0	0	0
/opt/gpfs/users/shuai/work/block-conversion-b2/OmniVoice/results_b2_steps32/seedtts_en/common_voice_en_37251984-common_voice_en_37251991.wav	0.0	he last served as a member of parliament from the opposition	he last served as a member of parliament from the opposition	0	0	0
/opt/gpfs/users/shuai/work/block-conversion-b2/OmniVoice/results_b2_steps32/seedtts_en/common_voice_en_37262846-common_voice_en_37262842.wav	0.21428571428571427	he was also involved in canadian international development agency programs to develop fisheries abroard	uh he was also involved in canadian international development agency programs to develop fisheries abroad uh	2	0	1
/opt/gpfs/users/shuai/work/block-conversion-b2/OmniVoice/results_b2_steps32/seedtts_en/common_voice_en_37360566-common_voice_en_37360560.wav	0.0	the conservation of the wooden artifacts is an ongoing problem	the conservation of the wooden artifacts is an ongoing problem	0	0	0
/opt/gpfs/users/shuai/work/block-conversion-b2/OmniVoice/results_b2_steps32/seedtts_en/common_voice_en_37360566-common_voice_en_37360564.wav	0.0	the reservoir is also home to bartley sailing club	the reservoir is also home to bartley sailing club	0	0	0
/opt/gpfs/users/shuai/work/block-conversion-b2/OmniVoice/results_b2_steps32/seedtts_en/common_voice_en_37368335-common_voice_en_37368333.wav	0.0	the first season continues to rerun in many territories	the first season continues to rerun in many territories	0	0	0
/opt/gpfs/users/shuai/work/block-conversion-b2/OmniVoice/results_b2_steps32/seedtts_en/common_voice_en_37368335-common_voice_en_37368338.wav	0.0	these awards are aired live every year from nashville tennessee	these awards are aired live every year from nashville tennessee	0	0	0
/opt/gpfs/users/shuai/work/block-conversion-b2/OmniVoice/results_b2_steps32/seedtts_en/common_voice_en_37457199-common_voice_en_37457214.wav	0.0	stevenson is also the director of music ministries at angeles mesa presbyterian church	stevenson is also the director of music ministries at angeles mesa presbyterian church	0	0	0
/opt/gpfs/users/shuai/work/block-conversion-b2/OmniVoice/results_b2_steps32/seedtts_en/common_voice_en_37457199-common_voice_en_37457235.wav	0.6666666666666666	why born enslaved	why	0	2	0
/opt/gpfs/users/shuai/work/block-conversion-b2/OmniVoice/results_b2_steps32/seedtts_en/common_voice_en_37470753-common_voice_en_37470743.wav	19.071428571428573	marches and rallies held by the organization were usually attended by several hundred people	oh my god oh my god oh my god oh my god oh my god oh my god oh my god oh my god oh my god oh my god oh my god oh my god oh my god oh my god oh my god oh my god oh my god oh my god oh my god oh my god oh my god oh my god oh my god oh my god oh my god oh my god oh my god oh my god oh my god oh my god oh my god oh my god oh my god oh my god oh my god oh my god oh my god oh my god oh my god oh my god oh my god oh my god oh my god oh my god oh my god oh my god oh my god oh my god oh my god oh my god oh my god oh my god oh my god oh my god oh my god oh my god oh my god oh my god oh my god oh my god oh my god oh my god oh my god oh my god oh my god oh my god oh my god oh my god oh my god oh my god oh my god oh my god oh my god oh my god oh my god oh my god oh my god oh my god oh my god oh my god oh my god oh my god oh my god oh my god oh my god oh my god oh my god oh my god oh my god	253	0	14
/opt/gpfs/users/shuai/work/block-conversion-b2/OmniVoice/results_b2_steps32/seedtts_en/common_voice_en_37470753-common_voice_en_37470745.wav	0.0	carson greatly admired the talents of hank williams	carson greatly admired the talents of hank williams	0	0	0
/opt/gpfs/users/shuai/work/block-conversion-b2/OmniVoice/results_b2_steps32/seedtts_en/common_voice_en_37481059-common_voice_en_37481085.wav	0.0	he declared himself ruler with no opposition	he declared himself ruler with no opposition	0	0	0
/opt/gpfs/users/shuai/work/block-conversion-b2/OmniVoice/results_b2_steps32/seedtts_en/common_voice_en_37793802-common_voice_en_37793803.wav	0.18181818181818182	the equipment needed to do this includes rock saws and polishers	uh the equipment needed to do this includes rock saws and polishers uh	2	0	0
/opt/gpfs/users/shuai/work/block-conversion-b2/OmniVoice/results_b2_steps32/seedtts_en/common_voice_en_37793802-common_voice_en_37793816.wav	0.0	the giants participated in the cactus league during spring training	the giants participated in the cactus league during spring training	0	0	0
/opt/gpfs/users/shuai/work/block-conversion-b2/OmniVoice/results_b2_steps32/seedtts_en/common_voice_en_38573-common_voice_en_38570.wav	0.09090909090909091	it's easy and yet i've never done it before he thought	it's easy and yet i've never done it before he thought uh	1	0	0
/opt/gpfs/users/shuai/work/block-conversion-b2/OmniVoice/results_b2_steps32/seedtts_en/common_voice_en_38573-common_voice_en_38572.wav	0.1	the desert with its endless monotony put him to dreaming	the desert with its endless monotony put him to dreaming ah	1	0	0
/opt/gpfs/users/shuai/work/block-conversion-b2/OmniVoice/results_b2_steps32/seedtts_en/common_voice_en_46083-common_voice_en_46084.wav	0.0	can you help me find preaching to the perverted	can you help me find preaching to the perverted	0	0	0
/opt/gpfs/users/shuai/work/block-conversion-b2/OmniVoice/results_b2_steps32/seedtts_en/common_voice_en_479422-common_voice_en_479426.wav	0.0	grumbling makes the loaf no larger	grumbling makes the loaf no larger	0	0	0
/opt/gpfs/users/shuai/work/block-conversion-b2/OmniVoice/results_b2_steps32/seedtts_en/common_voice_en_484174-common_voice_en_484173.wav	0.07142857142857142	i'm trying to explain to my mother how to get pictures off her phone	i'm trying to explain to my mother how to get pictures off her phone uh	1	0	0
/opt/gpfs/users/shuai/work/block-conversion-b2/OmniVoice/results_b2_steps32/seedtts_en/common_voice_en_484174-common_voice_en_484175.wav	0.16666666666666666	sometimes it's better to be with the sheep who don't say anything	uh sometimes it's better to be with the sheep who don't say anything uh	2	0	0
/opt/gpfs/users/shuai/work/block-conversion-b2/OmniVoice/results_b2_steps32/seedtts_en/common_voice_en_485101-common_voice_en_485099.wav	0.0	elsa knitted furiously	elsa knitted furiously	0	0	0
/opt/gpfs/users/shuai/work/block-conversion-b2/OmniVoice/results_b2_steps32/seedtts_en/common_voice_en_485101-common_voice_en_485100.wav	0.0	i'll always let you down	i'll always let you down	0	0	0
/opt/gpfs/users/shuai/work/block-conversion-b2/OmniVoice/results_b2_steps32/seedtts_en/common_voice_en_487077-common_voice_en_487076.wav	0.09090909090909091	the runway seems way to short for this type of plane	the runway seems way too short for this type of plane	0	0	1
/opt/gpfs/users/shuai/work/block-conversion-b2/OmniVoice/results_b2_steps32/seedtts_en/common_voice_en_487077-common_voice_en_487079.wav	0.0	i feel sick what should i do	i feel sick what should i do	0	0	0
/opt/gpfs/users/shuai/work/block-conversion-b2/OmniVoice/results_b2_steps32/seedtts_en/common_voice_en_489724-common_voice_en_489725.wav	0.07692307692307693	she walked across the street wearing stereo headphones and staring at her smartphone	she walked across the street wearing stereo headphones and staring at her smartphone uh	1	0	0
/opt/gpfs/users/shuai/work/block-conversion-b2/OmniVoice/results_b2_steps32/seedtts_en/common_voice_en_489724-common_voice_en_489726.wav	0.0	nobody ever received the nobel prize for the invention of chewing tobacco	nobody ever received the nobel prize for the invention of chewing tobacco	0	0	0
/opt/gpfs/users/shuai/work/block-conversion-b2/OmniVoice/results_b2_steps32/seedtts_en/common_voice_en_490614-common_voice_en_490613.wav	0.0	i was scared but wasted no time in going out and crossing the bridge to the sand pits	i was scared but wasted no time in going out and crossing the bridge to the sand pits	0	0	0
/opt/gpfs/users/shuai/work/block-conversion-b2/OmniVoice/results_b2_steps32/seedtts_en/common_voice_en_490614-common_voice_en_490618.wav	0.1	it must have fallen while i was sitting over there	it must have fallen while i was sitting over it	0	0	1
/opt/gpfs/users/shuai/work/block-conversion-b2/OmniVoice/results_b2_steps32/seedtts_en/common_voice_en_493276-common_voice_en_493277.wav	0.0	i need to sell some wool the boy told the merchant	i need to sell some wool the boy told the merchant	0	0	0
/opt/gpfs/users/shuai/work/block-conversion-b2/OmniVoice/results_b2_steps32/seedtts_en/common_voice_en_493740-common_voice_en_493738.wav	0.0	mrs lewis was selected as the new commissioner	mrs lewis was selected as the new commissioner	0	0	0
/opt/gpfs/users/shuai/work/block-conversion-b2/OmniVoice/results_b2_steps32/seedtts_en/common_voice_en_497961-common_voice_en_497960.wav	0.0	a little boy in a striped shirt jumps from a blue slide	a little boy in a striped shirt jumps from a blue slide	0	0	0
/opt/gpfs/users/shuai/work/block-conversion-b2/OmniVoice/results_b2_steps32/seedtts_en/common_voice_en_502839-common_voice_en_502843.wav	0.0	vanessa cannot undo her mistake	vanessa cannot undo her mistake	0	0	0
/opt/gpfs/users/shuai/work/block-conversion-b2/OmniVoice/results_b2_steps32/seedtts_en/common_voice_en_508059-common_voice_en_508057.wav	0.0	all that time the martians must have been getting ready	all that time the martians must have been getting ready	0	0	0
/opt/gpfs/users/shuai/work/block-conversion-b2/OmniVoice/results_b2_steps32/seedtts_en/common_voice_en_509177-common_voice_en_509176.wav	0.0	this artful creation is more than just a picture it's a statement by the artist	this artful creation is more than just a picture it's a statement by the artist	0	0	0
/opt/gpfs/users/shuai/work/block-conversion-b2/OmniVoice/results_b2_steps32/seedtts_en/common_voice_en_509177-common_voice_en_509186.wav	0.0	they climbed a tall crane without securing themselves and filmed it for their youtube channel	they climbed a tall crane without securing themselves and filmed it for their youtube channel	0	0	0
/opt/gpfs/users/shuai/work/block-conversion-b2/OmniVoice/results_b2_steps32/seedtts_en/common_voice_en_519777-common_voice_en_519776.wav	0.0	in biology we study plants and animals in their natural environment	in biology we study plants and animals in their natural environment	0	0	0
/opt/gpfs/users/shuai/work/block-conversion-b2/OmniVoice/results_b2_steps32/seedtts_en/common_voice_en_519777-common_voice_en_519780.wav	0.0	a stone flounder is the textbook definition of effective camouflage	a stone flounder is the textbook definition of effective camouflage	0	0	0
/opt/gpfs/users/shuai/work/block-conversion-b2/OmniVoice/results_b2_steps32/seedtts_en/common_voice_en_523215-common_voice_en_523218.wav	0.0	when i first started using dragon i was bummed to be restricted to windows	when i first started using dragon i was bummed to be restricted to windows	0	0	0
/opt/gpfs/users/shuai/work/block-conversion-b2/OmniVoice/results_b2_steps32/seedtts_en/common_voice_en_523215-common_voice_en_523219.wav	0.0	she needed to be pretty observant to have noticed such a small crack	she needed to be pretty observant to have noticed such a small crack	0	0	0
/opt/gpfs/users/shuai/work/block-conversion-b2/OmniVoice/results_b2_steps32/seedtts_en/common_voice_en_524057-common_voice_en_524059.wav	0.1111111111111111	my dog is an alsatian we call her 'poppy'	my dog is an alsatian we call her poppy	0	0	1
/opt/gpfs/users/shuai/work/block-conversion-b2/OmniVoice/results_b2_steps32/seedtts_en/common_voice_en_524057-common_voice_en_524061.wav	0.0	her achievements will never be forgotten	her achievements will never be forgotten	0	0	0
/opt/gpfs/users/shuai/work/block-conversion-b2/OmniVoice/results_b2_steps32/seedtts_en/common_voice_en_528625-common_voice_en_528628.wav	0.0	it registers to save locations and jump to them quickly later	it registers to save locations and jump to them quickly later	0	0	0
/opt/gpfs/users/shuai/work/block-conversion-b2/OmniVoice/results_b2_steps32/seedtts_en/common_voice_en_530085-common_voice_en_530083.wav	0.0	he had found where his treasure was and was frightened at what might happen	he had found where his treasure was and was frightened at what might happen	0	0	0
/opt/gpfs/users/shuai/work/block-conversion-b2/OmniVoice/results_b2_steps32/seedtts_en/common_voice_en_530085-common_voice_en_530084.wav	0.0	the boy began again to read his book but he was no longer able to concentrate	the boy began again to read his book but he was no longer able to concentrate	0	0	0
/opt/gpfs/users/shuai/work/block-conversion-b2/OmniVoice/results_b2_steps32/seedtts_en/common_voice_en_537760-common_voice_en_537763.wav	0.0	i have watched the caravan as it crossed the desert he said	i have watched the caravan as it crossed the desert he said	0	0	0
/opt/gpfs/users/shuai/work/block-conversion-b2/OmniVoice/results_b2_steps32/seedtts_en/common_voice_en_537766-common_voice_en_537767.wav	0.0	the heather was on fire and you could see a thin blue smoke rising up slowly	the heather was on fire and you could see a thin blue smoke rising up slowly	0	0	0
/opt/gpfs/users/shuai/work/block-conversion-b2/OmniVoice/results_b2_steps32/seedtts_en/common_voice_en_537766-common_voice_en_537768.wav	0.0	i pointed out mars a bright dot of light	i pointed out mars a bright dot of light	0	0	0
/opt/gpfs/users/shuai/work/block-conversion-b2/OmniVoice/results_b2_steps32/seedtts_en/common_voice_en_541573-common_voice_en_541571.wav	0.14285714285714285	there the flood mark is ten inches	there the flood mark is 10 inches	0	0	1
/opt/gpfs/users/shuai/work/block-conversion-b2/OmniVoice/results_b2_steps32/seedtts_en/common_voice_en_550301-common_voice_en_550302.wav	0.0	the snake slithered toward the shaded boulders under the cliff	the snake slithered toward the shaded boulders under the cliff	0	0	0
/opt/gpfs/users/shuai/work/block-conversion-b2/OmniVoice/results_b2_steps32/seedtts_en/common_voice_en_550301-common_voice_en_550303.wav	0.0	the weight of the package was seen on the high scale	the weight of the package was seen on the high scale	0	0	0
/opt/gpfs/users/shuai/work/block-conversion-b2/OmniVoice/results_b2_steps32/seedtts_en/common_voice_en_554379-common_voice_en_554380.wav	0.18181818181818182	i got drunk yesterday and thought i built a super computer	i got drunk yesterday and thought i built a supercomputer	0	1	1
/opt/gpfs/users/shuai/work/block-conversion-b2/OmniVoice/results_b2_steps32/seedtts_en/common_voice_en_557392-common_voice_en_557393.wav	0.14285714285714285	he did find it soon after dawn and not far from the sand pits	uh he did find it soon after dawn and not far from the sand pits uh	2	0	0
/opt/gpfs/users/shuai/work/block-conversion-b2/OmniVoice/results_b2_steps32/seedtts_en/common_voice_en_557392-common_voice_en_557395.wav	0.0	this was the strangest of all things that ever came to earth from outer space	this was the strangest of all things that ever came to earth from outer space	0	0	0
/opt/gpfs/users/shuai/work/block-conversion-b2/OmniVoice/results_b2_steps32/seedtts_en/common_voice_en_557458-common_voice_en_557459.wav	0.0	the heather was on fire and you could see a thin blue smoke rising up slowly	the heather was on fire and you could see a thin blue smoke rising up slowly	0	0	0
/opt/gpfs/users/shuai/work/block-conversion-b2/OmniVoice/results_b2_steps32/seedtts_en/common_voice_en_557458-common_voice_en_557460.wav	0.0	it left a greenish streak that glowed for some seconds	it left a greenish streak that glowed for some seconds	0	0	0
/opt/gpfs/users/shuai/work/block-conversion-b2/OmniVoice/results_b2_steps32/seedtts_en/common_voice_en_56141-common_voice_en_56142.wav	0.0	the panama canal connects the pacific ocean with the atlantic ocean	the panama canal connects the pacific ocean with the atlantic ocean	0	0	0
/opt/gpfs/users/shuai/work/block-conversion-b2/OmniVoice/results_b2_steps32/seedtts_en/common_voice_en_563060-common_voice_en_563063.wav	0.0	there was no way for everybody to know about alchemy	there was no way for everybody to know about alchemy	0	0	0
/opt/gpfs/users/shuai/work/block-conversion-b2/OmniVoice/results_b2_steps32/seedtts_en/common_voice_en_563060-common_voice_en_563064.wav	0.0	the men of the desert were already familiar with that wind	the men of the desert were already familiar with that wind	0	0	0
/opt/gpfs/users/shuai/work/block-conversion-b2/OmniVoice/results_b2_steps32/seedtts_en/common_voice_en_564578-common_voice_en_564576.wav	0.0	strike while the iron is hot make hay while the sun shines	strike while the iron is hot make hay while the sun shines	0	0	0
/opt/gpfs/users/shuai/work/block-conversion-b2/OmniVoice/results_b2_steps32/seedtts_en/common_voice_en_564578-common_voice_en_564579.wav	0.0	as they began to decorate the hallway a silhouette appeared in the doorway	as they began to decorate the hallway a silhouette appeared in the doorway	0	0	0
/opt/gpfs/users/shuai/work/block-conversion-b2/OmniVoice/results_b2_steps32/seedtts_en/common_voice_en_565900-common_voice_en_565901.wav	0.0	he told them all to be seated	he told them all to be seated	0	0	0
/opt/gpfs/users/shuai/work/block-conversion-b2/OmniVoice/results_b2_steps32/seedtts_en/common_voice_en_565900-common_voice_en_565902.wav	0.0	it said that the darkest hour of the night came just before the dawn	it said that the darkest hour of the night came just before the dawn	0	0	0
/opt/gpfs/users/shuai/work/block-conversion-b2/OmniVoice/results_b2_steps32/seedtts_en/common_voice_en_566283-common_voice_en_566281.wav	0.0	a thin man lies against the side of the street with his shirt and a shoe off and bags nearby	a thin man lies against the side of the street with his shirt and a shoe off and bags nearby	0	0	0
/opt/gpfs/users/shuai/work/block-conversion-b2/OmniVoice/results_b2_steps32/seedtts_en/common_voice_en_566283-common_voice_en_566282.wav	0.0	a group of people are at a gathering where there is a large colorful flag	a group of people are at a gathering where there is a large colorful flag	0	0	0
/opt/gpfs/users/shuai/work/block-conversion-b2/OmniVoice/results_b2_steps32/seedtts_en/common_voice_en_568078-common_voice_en_568079.wav	0.0	it's a long way to tipperary it's a long way to go	it's a long way to tipperary it's a long way to go	0	0	0
/opt/gpfs/users/shuai/work/block-conversion-b2/OmniVoice/results_b2_steps32/seedtts_en/common_voice_en_568078-common_voice_en_568080.wav	0.14285714285714285	you can choose either yes or nope	you can choose either yes or no	0	0	1
/opt/gpfs/users/shuai/work/block-conversion-b2/OmniVoice/results_b2_steps32/seedtts_en/common_voice_en_570615-common_voice_en_570616.wav	0.0	the bark of the pine tree was shiny and dark	the bark of the pine tree was shiny and dark	0	0	0
/opt/gpfs/users/shuai/work/block-conversion-b2/OmniVoice/results_b2_steps32/seedtts_en/common_voice_en_570619-common_voice_en_570620.wav	0.07142857142857142	a woman sits as she shows the designs she has made in the floor	a woman sits as she shows the designs she has made in the floor uh	1	0	0
/opt/gpfs/users/shuai/work/block-conversion-b2/OmniVoice/results_b2_steps32/seedtts_en/common_voice_en_570619-common_voice_en_570622.wav	0.0	a large column of bicyclists is cycling down a road	a large column of bicyclists is cycling down a road	0	0	0
/opt/gpfs/users/shuai/work/block-conversion-b2/OmniVoice/results_b2_steps32/seedtts_en/common_voice_en_571544-common_voice_en_571546.wav	0.5	now i will drift gently off to dreamland	now i will drift	0	4	0
/opt/gpfs/users/shuai/work/block-conversion-b2/OmniVoice/results_b2_steps32/seedtts_en/common_voice_en_571544-common_voice_en_571548.wav	0.16666666666666666	strange images passed through my mind	strange images pass through my mind	0	0	1
/opt/gpfs/users/shuai/work/block-conversion-b2/OmniVoice/results_b2_steps32/seedtts_en/common_voice_en_573135-common_voice_en_573137.wav	0.0	it was the first time either had touched the other	it was the first time either had touched the other	0	0	0
/opt/gpfs/users/shuai/work/block-conversion-b2/OmniVoice/results_b2_steps32/seedtts_en/common_voice_en_573135-common_voice_en_573138.wav	0.25	i've never had one before the merchant answered	'i've never had one before' the merchant answered	0	0	2
/opt/gpfs/users/shuai/work/block-conversion-b2/OmniVoice/results_b2_steps32/seedtts_en/common_voice_en_575287-common_voice_en_575288.wav	0.0	a young child is enjoying a drink at the supermarket	a young child is enjoying a drink at the supermarket	0	0	0
/opt/gpfs/users/shuai/work/block-conversion-b2/OmniVoice/results_b2_steps32/seedtts_en/common_voice_en_578084-common_voice_en_578101.wav	0.0	the loafers and golf caddies were used to hanging out near the railway station	the loafers and golf caddies were used to hanging out near the railway station	0	0	0
/opt/gpfs/users/shuai/work/block-conversion-b2/OmniVoice/results_b2_steps32/seedtts_en/common_voice_en_578084-common_voice_en_578102.wav	0.0	it was only when i got this close to it that the strangeness of it was at all evident to me	it was only when i got this close to it that the strangeness of it was at all evident to me	0	0	0
/opt/gpfs/users/shuai/work/block-conversion-b2/OmniVoice/results_b2_steps32/seedtts_en/common_voice_en_581024-common_voice_en_581027.wav	0.0	epilepsy is a condition which sends the sufferer into uncontrollable convulsions	epilepsy is a condition which sends the sufferer into uncontrollable convulsions	0	0	0
/opt/gpfs/users/shuai/work/block-conversion-b2/OmniVoice/results_b2_steps32/seedtts_en/common_voice_en_581024-common_voice_en_581028.wav	0.0	i still say that this john doe person is a myth	i still say that this john doe person is a myth	0	0	0
/opt/gpfs/users/shuai/work/block-conversion-b2/OmniVoice/results_b2_steps32/seedtts_en/common_voice_en_586741-common_voice_en_586737.wav	0.0	please search the best of steely dan then and now saga	please search the best of steely dan then and now saga	0	0	0
/opt/gpfs/users/shuai/work/block-conversion-b2/OmniVoice/results_b2_steps32/seedtts_en/common_voice_en_586741-common_voice_en_586742.wav	0.0	do unto others as you would have them do to you	do unto others as you would have them do to you	0	0	0
/opt/gpfs/users/shuai/work/block-conversion-b2/OmniVoice/results_b2_steps32/seedtts_en/common_voice_en_588627-common_voice_en_588628.wav	0.875	a cloud of dust stung his tender eyes	a clown	0	6	1
/opt/gpfs/users/shuai/work/block-conversion-b2/OmniVoice/results_b2_steps32/seedtts_en/common_voice_en_588627-common_voice_en_588631.wav	0.0	they mocked him by imitating all of his actions	they mocked him by imitating all of his actions	0	0	0
/opt/gpfs/users/shuai/work/block-conversion-b2/OmniVoice/results_b2_steps32/seedtts_en/common_voice_en_589496-common_voice_en_589494.wav	0.14285714285714285	the man looked at him without responding	the man looked at him without responding ah	1	0	0
/opt/gpfs/users/shuai/work/block-conversion-b2/OmniVoice/results_b2_steps32/seedtts_en/common_voice_en_589496-common_voice_en_589495.wav	0.0	i'm afraid that if my dream is realized i'll have no reason to go on living	i'm afraid that if my dream is realized i'll have no reason to go on living	0	0	0
/opt/gpfs/users/shuai/work/block-conversion-b2/OmniVoice/results_b2_steps32/seedtts_en/common_voice_en_590785-common_voice_en_590791.wav	0.5	angela is pregnant she told me	'angela is pregnant' she told me'	0	0	3
/opt/gpfs/users/shuai/work/block-conversion-b2/OmniVoice/results_b2_steps32/seedtts_en/common_voice_en_590785-common_voice_en_590794.wav	0.0	did you write it or didn't you	did you write it or didn't you	0	0	0
/opt/gpfs/users/shuai/work/block-conversion-b2/OmniVoice/results_b2_steps32/seedtts_en/common_voice_en_591530-common_voice_en_591529.wav	0.0	outdoor area crowded with jeeps packed with people seen from behind	outdoor area crowded with jeeps packed with people seen from behind	0	0	0
/opt/gpfs/users/shuai/work/block-conversion-b2/OmniVoice/results_b2_steps32/seedtts_en/common_voice_en_591530-common_voice_en_591531.wav	0.0	a soccer player gets ready for a corner kick	a soccer player gets ready for a corner kick	0	0	0
/opt/gpfs/users/shuai/work/block-conversion-b2/OmniVoice/results_b2_steps32/seedtts_en/common_voice_en_593372-common_voice_en_593370.wav	0.0	i had a memo from art today	i had a memo from art today	0	0	0
/opt/gpfs/users/shuai/work/block-conversion-b2/OmniVoice/results_b2_steps32/seedtts_en/common_voice_en_593372-common_voice_en_593374.wav	0.0	i'm terribly sorry she isn't here	i'm terribly sorry she isn't here	0	0	0
/opt/gpfs/users/shuai/work/block-conversion-b2/OmniVoice/results_b2_steps32/seedtts_en/common_voice_en_597578-common_voice_en_597577.wav	0.1	i can't get back in and it's starting to snow	i can't get back in and it's starting to snow uh	1	0	0
/opt/gpfs/users/shuai/work/block-conversion-b2/OmniVoice/results_b2_steps32/seedtts_en/common_voice_en_597578-common_voice_en_597583.wav	0.0	wilma's gone cat sitting again for the weekend if you want to come over	wilma's gone cat sitting again for the weekend if you want to come over	0	0	0
/opt/gpfs/users/shuai/work/block-conversion-b2/OmniVoice/results_b2_steps32/seedtts_en/common_voice_en_599060-common_voice_en_599063.wav	0.0	a woman raises a flag in front of a barricade and police	a woman raises a flag in front of a barricade and police	0	0	0
/opt/gpfs/users/shuai/work/block-conversion-b2/OmniVoice/results_b2_steps32/seedtts_en/common_voice_en_599060-common_voice_en_599064.wav	0.0	a sweaty drummer feels the music as he drums away	a sweaty drummer feels the music as he drums away	0	0	0
/opt/gpfs/users/shuai/work/block-conversion-b2/OmniVoice/results_b2_steps32/seedtts_en/common_voice_en_603760-common_voice_en_603759.wav	0.0	he remembered something his grandfather had once told him that butterflies were a good omen	he remembered something his grandfather had once told him that butterflies were a good omen	0	0	0
/opt/gpfs/users/shuai/work/block-conversion-b2/OmniVoice/results_b2_steps32/seedtts_en/common_voice_en_603760-common_voice_en_603762.wav	0.0	the alchemist erased the circle in the sand and the snake slithered away among the rocks	the alchemist erased the circle in the sand and the snake slithered away among the rocks	0	0	0
/opt/gpfs/users/shuai/work/block-conversion-b2/OmniVoice/results_b2_steps32/seedtts_en/common_voice_en_605765-common_voice_en_605766.wav	0.09090909090909091	i can't very well leave without a pair of water wings	i can't very well leave without a pair of water wings uh	1	0	0
/opt/gpfs/users/shuai/work/block-conversion-b2/OmniVoice/results_b2_steps32/seedtts_en/common_voice_en_605765-common_voice_en_605777.wav	0.0	still a better love story than twilight he commented on the porn movie	still a better love story than twilight he commented on the porn movie	0	0	0
/opt/gpfs/users/shuai/work/block-conversion-b2/OmniVoice/results_b2_steps32/seedtts_en/common_voice_en_606373-common_voice_en_606376.wav	0.0	so what should i do now the boy asked	so what should i do now the boy asked	0	0	0
/opt/gpfs/users/shuai/work/block-conversion-b2/OmniVoice/results_b2_steps32/seedtts_en/common_voice_en_606373-common_voice_en_606378.wav	0.0	it's not easy to find the philosopher's stone said the englishman	it's not easy to find the philosopher's stone said the englishman	0	0	0
/opt/gpfs/users/shuai/work/block-conversion-b2/OmniVoice/results_b2_steps32/seedtts_en/common_voice_en_613849-common_voice_en_613850.wav	0.0	an led was indicating the proximity detector was working properly	an led was indicating the proximity detector was working properly	0	0	0
/opt/gpfs/users/shuai/work/block-conversion-b2/OmniVoice/results_b2_steps32/seedtts_en/common_voice_en_615162-common_voice_en_615158.wav	0.0	we must get some of that serum as soon as possible	we must get some of that serum as soon as possible	0	0	0
/opt/gpfs/users/shuai/work/block-conversion-b2/OmniVoice/results_b2_steps32/seedtts_en/common_voice_en_615162-common_voice_en_615165.wav	0.0	in the past i've had trouble prioritizing stuff in this list	in the past i've had trouble prioritizing stuff in this list	0	0	0
/opt/gpfs/users/shuai/work/block-conversion-b2/OmniVoice/results_b2_steps32/seedtts_en/common_voice_en_621521-common_voice_en_621522.wav	0.0	a lot of patience but shepherds know all about patience	a lot of patience but shepherds know all about patience	0	0	0
/opt/gpfs/users/shuai/work/block-conversion-b2/OmniVoice/results_b2_steps32/seedtts_en/common_voice_en_628642-common_voice_en_628644.wav	0.5	there's nothing in it	there's nothing	0	2	0
/opt/gpfs/users/shuai/work/block-conversion-b2/OmniVoice/results_b2_steps32/seedtts_en/common_voice_en_628642-common_voice_en_628645.wav	0.0	we have already met but it would be nice to see him again	we have already met but it would be nice to see him again	0	0	0
/opt/gpfs/users/shuai/work/block-conversion-b2/OmniVoice/results_b2_steps32/seedtts_en/common_voice_en_631730-common_voice_en_631729.wav	0.0	there is no wine in this country the young man said	there is no wine in this country the young man said	0	0	0
/opt/gpfs/users/shuai/work/block-conversion-b2/OmniVoice/results_b2_steps32/seedtts_en/common_voice_en_631730-common_voice_en_631731.wav	0.0	how strange africa is thought the boy	how strange africa is thought the boy	0	0	0
/opt/gpfs/users/shuai/work/block-conversion-b2/OmniVoice/results_b2_steps32/seedtts_en/common_voice_en_63703-common_voice_en_63702.wav	0.0	now go upstairs and see what little christina wants	now go upstairs and see what little christina wants	0	0	0
/opt/gpfs/users/shuai/work/block-conversion-b2/OmniVoice/results_b2_steps32/seedtts_en/common_voice_en_63703-common_voice_en_63704.wav	0.14285714285714285	what's this the end of the eighth	what's this the end of the eighth uh	1	0	0
/opt/gpfs/users/shuai/work/block-conversion-b2/OmniVoice/results_b2_steps32/seedtts_en/common_voice_en_64065-common_voice_en_64062.wav	0.045454545454545456	i'm never more aware of a room's acoustics than when i'm trying to enjoy a snack i have no intention of sharing	i'm never more aware of a room's acoustics than when i'm trying to enjoy a snack i have no intention of sharing uh	1	0	0
/opt/gpfs/users/shuai/work/block-conversion-b2/OmniVoice/results_b2_steps32/seedtts_en/common_voice_en_64065-common_voice_en_64063.wav	0.0	it was however still so hot from its flight through the air	it was however still so hot from its flight through the air	0	0	0
/opt/gpfs/users/shuai/work/block-conversion-b2/OmniVoice/results_b2_steps32/seedtts_en/common_voice_en_647713-common_voice_en_647712.wav	0.0	nobody is born as a hero but everyone can become a hero	nobody is born as a hero but everyone can become a hero	0	0	0
/opt/gpfs/users/shuai/work/block-conversion-b2/OmniVoice/results_b2_steps32/seedtts_en/common_voice_en_647713-common_voice_en_647717.wav	0.0	eddy current brakes are not suitable for locking a wheel	eddy current brakes are not suitable for locking a wheel	0	0	0
/opt/gpfs/users/shuai/work/block-conversion-b2/OmniVoice/results_b2_steps32/seedtts_en/common_voice_en_648428-common_voice_en_648427.wav	0.0	and he hadn't perceived them because he had become accustomed to them	and he hadn't perceived them because he had become accustomed to them	0	0	0
/opt/gpfs/users/shuai/work/block-conversion-b2/OmniVoice/results_b2_steps32/seedtts_en/common_voice_en_648428-common_voice_en_648429.wav	0.0	a young arab also loaded down with baggage entered and greeted the englishman	a young arab also loaded down with baggage entered and greeted the englishman	0	0	0
/opt/gpfs/users/shuai/work/block-conversion-b2/OmniVoice/results_b2_steps32/seedtts_en/common_voice_en_650392-common_voice_en_650389.wav	0.0	soldier sitting on top of jeep holding a machine gun and soldier sitting inside	soldier sitting on top of jeep holding a machine gun and soldier sitting inside	0	0	0
/opt/gpfs/users/shuai/work/block-conversion-b2/OmniVoice/results_b2_steps32/seedtts_en/common_voice_en_650392-common_voice_en_650390.wav	0.0	kids and adults walk down path in a tree farm	kids and adults walk down path in a tree farm	0	0	0
/opt/gpfs/users/shuai/work/block-conversion-b2/OmniVoice/results_b2_steps32/seedtts_en/common_voice_en_652024-common_voice_en_652023.wav	0.1	add autry inman to my hanging out and relaxing playlist	add autry inman to my hanging out and relaxing playlist oh	1	0	0
/opt/gpfs/users/shuai/work/block-conversion-b2/OmniVoice/results_b2_steps32/seedtts_en/common_voice_en_652024-common_voice_en_652027.wav	0.0	the dragon breathed a stream of fire thirty feet long	the dragon breathed a stream of fire thirty feet long	0	0	0
/opt/gpfs/users/shuai/work/block-conversion-b2/OmniVoice/results_b2_steps32/seedtts_en/common_voice_en_653337-common_voice_en_653336.wav	0.0	we lit the lantern and walked over to his house	we lit the lantern and walked over to his house	0	0	0
/opt/gpfs/users/shuai/work/block-conversion-b2/OmniVoice/results_b2_steps32/seedtts_en/common_voice_en_657467-common_voice_en_657468.wav	0.0	the football game ended with neither team scoring a single point	the football game ended with neither team scoring a single point	0	0	0
/opt/gpfs/users/shuai/work/block-conversion-b2/OmniVoice/results_b2_steps32/seedtts_en/common_voice_en_664748-common_voice_en_664751.wav	0.0	lots of places sell tea around here the merchant said	lots of places sell tea around here the merchant said	0	0	0
/opt/gpfs/users/shuai/work/block-conversion-b2/OmniVoice/results_b2_steps32/seedtts_en/common_voice_en_664748-common_voice_en_664753.wav	0.0	advancing slowly they searched among the stones	advancing slowly they searched among the stones	0	0	0
/opt/gpfs/users/shuai/work/block-conversion-b2/OmniVoice/results_b2_steps32/seedtts_en/common_voice_en_667155-common_voice_en_667153.wav	0.0	he must be disguised to avoid encounters with thieves	he must be disguised to avoid encounters with thieves	0	0	0
/opt/gpfs/users/shuai/work/block-conversion-b2/OmniVoice/results_b2_steps32/seedtts_en/common_voice_en_667155-common_voice_en_667154.wav	0.0	i'm afraid that if my dream is realized i'll have no reason to go on living	i'm afraid that if my dream is realized i'll have no reason to go on living	0	0	0
/opt/gpfs/users/shuai/work/block-conversion-b2/OmniVoice/results_b2_steps32/seedtts_en/common_voice_en_673471-common_voice_en_673472.wav	0.07692307692307693	i would have won the junior olympics if not for those medaling kids	i would have won the junior olympics if not for those meddling kids	0	0	1
/opt/gpfs/users/shuai/work/block-conversion-b2/OmniVoice/results_b2_steps32/seedtts_en/common_voice_en_673471-common_voice_en_673473.wav	0.0	and at that i told him and he took my place	and at that i told him and he took my place	0	0	0
/opt/gpfs/users/shuai/work/block-conversion-b2/OmniVoice/results_b2_steps32/seedtts_en/common_voice_en_674100-common_voice_en_674112.wav	0.0	then he dropped his spade picked up his jacket and came out into the road	then he dropped his spade picked up his jacket and came out into the road	0	0	0
/opt/gpfs/users/shuai/work/block-conversion-b2/OmniVoice/results_b2_steps32/seedtts_en/common_voice_en_674100-common_voice_en_674114.wav	0.0	revenge is not my style but obviously accidents will happen	revenge is not my style but obviously accidents will happen	0	0	0
/opt/gpfs/users/shuai/work/block-conversion-b2/OmniVoice/results_b2_steps32/seedtts_en/common_voice_en_678682-common_voice_en_678679.wav	0.0	i think they perceived that nothing was to be done at the moment	i think they perceived that nothing was to be done at the moment	0	0	0
/opt/gpfs/users/shuai/work/block-conversion-b2/OmniVoice/results_b2_steps32/seedtts_en/common_voice_en_678682-common_voice_en_678684.wav	0.0	i'm trying to explain to my mother how to get pictures off her phone	i'm trying to explain to my mother how to get pictures off her phone	0	0	0
/opt/gpfs/users/shuai/work/block-conversion-b2/OmniVoice/results_b2_steps32/seedtts_en/common_voice_en_682528-common_voice_en_682530.wav	0.0	before guns were invented armies had to throw bullets at each other and if a bullet touched you you had to sit out until the next war	before guns were invented armies had to throw bullets at each other and if a bullet touched you you had to sit out until the next war	0	0	0
/opt/gpfs/users/shuai/work/block-conversion-b2/OmniVoice/results_b2_steps32/seedtts_en/common_voice_en_682528-common_voice_en_682536.wav	0.0	and the girl pointed to the south indicating that it was there the strange man lived	and the girl pointed to the south indicating that it was there the strange man lived	0	0	0
/opt/gpfs/users/shuai/work/block-conversion-b2/OmniVoice/results_b2_steps32/seedtts_en/common_voice_en_684395-common_voice_en_684398.wav	0.125	still after that first million before you're thirty	still after that first million before you're 30	0	0	1
/opt/gpfs/users/shuai/work/block-conversion-b2/OmniVoice/results_b2_steps32/seedtts_en/common_voice_en_684395-common_voice_en_684399.wav	0.0	reading between the lines requires understanding	reading between the lines requires understanding	0	0	0
/opt/gpfs/users/shuai/work/block-conversion-b2/OmniVoice/results_b2_steps32/seedtts_en/common_voice_en_68569-common_voice_en_68570.wav	0.0	this was the strangest of all things that ever came to earth from outer space	this was the strangest of all things that ever came to earth from outer space	0	0	0
/opt/gpfs/users/shuai/work/block-conversion-b2/OmniVoice/results_b2_steps32/seedtts_en/common_voice_en_68569-common_voice_en_68571.wav	0.0	a large piece suddenly came off and fell with a loud and sharp noise	a large piece suddenly came off and fell with a loud and sharp noise	0	0	0
/opt/gpfs/users/shuai/work/block-conversion-b2/OmniVoice/results_b2_steps32/seedtts_en/common_voice_en_691043-common_voice_en_691044.wav	0.0	a man with glasses and a beard shaves his beard with a shaver	a man with glasses and a beard shaves his beard with a shaver	0	0	0
/opt/gpfs/users/shuai/work/block-conversion-b2/OmniVoice/results_b2_steps32/seedtts_en/common_voice_en_691678-common_voice_en_691680.wav	0.0	revenge is not my style but obviously accidents will happen	revenge is not my style but obviously accidents will happen	0	0	0
/opt/gpfs/users/shuai/work/block-conversion-b2/OmniVoice/results_b2_steps32/seedtts_en/common_voice_en_691678-common_voice_en_691681.wav	0.0	i have the diet of a kid who found twenty dollars	i have the diet of a kid who found twenty dollars	0	0	0
/opt/gpfs/users/shuai/work/block-conversion-b2/OmniVoice/results_b2_steps32/seedtts_en/common_voice_en_699384-common_voice_en_699385.wav	0.0	of course the two were unable to do anything	of course the two were unable to do anything	0	0	0
/opt/gpfs/users/shuai/work/block-conversion-b2/OmniVoice/results_b2_steps32/seedtts_en/common_voice_en_699384-common_voice_en_699386.wav	0.0	dense clouds of smoke or dust can be seen through a powerful telescope	dense clouds of smoke or dust can be seen through a powerful telescope	0	0	0
/opt/gpfs/users/shuai/work/block-conversion-b2/OmniVoice/results_b2_steps32/seedtts_en/common_voice_en_71427-common_voice_en_71423.wav	0.14285714285714285	a couple walks through an asian restaurant	a couple walks through an asian restaurant huh	1	0	0
/opt/gpfs/users/shuai/work/block-conversion-b2/OmniVoice/results_b2_steps32/seedtts_en/common_voice_en_71427-common_voice_en_71425.wav	0.0	a man in a green and red shirt and blue shorts jumps a hurdle on a track	a man in a green and red shirt and blue shorts jumps a hurdle on a track	0	0	0
/opt/gpfs/users/shuai/work/block-conversion-b2/OmniVoice/results_b2_steps32/seedtts_en/common_voice_en_75329-common_voice_en_75330.wav	0.0625	looking through the telescope i saw a circle of deep blue and the little round planet	looking through the telescope i saw a circle of deep blue and the little round planet boom	1	0	0
/opt/gpfs/users/shuai/work/block-conversion-b2/OmniVoice/results_b2_steps32/seedtts_en/common_voice_en_75329-common_voice_en_75332.wav	0.18181818181818182	i have the diet of a kid who found twenty dollars	i have the diet of a kid who found 20	0	1	1
/opt/gpfs/users/shuai/work/block-conversion-b2/OmniVoice/results_b2_steps32/seedtts_en/common_voice_en_79862-common_voice_en_79860.wav	0.0	the hunter was alerted by the sound of rustling vegetation behind her	the hunter was alerted by the sound of rustling vegetation behind her	0	0	0
/opt/gpfs/users/shuai/work/block-conversion-b2/OmniVoice/results_b2_steps32/seedtts_en/common_voice_en_86172-common_voice_en_86171.wav	0.0	there is no universal definition of intelligence but everyone agrees that the ability of learning belongs to it	there is no universal definition of intelligence but everyone agrees that the ability of learning belongs to it	0	0	0
/opt/gpfs/users/shuai/work/block-conversion-b2/OmniVoice/results_b2_steps32/seedtts_en/common_voice_en_86172-common_voice_en_86173.wav	0.0	even if you're an expert reading all of it is often not feasible due to lack of time	even if you're an expert reading all of it is often not feasible due to lack of time	0	0	0
/opt/gpfs/users/shuai/work/block-conversion-b2/OmniVoice/results_b2_steps32/seedtts_en/common_voice_en_86363-common_voice_en_86360.wav	0.0	i'm interested only in the present	i'm interested only in the present	0	0	0
/opt/gpfs/users/shuai/work/block-conversion-b2/OmniVoice/results_b2_steps32/seedtts_en/common_voice_en_86363-common_voice_en_86365.wav	0.0	before the boy could reply a butterfly appeared and fluttered between him and the old man	before the boy could reply a butterfly appeared and fluttered between him and the old man	0	0	0
/opt/gpfs/users/shuai/work/block-conversion-b2/OmniVoice/results_b2_steps32/seedtts_en/common_voice_en_8805512-common_voice_en_8805513.wav	0.0	a lantern lit up the trees	a lantern lit up the trees	0	0	0
/opt/gpfs/users/shuai/work/block-conversion-b2/OmniVoice/results_b2_steps32/seedtts_en/common_voice_en_93674-common_voice_en_93672.wav	0.0	he had never imagined that questions about life would be of such importance to a shepherd	he had never imagined that questions about life would be of such importance to a shepherd	0	0	0
/opt/gpfs/users/shuai/work/block-conversion-b2/OmniVoice/results_b2_steps32/seedtts_en/common_voice_en_93674-common_voice_en_93675.wav	0.0	she would never know the difference because she didn't know how to read	she would never know the difference because she didn't know how to read	0	0	0
/opt/gpfs/users/shuai/work/block-conversion-b2/OmniVoice/results_b2_steps32/seedtts_en/common_voice_en_9559-common_voice_en_9560.wav	0.0	he didn't consider mending the hole the stones could fall through any time they wanted	he didn't consider mending the hole the stones could fall through any time they wanted	0	0	0
/opt/gpfs/users/shuai/work/block-conversion-b2/OmniVoice/results_b2_steps32/seedtts_en/common_voice_en_9559-common_voice_en_9562.wav	0.0	this wasn't a strange place it was a new one	this wasn't a strange place it was a new one	0	0	0
/opt/gpfs/users/shuai/work/block-conversion-b2/OmniVoice/results_b2_steps32/seedtts_en/common_voice_en_96260-common_voice_en_96263.wav	0.0	he got up early with the idea of finding it	he got up early with the idea of finding it	0	0	0
Seed-TTS WER (Avg of WERs): 5.95%
WER (Weighted): 6.03%
Errors: 399.0 ins, 133.0 del, 180.0 sub / 11806 words
