Name	WER	Truth	Hypothesis	Insertions	Deletions	Substitutions
/opt/gpfs/users/shuai/work/block-conversion-b2/OmniVoice/results_b2_final_gs3p0/seedtts_en/common_voice_en_10119832-common_voice_en_10119840.wav	0.0	get the trust fund to the bank early	get the trust fund to the bank early	0	0	0
/opt/gpfs/users/shuai/work/block-conversion-b2/OmniVoice/results_b2_final_gs3p0/seedtts_en/common_voice_en_10119832-common_voice_en_10119847.wav	0.0	the stained glass offered a hypnotic atmosphere	the stained glass offered a hypnotic atmosphere	0	0	0
/opt/gpfs/users/shuai/work/block-conversion-b2/OmniVoice/results_b2_final_gs3p0/seedtts_en/common_voice_en_103675-common_voice_en_103676.wav	0.0	one by one the campfires were extinguished and the oasis fell as quiet as the desert	one by one the campfires were extinguished and the oasis fell as quiet as the desert	0	0	0
/opt/gpfs/users/shuai/work/block-conversion-b2/OmniVoice/results_b2_final_gs3p0/seedtts_en/common_voice_en_103675-common_voice_en_103677.wav	0.0	the boy knew the desert sensed his fear	the boy knew the desert sensed his fear	0	0	0
/opt/gpfs/users/shuai/work/block-conversion-b2/OmniVoice/results_b2_final_gs3p0/seedtts_en/common_voice_en_10933823-common_voice_en_10933822.wav	0.0	when it comes to the crunch our company will become insolvent	when it comes to the crunch our company will become insolvent	0	0	0
/opt/gpfs/users/shuai/work/block-conversion-b2/OmniVoice/results_b2_final_gs3p0/seedtts_en/common_voice_en_10933823-common_voice_en_10933825.wav	0.16666666666666666	the primary coil has fifty turns	the primary coil has 50 turns	0	0	1
/opt/gpfs/users/shuai/work/block-conversion-b2/OmniVoice/results_b2_final_gs3p0/seedtts_en/common_voice_en_120405-common_voice_en_120402.wav	0.0	i'm never more aware of a room's acoustics than when i'm trying to enjoy a snack i have no intention of sharing	i'm never more aware of a room's acoustics than when i'm trying to enjoy a snack i have no intention of sharing	0	0	0
/opt/gpfs/users/shuai/work/block-conversion-b2/OmniVoice/results_b2_final_gs3p0/seedtts_en/common_voice_en_120405-common_voice_en_120406.wav	0.0	the only shadow was that of the few scattered pine trees	the only shadow was that of the few scattered pine trees	0	0	0
/opt/gpfs/users/shuai/work/block-conversion-b2/OmniVoice/results_b2_final_gs3p0/seedtts_en/common_voice_en_1205005-common_voice_en_1205007.wav	0.0	the work of the tailor is seen on each side	the work of the tailor is seen on each side	0	0	0
/opt/gpfs/users/shuai/work/block-conversion-b2/OmniVoice/results_b2_final_gs3p0/seedtts_en/common_voice_en_1205005-common_voice_en_1205008.wav	0.0	nasa plans to launch the rocket tomorrow	nasa plans to launch the rocket tomorrow	0	0	0
/opt/gpfs/users/shuai/work/block-conversion-b2/OmniVoice/results_b2_final_gs3p0/seedtts_en/common_voice_en_123125-common_voice_en_123126.wav	0.07692307692307693	after all who doesn't want to overcome new challenges and achieve great heights	after all who doesn't want to overcome new challenges and achieve great heights uh	1	0	0
/opt/gpfs/users/shuai/work/block-conversion-b2/OmniVoice/results_b2_final_gs3p0/seedtts_en/common_voice_en_123125-common_voice_en_123127.wav	0.0	later we simply let life proceed in its own direction toward its own fate	later we simply let life proceed in its own direction toward its own fate	0	0	0
/opt/gpfs/users/shuai/work/block-conversion-b2/OmniVoice/results_b2_final_gs3p0/seedtts_en/common_voice_en_125386-common_voice_en_125388.wav	0.0	the two men hurried back and found the cylinder still lying in the same position	the two men hurried back and found the cylinder still lying in the same position	0	0	0
/opt/gpfs/users/shuai/work/block-conversion-b2/OmniVoice/results_b2_final_gs3p0/seedtts_en/common_voice_en_125386-common_voice_en_125389.wav	0.0	i thought about the difficulties in translation that might arise	i thought about the difficulties in translation that might arise	0	0	0
/opt/gpfs/users/shuai/work/block-conversion-b2/OmniVoice/results_b2_final_gs3p0/seedtts_en/common_voice_en_137148-common_voice_en_137152.wav	0.0	elvis presley is often called the king of rock and roll	elvis presley is often called the king of rock and roll	0	0	0
/opt/gpfs/users/shuai/work/block-conversion-b2/OmniVoice/results_b2_final_gs3p0/seedtts_en/common_voice_en_13900-common_voice_en_13901.wav	0.0	we don't have the budget to produce it in studio quality	we don't have the budget to produce it in studio quality	0	0	0
/opt/gpfs/users/shuai/work/block-conversion-b2/OmniVoice/results_b2_final_gs3p0/seedtts_en/common_voice_en_1416089-common_voice_en_1416090.wav	0.0	also will numbers be written as digits or as words	also will numbers be written as digits or as words	0	0	0
/opt/gpfs/users/shuai/work/block-conversion-b2/OmniVoice/results_b2_final_gs3p0/seedtts_en/common_voice_en_1416089-common_voice_en_1416093.wav	0.0	i do not like sushi so i did not really enjoy the meal	i do not like sushi so i did not really enjoy the meal	0	0	0
/opt/gpfs/users/shuai/work/block-conversion-b2/OmniVoice/results_b2_final_gs3p0/seedtts_en/common_voice_en_15265-common_voice_en_15266.wav	0.0	large brown dog walks up a blue staircase	large brown dog walks up a blue staircase	0	0	0
/opt/gpfs/users/shuai/work/block-conversion-b2/OmniVoice/results_b2_final_gs3p0/seedtts_en/common_voice_en_15265-common_voice_en_15268.wav	0.1	a sky jumper falls toward the sea and the earth	sky jumper falls toward the sea and the earth	0	1	0
/opt/gpfs/users/shuai/work/block-conversion-b2/OmniVoice/results_b2_final_gs3p0/seedtts_en/common_voice_en_153872-common_voice_en_153873.wav	0.0	they set off running wildly into the trees	they set off running wildly into the trees	0	0	0
/opt/gpfs/users/shuai/work/block-conversion-b2/OmniVoice/results_b2_final_gs3p0/seedtts_en/common_voice_en_153872-common_voice_en_153874.wav	0.0	a thin circle of bright metal showed between the top and the body of the cylinder	a thin circle of bright metal showed between the top and the body of the cylinder	0	0	0
/opt/gpfs/users/shuai/work/block-conversion-b2/OmniVoice/results_b2_final_gs3p0/seedtts_en/common_voice_en_155313-common_voice_en_155315.wav	0.11764705882352941	replace the ts in tim tebow's name with any other consonant to get a star wars character	replace the t's in tim tebow's name with any other consonant to get a star wars character ah	1	0	1
/opt/gpfs/users/shuai/work/block-conversion-b2/OmniVoice/results_b2_final_gs3p0/seedtts_en/common_voice_en_15734837-common_voice_en_15734838.wav	0.0	tyler lucy michelle we're going to space	tyler lucy michelle we're going to space	0	0	0
/opt/gpfs/users/shuai/work/block-conversion-b2/OmniVoice/results_b2_final_gs3p0/seedtts_en/common_voice_en_15735839-common_voice_en_15735837.wav	0.0	get out of this	get out of this	0	0	0
/opt/gpfs/users/shuai/work/block-conversion-b2/OmniVoice/results_b2_final_gs3p0/seedtts_en/common_voice_en_15903802-common_voice_en_15903807.wav	0.0	thousands of people die every year as a consequence of air pollution	thousands of people die every year as a consequence of air pollution	0	0	0
/opt/gpfs/users/shuai/work/block-conversion-b2/OmniVoice/results_b2_final_gs3p0/seedtts_en/common_voice_en_15903802-common_voice_en_15903815.wav	0.0	history teaches us that humans do not learn from history	history teaches us that humans do not learn from history	0	0	0
/opt/gpfs/users/shuai/work/block-conversion-b2/OmniVoice/results_b2_final_gs3p0/seedtts_en/common_voice_en_16666041-common_voice_en_16666040.wav	0.0	i was well but i'm all the better for being here	i was well but i'm all the better for being here	0	0	0
/opt/gpfs/users/shuai/work/block-conversion-b2/OmniVoice/results_b2_final_gs3p0/seedtts_en/common_voice_en_167249-common_voice_en_167246.wav	0.0	what is the forecast for california for rain	what is the forecast for california for rain	0	0	0
/opt/gpfs/users/shuai/work/block-conversion-b2/OmniVoice/results_b2_final_gs3p0/seedtts_en/common_voice_en_167249-common_voice_en_167247.wav	0.0	take these capsules over to mrs david's house	take these capsules over to mrs david's house	0	0	0
/opt/gpfs/users/shuai/work/block-conversion-b2/OmniVoice/results_b2_final_gs3p0/seedtts_en/common_voice_en_17147545-common_voice_en_17147546.wav	0.0	lions hunt their prey with sprints whereas wolves take advantage of their stamina	lions hunt their prey with sprints whereas wolves take advantage of their stamina	0	0	0
/opt/gpfs/users/shuai/work/block-conversion-b2/OmniVoice/results_b2_final_gs3p0/seedtts_en/common_voice_en_17161-common_voice_en_17159.wav	0.1111111111111111	he must be disguised to avoid encounters with thieves	uh he must be disguised to avoid encounters with thieves	1	0	0
/opt/gpfs/users/shuai/work/block-conversion-b2/OmniVoice/results_b2_final_gs3p0/seedtts_en/common_voice_en_17161-common_voice_en_17160.wav	0.0	the area was swirling in dust so intense that it hid the moon from view	the area was swirling in dust so intense that it hid the moon from view	0	0	0
/opt/gpfs/users/shuai/work/block-conversion-b2/OmniVoice/results_b2_final_gs3p0/seedtts_en/common_voice_en_17249419-common_voice_en_17249428.wav	0.0	i heard the land where the hobbits live the shire has actually been filmed in new zealand	i heard the land where the hobbits live the shire has actually been filmed in new zealand	0	0	0
/opt/gpfs/users/shuai/work/block-conversion-b2/OmniVoice/results_b2_final_gs3p0/seedtts_en/common_voice_en_17255102-common_voice_en_17255101.wav	0.0	the salesman was like the rest of them untrustworthy	the salesman was like the rest of them untrustworthy	0	0	0
/opt/gpfs/users/shuai/work/block-conversion-b2/OmniVoice/results_b2_final_gs3p0/seedtts_en/common_voice_en_17256676-common_voice_en_17256678.wav	0.0	to her amazement she found a supermarket trolley lying on the seabed	to her amazement she found a supermarket trolley lying on the seabed	0	0	0
/opt/gpfs/users/shuai/work/block-conversion-b2/OmniVoice/results_b2_final_gs3p0/seedtts_en/common_voice_en_17259121-common_voice_en_17259122.wav	0.0	this pepperoni tastes off she said	this pepperoni tastes off she said	0	0	0
/opt/gpfs/users/shuai/work/block-conversion-b2/OmniVoice/results_b2_final_gs3p0/seedtts_en/common_voice_en_17263752-common_voice_en_17263750.wav	0.5789473684210527	try to make eye contact with a stranger on the bus and hold it for five seconds without speaking	and hold it for five seconds without speaking	0	11	0
/opt/gpfs/users/shuai/work/block-conversion-b2/OmniVoice/results_b2_final_gs3p0/seedtts_en/common_voice_en_17263752-common_voice_en_17263755.wav	0.0	spain is producing lots of lettuce paprika and tomatoes	spain is producing lots of lettuce paprika and tomatoes	0	0	0
/opt/gpfs/users/shuai/work/block-conversion-b2/OmniVoice/results_b2_final_gs3p0/seedtts_en/common_voice_en_17263780-common_voice_en_17263781.wav	0.0	the more you read the better you will be understood	the more you read the better you will be understood	0	0	0
/opt/gpfs/users/shuai/work/block-conversion-b2/OmniVoice/results_b2_final_gs3p0/seedtts_en/common_voice_en_17263780-common_voice_en_17263782.wav	0.0	if my stepfather sold this old sculpture he'd probably become a millionaire	if my stepfather sold this old sculpture he'd probably become a millionaire	0	0	0
/opt/gpfs/users/shuai/work/block-conversion-b2/OmniVoice/results_b2_final_gs3p0/seedtts_en/common_voice_en_17267923-common_voice_en_17267922.wav	0.0	can we please leave now	can we please leave now	0	0	0
/opt/gpfs/users/shuai/work/block-conversion-b2/OmniVoice/results_b2_final_gs3p0/seedtts_en/common_voice_en_17268075-common_voice_en_17268076.wav	0.0	contrary to common belief children won't gain computer literacy if you just hand them tablet computers and smartphones	contrary to common belief children won't gain computer literacy if you just hand them tablet computers and smartphones	0	0	0
/opt/gpfs/users/shuai/work/block-conversion-b2/OmniVoice/results_b2_final_gs3p0/seedtts_en/common_voice_en_17271507-common_voice_en_17271509.wav	0.0	regarding your request i have decided to heed your warnings	regarding your request i have decided to heed your warnings	0	0	0
/opt/gpfs/users/shuai/work/block-conversion-b2/OmniVoice/results_b2_final_gs3p0/seedtts_en/common_voice_en_17271507-common_voice_en_17271510.wav	0.0	it was such a thrill her veins were pumped full of adrenaline	it was such a thrill her veins were pumped full of adrenaline	0	0	0
/opt/gpfs/users/shuai/work/block-conversion-b2/OmniVoice/results_b2_final_gs3p0/seedtts_en/common_voice_en_17274522-common_voice_en_17274523.wav	0.0	nora finds herself ugly because she has pimples	nora finds herself ugly because she has pimples	0	0	0
/opt/gpfs/users/shuai/work/block-conversion-b2/OmniVoice/results_b2_final_gs3p0/seedtts_en/common_voice_en_17274522-common_voice_en_17274525.wav	0.25	ninety five lines and no more that's it	95 lines and no more that's it	0	1	1
/opt/gpfs/users/shuai/work/block-conversion-b2/OmniVoice/results_b2_final_gs3p0/seedtts_en/common_voice_en_17274533-common_voice_en_17274531.wav	0.0	if possible we'd like the papers a week before and after each of these dates please	if possible we'd like the papers a week before and after each of these dates please	0	0	0
/opt/gpfs/users/shuai/work/block-conversion-b2/OmniVoice/results_b2_final_gs3p0/seedtts_en/common_voice_en_17275818-common_voice_en_17275816.wav	0.0	television can make you dumb but it can also be good education	television can make you dumb but it can also be good education	0	0	0
/opt/gpfs/users/shuai/work/block-conversion-b2/OmniVoice/results_b2_final_gs3p0/seedtts_en/common_voice_en_17275818-common_voice_en_17275817.wav	0.0	ladies and gentlemen this wagon is going to be detached	ladies and gentlemen this wagon is going to be detached	0	0	0
/opt/gpfs/users/shuai/work/block-conversion-b2/OmniVoice/results_b2_final_gs3p0/seedtts_en/common_voice_en_17277080-common_voice_en_17277082.wav	0.1111111111111111	three weeks later he was feeling a lot better	three weeks later he was feeling a lot better uh	1	0	0
/opt/gpfs/users/shuai/work/block-conversion-b2/OmniVoice/results_b2_final_gs3p0/seedtts_en/common_voice_en_17277080-common_voice_en_17277083.wav	0.0	little thieves are hanged but great ones escape	little thieves are hanged but great ones escape	0	0	0
/opt/gpfs/users/shuai/work/block-conversion-b2/OmniVoice/results_b2_final_gs3p0/seedtts_en/common_voice_en_17278904-common_voice_en_17278905.wav	0.0	with skin and hair completely thoroughly out and out	with skin and hair completely thoroughly out and out	0	0	0
/opt/gpfs/users/shuai/work/block-conversion-b2/OmniVoice/results_b2_final_gs3p0/seedtts_en/common_voice_en_17278904-common_voice_en_17278909.wav	0.0	this part of the town was half residential half industrial	this part of the town was half residential half industrial	0	0	0
/opt/gpfs/users/shuai/work/block-conversion-b2/OmniVoice/results_b2_final_gs3p0/seedtts_en/common_voice_en_17281385-common_voice_en_17281386.wav	0.0	as he couldn't prove his innocence he was brought to the detention zone as if guilty	as he couldn't prove his innocence he was brought to the detention zone as if guilty	0	0	0
/opt/gpfs/users/shuai/work/block-conversion-b2/OmniVoice/results_b2_final_gs3p0/seedtts_en/common_voice_en_17281385-common_voice_en_17281393.wav	0.2	lifeguards were standing on a tower staring at the water	lifeguards were standing on a tower staring at	0	2	0
/opt/gpfs/users/shuai/work/block-conversion-b2/OmniVoice/results_b2_final_gs3p0/seedtts_en/common_voice_en_17288057-common_voice_en_17288056.wav	1.0	where did that come from	uh	0	4	1
/opt/gpfs/users/shuai/work/block-conversion-b2/OmniVoice/results_b2_final_gs3p0/seedtts_en/common_voice_en_17288057-common_voice_en_17288059.wav	0.0	did you really think it through	did you really think it through	0	0	0
/opt/gpfs/users/shuai/work/block-conversion-b2/OmniVoice/results_b2_final_gs3p0/seedtts_en/common_voice_en_17324784-common_voice_en_17324785.wav	0.125	despite years of research the problem remained intractable	despite years of research the problem remained intractable ah	1	0	0
/opt/gpfs/users/shuai/work/block-conversion-b2/OmniVoice/results_b2_final_gs3p0/seedtts_en/common_voice_en_17324784-common_voice_en_17324786.wav	0.0	as independent studies document the neanderthals developed simple tools such as spears	as independent studies document the neanderthals developed simple tools such as spears	0	0	0
/opt/gpfs/users/shuai/work/block-conversion-b2/OmniVoice/results_b2_final_gs3p0/seedtts_en/common_voice_en_17347410-common_voice_en_17347409.wav	0.0	worryingly the radio signal became weaker	worryingly the radio signal became weaker	0	0	0
/opt/gpfs/users/shuai/work/block-conversion-b2/OmniVoice/results_b2_final_gs3p0/seedtts_en/common_voice_en_17352169-common_voice_en_17352173.wav	0.0	this swallow is twittering without internet connection and has a swarm of followers	this swallow is twittering without internet connection and has a swarm of followers	0	0	0
/opt/gpfs/users/shuai/work/block-conversion-b2/OmniVoice/results_b2_final_gs3p0/seedtts_en/common_voice_en_173534-common_voice_en_173537.wav	0.07692307692307693	strip down the rig until you know exactly where the error is located	strip down the rig until you know exactly where the error is located uh	1	0	0
/opt/gpfs/users/shuai/work/block-conversion-b2/OmniVoice/results_b2_final_gs3p0/seedtts_en/common_voice_en_173534-common_voice_en_173540.wav	0.0	i like the avenger of the new episode he really is a badass	i like the avenger of the new episode he really is a badass	0	0	0
/opt/gpfs/users/shuai/work/block-conversion-b2/OmniVoice/results_b2_final_gs3p0/seedtts_en/common_voice_en_17369337-common_voice_en_17369336.wav	0.0	does the new splinter cell game come with a multiplayer mode	does the new splinter cell game come with a multiplayer mode	0	0	0
/opt/gpfs/users/shuai/work/block-conversion-b2/OmniVoice/results_b2_final_gs3p0/seedtts_en/common_voice_en_17369851-common_voice_en_17369849.wav	0.0	do you know what they're up to	do you know what they're up to	0	0	0
/opt/gpfs/users/shuai/work/block-conversion-b2/OmniVoice/results_b2_final_gs3p0/seedtts_en/common_voice_en_17375252-common_voice_en_17375256.wav	0.0	with skin and hair completely thoroughly out and out	with skin and hair completely thoroughly out and out	0	0	0
/opt/gpfs/users/shuai/work/block-conversion-b2/OmniVoice/results_b2_final_gs3p0/seedtts_en/common_voice_en_17380945-common_voice_en_17380947.wav	0.0	sooner or later they'll find out how to read these hieroglyphics	sooner or later they'll find out how to read these hieroglyphics	0	0	0
/opt/gpfs/users/shuai/work/block-conversion-b2/OmniVoice/results_b2_final_gs3p0/seedtts_en/common_voice_en_17389076-common_voice_en_17389120.wav	0.0	can you do your babysitting from outside my office	can you do your babysitting from outside my office	0	0	0
/opt/gpfs/users/shuai/work/block-conversion-b2/OmniVoice/results_b2_final_gs3p0/seedtts_en/common_voice_en_17389984-common_voice_en_17389987.wav	0.0	never advertise razors by shaving a monkey it's cruel and results in lawsuits	never advertise razors by shaving a monkey it's cruel and results in lawsuits	0	0	0
/opt/gpfs/users/shuai/work/block-conversion-b2/OmniVoice/results_b2_final_gs3p0/seedtts_en/common_voice_en_17389984-common_voice_en_17389988.wav	0.0	technically breaking a mirror is not five years but seven years of bad luck	technically breaking a mirror is not five years but seven years of bad luck	0	0	0
/opt/gpfs/users/shuai/work/block-conversion-b2/OmniVoice/results_b2_final_gs3p0/seedtts_en/common_voice_en_17401431-common_voice_en_17401433.wav	0.1	well this exactly happens in an old story from norwegia	well this exactly happens in an old story from norwegia oh	1	0	0
/opt/gpfs/users/shuai/work/block-conversion-b2/OmniVoice/results_b2_final_gs3p0/seedtts_en/common_voice_en_17406452-common_voice_en_17406455.wav	0.0	yeah i had a bit of a poke at that and failed to work out what was wrong	yeah i had a bit of a poke at that and failed to work out what was wrong	0	0	0
/opt/gpfs/users/shuai/work/block-conversion-b2/OmniVoice/results_b2_final_gs3p0/seedtts_en/common_voice_en_17406452-common_voice_en_17406466.wav	0.0	when you're at a party and somebody says banana bread a sniper might be near you	when you're at a party and somebody says banana bread a sniper might be near you	0	0	0
/opt/gpfs/users/shuai/work/block-conversion-b2/OmniVoice/results_b2_final_gs3p0/seedtts_en/common_voice_en_17406732-common_voice_en_17406734.wav	0.0	they both stormed out neither thinking to fill me in on where they were going	they both stormed out neither thinking to fill me in on where they were going	0	0	0
/opt/gpfs/users/shuai/work/block-conversion-b2/OmniVoice/results_b2_final_gs3p0/seedtts_en/common_voice_en_17406732-common_voice_en_17406735.wav	0.0	when you're at a party and somebody says banana bread a sniper might be near you	when you're at a party and somebody says banana bread a sniper might be near you	0	0	0
/opt/gpfs/users/shuai/work/block-conversion-b2/OmniVoice/results_b2_final_gs3p0/seedtts_en/common_voice_en_17429166-common_voice_en_17429168.wav	0.0	will no one go	will no one go	0	0	0
/opt/gpfs/users/shuai/work/block-conversion-b2/OmniVoice/results_b2_final_gs3p0/seedtts_en/common_voice_en_17429166-common_voice_en_17429171.wav	0.0	one key is for encryption the other one for decryption	one key is for encryption the other one for decryption	0	0	0
/opt/gpfs/users/shuai/work/block-conversion-b2/OmniVoice/results_b2_final_gs3p0/seedtts_en/common_voice_en_17442686-common_voice_en_17442688.wav	0.0	do the roses compete in athletic events	do the roses compete in athletic events	0	0	0
/opt/gpfs/users/shuai/work/block-conversion-b2/OmniVoice/results_b2_final_gs3p0/seedtts_en/common_voice_en_17444666-common_voice_en_17444667.wav	0.09523809523809523	he paused looked back at the house but then pocketed the keys opened the gate and strode down the path quickly	looked back at the house but then pocketed the keys opened the gate and strode down the path quickly	0	2	0
/opt/gpfs/users/shuai/work/block-conversion-b2/OmniVoice/results_b2_final_gs3p0/seedtts_en/common_voice_en_17444666-common_voice_en_17444668.wav	0.0	to summarize our comprehensive survey discloses the true versatility of their method	to summarize our comprehensive survey discloses the true versatility of their method	0	0	0
/opt/gpfs/users/shuai/work/block-conversion-b2/OmniVoice/results_b2_final_gs3p0/seedtts_en/common_voice_en_17451108-common_voice_en_17451109.wav	0.08333333333333333	he always stutters when he's nervous that's why he delegated the speech	he always stutters when he's nervous that's why he delegated the speech oh	1	0	0
/opt/gpfs/users/shuai/work/block-conversion-b2/OmniVoice/results_b2_final_gs3p0/seedtts_en/common_voice_en_17502-common_voice_en_17503.wav	0.0	songs are made to make you feel	songs are made to make you feel	0	0	0
/opt/gpfs/users/shuai/work/block-conversion-b2/OmniVoice/results_b2_final_gs3p0/seedtts_en/common_voice_en_17519982-common_voice_en_17519985.wav	0.0	real schools secondary schools giving a general practical education	real schools secondary schools giving a general practical education	0	0	0
/opt/gpfs/users/shuai/work/block-conversion-b2/OmniVoice/results_b2_final_gs3p0/seedtts_en/common_voice_en_17519982-common_voice_en_17519988.wav	0.0	well you shouldn't have any trouble then	well you shouldn't have any trouble then	0	0	0
/opt/gpfs/users/shuai/work/block-conversion-b2/OmniVoice/results_b2_final_gs3p0/seedtts_en/common_voice_en_175348-common_voice_en_175349.wav	0.0	any edition is fine and i use the premium edition	any edition is fine and i use the premium edition	0	0	0
/opt/gpfs/users/shuai/work/block-conversion-b2/OmniVoice/results_b2_final_gs3p0/seedtts_en/common_voice_en_175348-common_voice_en_175350.wav	0.06666666666666667	if you just read the code you'll miss out on why i made certain decisions	if you just read the code you'll miss miss out on why i made certain decisions	1	0	0
/opt/gpfs/users/shuai/work/block-conversion-b2/OmniVoice/results_b2_final_gs3p0/seedtts_en/common_voice_en_17578783-common_voice_en_17578780.wav	0.0	come on just stop thinking about it	come on just stop thinking about it	0	0	0
/opt/gpfs/users/shuai/work/block-conversion-b2/OmniVoice/results_b2_final_gs3p0/seedtts_en/common_voice_en_17578783-common_voice_en_17578781.wav	0.0	did the president just lie again	did the president just lie again	0	0	0
/opt/gpfs/users/shuai/work/block-conversion-b2/OmniVoice/results_b2_final_gs3p0/seedtts_en/common_voice_en_17662945-common_voice_en_17662954.wav	0.0	when the carpet and the curtains caught fire it was getting warm	when the carpet and the curtains caught fire it was getting warm	0	0	0
/opt/gpfs/users/shuai/work/block-conversion-b2/OmniVoice/results_b2_final_gs3p0/seedtts_en/common_voice_en_17662945-common_voice_en_17662956.wav	0.0	the results of the test were inconclusive and it has not been repeated	the results of the test were inconclusive and it has not been repeated	0	0	0
/opt/gpfs/users/shuai/work/block-conversion-b2/OmniVoice/results_b2_final_gs3p0/seedtts_en/common_voice_en_17718576-common_voice_en_17718578.wav	0.0	there was no replacement for armed forces lost in the fight	there was no replacement for armed forces lost in the fight	0	0	0
/opt/gpfs/users/shuai/work/block-conversion-b2/OmniVoice/results_b2_final_gs3p0/seedtts_en/common_voice_en_17727889-common_voice_en_17727904.wav	0.0	the logs fell and tumbled into the clear stream	the logs fell and tumbled into the clear stream	0	0	0
/opt/gpfs/users/shuai/work/block-conversion-b2/OmniVoice/results_b2_final_gs3p0/seedtts_en/common_voice_en_17727889-common_voice_en_17727905.wav	0.16666666666666666	my grandmother has type one diabetes	my grandmother has type 1 diabetes	0	0	1
/opt/gpfs/users/shuai/work/block-conversion-b2/OmniVoice/results_b2_final_gs3p0/seedtts_en/common_voice_en_17729945-common_voice_en_17729943.wav	0.0	i'm going with clara to buy some pillows and bolsters	i'm going with clara to buy some pillows and bolsters	0	0	0
/opt/gpfs/users/shuai/work/block-conversion-b2/OmniVoice/results_b2_final_gs3p0/seedtts_en/common_voice_en_17729945-common_voice_en_17729944.wav	0.125	the loss exposed the city to foreign attackers	uh the loss exposed the city to foreign attackers	1	0	0
/opt/gpfs/users/shuai/work/block-conversion-b2/OmniVoice/results_b2_final_gs3p0/seedtts_en/common_voice_en_17736608-common_voice_en_17736610.wav	0.125	little thieves are hanged but great ones escape	little thieves are hanged but great ones escape uh	1	0	0
/opt/gpfs/users/shuai/work/block-conversion-b2/OmniVoice/results_b2_final_gs3p0/seedtts_en/common_voice_en_17738848-common_voice_en_17744571.wav	0.0	for a long time the city's downfall was attributed to its second sacking	for a long time the city's downfall was attributed to its second sacking	0	0	0
/opt/gpfs/users/shuai/work/block-conversion-b2/OmniVoice/results_b2_final_gs3p0/seedtts_en/common_voice_en_17738848-common_voice_en_19083939.wav	0.0	it is also used as an initial ingredient in homeopathic remedies	it is also used as an initial ingredient in homeopathic remedies	0	0	0
/opt/gpfs/users/shuai/work/block-conversion-b2/OmniVoice/results_b2_final_gs3p0/seedtts_en/common_voice_en_17781154-common_voice_en_17781153.wav	0.0	keep the hatch tight and the watch constant	keep the hatch tight and the watch constant	0	0	0
/opt/gpfs/users/shuai/work/block-conversion-b2/OmniVoice/results_b2_final_gs3p0/seedtts_en/common_voice_en_17784-common_voice_en_17785.wav	0.0	then why should they be surprised when they see one	then why should they be surprised when they see one	0	0	0
/opt/gpfs/users/shuai/work/block-conversion-b2/OmniVoice/results_b2_final_gs3p0/seedtts_en/common_voice_en_17784-common_voice_en_17786.wav	0.0	the virus spread faster than wildfire	the virus spread faster than wildfire	0	0	0
/opt/gpfs/users/shuai/work/block-conversion-b2/OmniVoice/results_b2_final_gs3p0/seedtts_en/common_voice_en_177895-common_voice_en_177894.wav	0.0	a dog with a water pack is walking through clear green water	a dog with a water pack is walking through clear green water	0	0	0
/opt/gpfs/users/shuai/work/block-conversion-b2/OmniVoice/results_b2_final_gs3p0/seedtts_en/common_voice_en_177895-common_voice_en_177898.wav	0.1	a man is taking a look at the food products	a man is taking a look at the food products right	1	0	0
/opt/gpfs/users/shuai/work/block-conversion-b2/OmniVoice/results_b2_final_gs3p0/seedtts_en/common_voice_en_17817002-common_voice_en_17817003.wav	0.0	for a long time the city's downfall was attributed to its second sacking	for a long time the city's downfall was attributed to its second sacking	0	0	0
/opt/gpfs/users/shuai/work/block-conversion-b2/OmniVoice/results_b2_final_gs3p0/seedtts_en/common_voice_en_17817002-common_voice_en_17817005.wav	0.09090909090909091	the famous mona lisa painting was painted by leonardo da vinci	the famous mona lisa painting was painted by leonardo da vinci uh	1	0	0
/opt/gpfs/users/shuai/work/block-conversion-b2/OmniVoice/results_b2_final_gs3p0/seedtts_en/common_voice_en_17830764-common_voice_en_17830762.wav	0.0	are they twins or just normal siblings	are they twins or just normal siblings	0	0	0
/opt/gpfs/users/shuai/work/block-conversion-b2/OmniVoice/results_b2_final_gs3p0/seedtts_en/common_voice_en_17830764-common_voice_en_17830783.wav	0.0	today people in the city are very thankful for this fact	today people in the city are very thankful for this fact	0	0	0
/opt/gpfs/users/shuai/work/block-conversion-b2/OmniVoice/results_b2_final_gs3p0/seedtts_en/common_voice_en_17837104-common_voice_en_17837105.wav	0.0	the light danced across the lake	the light danced across the lake	0	0	0
/opt/gpfs/users/shuai/work/block-conversion-b2/OmniVoice/results_b2_final_gs3p0/seedtts_en/common_voice_en_17851231-common_voice_en_17851248.wav	0.0	lush ferns grow on the lofty rocks	lush ferns grow on the lofty rocks	0	0	0
/opt/gpfs/users/shuai/work/block-conversion-b2/OmniVoice/results_b2_final_gs3p0/seedtts_en/common_voice_en_17851231-common_voice_en_17851256.wav	0.0	a rich farm is rare in this sandy waste	a rich farm is rare in this sandy waste	0	0	0
/opt/gpfs/users/shuai/work/block-conversion-b2/OmniVoice/results_b2_final_gs3p0/seedtts_en/common_voice_en_17854896-common_voice_en_17854894.wav	0.0	to wish one well to wish one ill	to wish one well to wish one ill	0	0	0
/opt/gpfs/users/shuai/work/block-conversion-b2/OmniVoice/results_b2_final_gs3p0/seedtts_en/common_voice_en_17854896-common_voice_en_17854897.wav	0.0	verify the contents of the website	verify the contents of the website	0	0	0
/opt/gpfs/users/shuai/work/block-conversion-b2/OmniVoice/results_b2_final_gs3p0/seedtts_en/common_voice_en_17861335-common_voice_en_17861337.wav	0.0	it changes color when you say the words blue sponge	it changes color when you say the words blue sponge	0	0	0
/opt/gpfs/users/shuai/work/block-conversion-b2/OmniVoice/results_b2_final_gs3p0/seedtts_en/common_voice_en_17861489-common_voice_en_17861487.wav	0.0	not to know how to sign one's name	not to know how to sign one's name	0	0	0
/opt/gpfs/users/shuai/work/block-conversion-b2/OmniVoice/results_b2_final_gs3p0/seedtts_en/common_voice_en_17874600-common_voice_en_17874601.wav	0.0	an automobile will arrive at the end of the alley in half an hour you are to get inside	an automobile will arrive at the end of the alley in half an hour you are to get inside	0	0	0
/opt/gpfs/users/shuai/work/block-conversion-b2/OmniVoice/results_b2_final_gs3p0/seedtts_en/common_voice_en_17874600-common_voice_en_17874602.wav	0.0	without understanding the actual physics some animals exploit total internal reflection for catching fish	without understanding the actual physics some animals exploit total internal reflection for catching fish	0	0	0
/opt/gpfs/users/shuai/work/block-conversion-b2/OmniVoice/results_b2_final_gs3p0/seedtts_en/common_voice_en_17875915-common_voice_en_17875925.wav	0.0	the grass is always greener on the other side of the fence	the grass is always greener on the other side of the fence	0	0	0
/opt/gpfs/users/shuai/work/block-conversion-b2/OmniVoice/results_b2_final_gs3p0/seedtts_en/common_voice_en_17879420-common_voice_en_17879418.wav	0.0	every cloud has a silver lining	every cloud has a silver lining	0	0	0
/opt/gpfs/users/shuai/work/block-conversion-b2/OmniVoice/results_b2_final_gs3p0/seedtts_en/common_voice_en_17879420-common_voice_en_17879438.wav	0.0	the irrigation system will be fixed within a week	the irrigation system will be fixed within a week	0	0	0
/opt/gpfs/users/shuai/work/block-conversion-b2/OmniVoice/results_b2_final_gs3p0/seedtts_en/common_voice_en_17880926-common_voice_en_17880932.wav	0.0	a rich farm is rare in this sandy waste	a rich farm is rare in this sandy waste	0	0	0
/opt/gpfs/users/shuai/work/block-conversion-b2/OmniVoice/results_b2_final_gs3p0/seedtts_en/common_voice_en_17889905-common_voice_en_17889907.wav	0.0	for most owners of the car model the issue isn't noticeable	for most owners of the car model the issue isn't noticeable	0	0	0
/opt/gpfs/users/shuai/work/block-conversion-b2/OmniVoice/results_b2_final_gs3p0/seedtts_en/common_voice_en_17893247-common_voice_en_17893246.wav	0.0	we strolled along the promenade and through the mall	we strolled along the promenade and through the mall	0	0	0
/opt/gpfs/users/shuai/work/block-conversion-b2/OmniVoice/results_b2_final_gs3p0/seedtts_en/common_voice_en_17893247-common_voice_en_17893250.wav	0.0	for a start we both know that i have it	for a start we both know that i have it	0	0	0
/opt/gpfs/users/shuai/work/block-conversion-b2/OmniVoice/results_b2_final_gs3p0/seedtts_en/common_voice_en_17899910-common_voice_en_17899909.wav	0.0	please shut the door	please shut the door	0	0	0
/opt/gpfs/users/shuai/work/block-conversion-b2/OmniVoice/results_b2_final_gs3p0/seedtts_en/common_voice_en_17920116-common_voice_en_17920112.wav	0.0	appearances are deceptive	appearances are deceptive	0	0	0
/opt/gpfs/users/shuai/work/block-conversion-b2/OmniVoice/results_b2_final_gs3p0/seedtts_en/common_voice_en_17986345-common_voice_en_17986347.wav	0.0	fine what makes you think i'd answer you truthfully	fine what makes you think i'd answer you truthfully	0	0	0
/opt/gpfs/users/shuai/work/block-conversion-b2/OmniVoice/results_b2_final_gs3p0/seedtts_en/common_voice_en_18012457-common_voice_en_18012447.wav	0.0	one of the world's biggest problems is the growth of the human population	one of the world's biggest problems is the growth of the human population	0	0	0
/opt/gpfs/users/shuai/work/block-conversion-b2/OmniVoice/results_b2_final_gs3p0/seedtts_en/common_voice_en_18012457-common_voice_en_18012464.wav	0.0	since i've gotten a dog the regular visits of the fox have stopped	since i've gotten a dog the regular visits of the fox have stopped	0	0	0
/opt/gpfs/users/shuai/work/block-conversion-b2/OmniVoice/results_b2_final_gs3p0/seedtts_en/common_voice_en_18057869-common_voice_en_18057867.wav	0.0	wrapped in a scarf and blinded by the blizzard the boy scrambled for the subway	wrapped in a scarf and blinded by the blizzard the boy scrambled for the subway	0	0	0
/opt/gpfs/users/shuai/work/block-conversion-b2/OmniVoice/results_b2_final_gs3p0/seedtts_en/common_voice_en_18070362-common_voice_en_18070351.wav	0.0	the hinge on the door creaked with old age	the hinge on the door creaked with old age	0	0	0
/opt/gpfs/users/shuai/work/block-conversion-b2/OmniVoice/results_b2_final_gs3p0/seedtts_en/common_voice_en_18105426-common_voice_en_18105428.wav	0.0	will no one go	will no one go	0	0	0
/opt/gpfs/users/shuai/work/block-conversion-b2/OmniVoice/results_b2_final_gs3p0/seedtts_en/common_voice_en_18105426-common_voice_en_18105430.wav	0.1111111111111111	real schools secondary schools giving a general practical education	uh real schools secondary schools giving a general practical education	1	0	0
/opt/gpfs/users/shuai/work/block-conversion-b2/OmniVoice/results_b2_final_gs3p0/seedtts_en/common_voice_en_18177486-common_voice_en_18177492.wav	0.0	persuasion is better than force	persuasion is better than force	0	0	0
/opt/gpfs/users/shuai/work/block-conversion-b2/OmniVoice/results_b2_final_gs3p0/seedtts_en/common_voice_en_18177486-common_voice_en_18177499.wav	0.14285714285714285	the dictator was radical in his ideology	the dictator was radical in his ideology um	1	0	0
/opt/gpfs/users/shuai/work/block-conversion-b2/OmniVoice/results_b2_final_gs3p0/seedtts_en/common_voice_en_18187914-common_voice_en_18188853.wav	0.0	a bus shuttle took us from the airport to the metro	a bus shuttle took us from the airport to the metro	0	0	0
/opt/gpfs/users/shuai/work/block-conversion-b2/OmniVoice/results_b2_final_gs3p0/seedtts_en/common_voice_en_18200641-common_voice_en_18200765.wav	0.06666666666666667	mrs travis when i leave my kids in kindergarten i expect you to supervise them	mrs travis when i leave my kids in kindergarten i expect you to supervise them ah	1	0	0
/opt/gpfs/users/shuai/work/block-conversion-b2/OmniVoice/results_b2_final_gs3p0/seedtts_en/common_voice_en_18200641-common_voice_en_18200790.wav	0.0	after i had finished the first batch of papers i was getting into the workflow	after i had finished the first batch of papers i was getting into the workflow	0	0	0
/opt/gpfs/users/shuai/work/block-conversion-b2/OmniVoice/results_b2_final_gs3p0/seedtts_en/common_voice_en_182275-common_voice_en_182276.wav	0.0	those gangsters get what they deserve	those gangsters get what they deserve	0	0	0
/opt/gpfs/users/shuai/work/block-conversion-b2/OmniVoice/results_b2_final_gs3p0/seedtts_en/common_voice_en_18229682-common_voice_en_18229679.wav	0.0	rated m for mature	rated m for mature	0	0	0
/opt/gpfs/users/shuai/work/block-conversion-b2/OmniVoice/results_b2_final_gs3p0/seedtts_en/common_voice_en_18229682-common_voice_en_18229695.wav	0.0	the course of love never did run smooth	the course of love never did run smooth	0	0	0
/opt/gpfs/users/shuai/work/block-conversion-b2/OmniVoice/results_b2_final_gs3p0/seedtts_en/common_voice_en_18234333-common_voice_en_18234353.wav	0.08333333333333333	also there was a decrease in trade interest between east and west	so there was a decrease in trade interest between east and west	0	0	1
/opt/gpfs/users/shuai/work/block-conversion-b2/OmniVoice/results_b2_final_gs3p0/seedtts_en/common_voice_en_18240348-common_voice_en_18240305.wav	0.1111111111111111	the tropic of capricorn is in the southern hemisphere	the tropic of capricorn is in the southern hemisphere oh	1	0	0
/opt/gpfs/users/shuai/work/block-conversion-b2/OmniVoice/results_b2_final_gs3p0/seedtts_en/common_voice_en_18313326-common_voice_en_18313324.wav	0.0	it seemed the ordained order of things that dogs should work	it seemed the ordained order of things that dogs should work	0	0	0
/opt/gpfs/users/shuai/work/block-conversion-b2/OmniVoice/results_b2_final_gs3p0/seedtts_en/common_voice_en_18313326-common_voice_en_18313328.wav	0.2	every monday i have to catch the train into work	every monday i have to catch the train	0	2	0
/opt/gpfs/users/shuai/work/block-conversion-b2/OmniVoice/results_b2_final_gs3p0/seedtts_en/common_voice_en_18336410-common_voice_en_18336411.wav	0.0	she obeyed shrinking back with the baby in her arms	she obeyed shrinking back with the baby in her arms	0	0	0
/opt/gpfs/users/shuai/work/block-conversion-b2/OmniVoice/results_b2_final_gs3p0/seedtts_en/common_voice_en_18336410-common_voice_en_18336421.wav	0.0	the questionnaire is too simplistic	the questionnaire is too simplistic	0	0	0
/opt/gpfs/users/shuai/work/block-conversion-b2/OmniVoice/results_b2_final_gs3p0/seedtts_en/common_voice_en_18338543-common_voice_en_18338546.wav	0.1	the history of the eighteenth century is written ernest prompted	the history of the 18th century is written ernest prompted	0	0	1
/opt/gpfs/users/shuai/work/block-conversion-b2/OmniVoice/results_b2_final_gs3p0/seedtts_en/common_voice_en_18436934-common_voice_en_18436935.wav	0.1111111111111111	biotechnology or biotech is a very popular degree choice	biotechnology or biotech is very popular degree choice	0	1	0
/opt/gpfs/users/shuai/work/block-conversion-b2/OmniVoice/results_b2_final_gs3p0/seedtts_en/common_voice_en_18466098-common_voice_en_18466096.wav	0.0	catch as catch can	catch as catch can	0	0	0
/opt/gpfs/users/shuai/work/block-conversion-b2/OmniVoice/results_b2_final_gs3p0/seedtts_en/common_voice_en_18466098-common_voice_en_18466097.wav	0.6666666666666666	not a thing	kind of thing	0	0	2
/opt/gpfs/users/shuai/work/block-conversion-b2/OmniVoice/results_b2_final_gs3p0/seedtts_en/common_voice_en_18485041-common_voice_en_18485042.wav	0.0	my mother has rheumatoid arthritis	my mother has rheumatoid arthritis	0	0	0
/opt/gpfs/users/shuai/work/block-conversion-b2/OmniVoice/results_b2_final_gs3p0/seedtts_en/common_voice_en_18500600-common_voice_en_18500603.wav	0.0	the author is a blogger and social media phenomenon	the author is a blogger and social media phenomenon	0	0	0
/opt/gpfs/users/shuai/work/block-conversion-b2/OmniVoice/results_b2_final_gs3p0/seedtts_en/common_voice_en_18522556-common_voice_en_18522557.wav	0.0	any tutting that's required i'll attend to myself	any tutting that's required i'll attend to myself	0	0	0
/opt/gpfs/users/shuai/work/block-conversion-b2/OmniVoice/results_b2_final_gs3p0/seedtts_en/common_voice_en_18529345-common_voice_en_18529360.wav	0.125	and then a thing incomprehensible to her happened	and then a thing incomprehensible to her happened uh	1	0	0
/opt/gpfs/users/shuai/work/block-conversion-b2/OmniVoice/results_b2_final_gs3p0/seedtts_en/common_voice_en_18529345-common_voice_en_18529361.wav	0.0	dynamic link libraries are reusable modules of windows software applications	dynamic link libraries are reusable modules of windows software applications	0	0	0
/opt/gpfs/users/shuai/work/block-conversion-b2/OmniVoice/results_b2_final_gs3p0/seedtts_en/common_voice_en_18533403-common_voice_en_18533404.wav	0.0	increment the order quantity if you require more than one item	increment the order quantity if you require more than one item	0	0	0
/opt/gpfs/users/shuai/work/block-conversion-b2/OmniVoice/results_b2_final_gs3p0/seedtts_en/common_voice_en_18545637-common_voice_en_18545639.wav	0.125	she searched in vain for a familiar face	she searched in vain for a familiar face ah	1	0	0
/opt/gpfs/users/shuai/work/block-conversion-b2/OmniVoice/results_b2_final_gs3p0/seedtts_en/common_voice_en_18554437-common_voice_en_18554439.wav	0.0	can't you see the scene he asked with a queer smile of excitement	can't you see the scene he asked with a queer smile of excitement	0	0	0
/opt/gpfs/users/shuai/work/block-conversion-b2/OmniVoice/results_b2_final_gs3p0/seedtts_en/common_voice_en_18557077-common_voice_en_18557074.wav	0.0	this app is not ready for everyday use	this app is not ready for everyday use	0	0	0
/opt/gpfs/users/shuai/work/block-conversion-b2/OmniVoice/results_b2_final_gs3p0/seedtts_en/common_voice_en_18557077-common_voice_en_18557192.wav	0.0	he soon afterwards appeared and made us merry for an hour	he soon afterwards appeared and made us merry for an hour	0	0	0
/opt/gpfs/users/shuai/work/block-conversion-b2/OmniVoice/results_b2_final_gs3p0/seedtts_en/common_voice_en_18575865-common_voice_en_18575863.wav	0.2	only it must remain a secret between you and me	'only it must remain a secret between you and me'	0	0	2
/opt/gpfs/users/shuai/work/block-conversion-b2/OmniVoice/results_b2_final_gs3p0/seedtts_en/common_voice_en_18575865-common_voice_en_18575864.wav	0.25	'it gets easier further on' humpty dumpty replied	it gets easier further on humpty dumpty replied	0	0	2
/opt/gpfs/users/shuai/work/block-conversion-b2/OmniVoice/results_b2_final_gs3p0/seedtts_en/common_voice_en_18647546-common_voice_en_18647545.wav	0.0	there and through it all my dear physician was a hero	there and through it all my dear physician was a hero	0	0	0
/opt/gpfs/users/shuai/work/block-conversion-b2/OmniVoice/results_b2_final_gs3p0/seedtts_en/common_voice_en_18647546-common_voice_en_18647550.wav	0.125	indeed he came in and turned our conversation	indeed he came in and turned our conversation uh	1	0	0
/opt/gpfs/users/shuai/work/block-conversion-b2/OmniVoice/results_b2_final_gs3p0/seedtts_en/common_voice_en_18672480-common_voice_en_18672484.wav	0.0	in testimony to investigators the page described the relationship as consensual and not intimidating	in testimony to investigators the page described the relationship as consensual and not intimidating	0	0	0
/opt/gpfs/users/shuai/work/block-conversion-b2/OmniVoice/results_b2_final_gs3p0/seedtts_en/common_voice_en_18681919-common_voice_en_18681920.wav	0.0	moreover because none of the neighbors remember her they cannot confirm her identity	moreover because none of the neighbors remember her they cannot confirm her identity	0	0	0
/opt/gpfs/users/shuai/work/block-conversion-b2/OmniVoice/results_b2_final_gs3p0/seedtts_en/common_voice_en_18693241-common_voice_en_18693240.wav	0.08333333333333333	this paper discusses the power of the senate to try impeachment cases	this paper discusses the power of the senate to try impeachment cases uh	1	0	0
/opt/gpfs/users/shuai/work/block-conversion-b2/OmniVoice/results_b2_final_gs3p0/seedtts_en/common_voice_en_18699078-common_voice_en_18699081.wav	0.0	the national monument surrounds the castle mountain mine area	the national monument surrounds the castle mountain mine area	0	0	0
/opt/gpfs/users/shuai/work/block-conversion-b2/OmniVoice/results_b2_final_gs3p0/seedtts_en/common_voice_en_18699078-common_voice_en_18699082.wav	0.0	using his engineering knowledge gallagher studied leverage and how it applied to wrestling	using his engineering knowledge gallagher studied leverage and how it applied to wrestling	0	0	0
/opt/gpfs/users/shuai/work/block-conversion-b2/OmniVoice/results_b2_final_gs3p0/seedtts_en/common_voice_en_18707936-common_voice_en_18707937.wav	0.07692307692307693	smith is too shocked by paine's betrayal to defend himself and runs away	smith is too shocked by payne's betrayal to defend himself and runs away	0	0	1
/opt/gpfs/users/shuai/work/block-conversion-b2/OmniVoice/results_b2_final_gs3p0/seedtts_en/common_voice_en_18710640-common_voice_en_18710642.wav	0.1	all episodes following the pilot were directed by david trainer	all episodes following the pilot were directed by david traynor	0	0	1
/opt/gpfs/users/shuai/work/block-conversion-b2/OmniVoice/results_b2_final_gs3p0/seedtts_en/common_voice_en_18735317-common_voice_en_18735316.wav	0.0	tao uses his song as weapon to bitterly criticize terrorists	tao uses his song as weapon to bitterly criticize terrorists	0	0	0
/opt/gpfs/users/shuai/work/block-conversion-b2/OmniVoice/results_b2_final_gs3p0/seedtts_en/common_voice_en_18735317-common_voice_en_18735372.wav	0.0	after a routine departure the airliner experiences sporadic sudden vibrations	after a routine departure the airliner experiences sporadic sudden vibrations	0	0	0
/opt/gpfs/users/shuai/work/block-conversion-b2/OmniVoice/results_b2_final_gs3p0/seedtts_en/common_voice_en_18746637-common_voice_en_18746638.wav	0.0	when the coup failed the young army officers were executed	when the coup failed the young army officers were executed	0	0	0
/opt/gpfs/users/shuai/work/block-conversion-b2/OmniVoice/results_b2_final_gs3p0/seedtts_en/common_voice_en_18746637-common_voice_en_18746639.wav	0.0	the nest is a flimsy platform of sticks is built by both sexes	the nest is a flimsy platform of sticks is built by both sexes	0	0	0
/opt/gpfs/users/shuai/work/block-conversion-b2/OmniVoice/results_b2_final_gs3p0/seedtts_en/common_voice_en_18754308-common_voice_en_18754311.wav	0.0	dopamine neurons have axons that run the entire length of the pathway	dopamine neurons have axons that run the entire length of the pathway	0	0	0
/opt/gpfs/users/shuai/work/block-conversion-b2/OmniVoice/results_b2_final_gs3p0/seedtts_en/common_voice_en_18754308-common_voice_en_18754312.wav	0.14285714285714285	in addition manheim has several film credits	in addition mannheim has several film credits	0	0	1
/opt/gpfs/users/shuai/work/block-conversion-b2/OmniVoice/results_b2_final_gs3p0/seedtts_en/common_voice_en_18757805-common_voice_en_18757804.wav	0.0	he was a senior fellow at the time of his death in london	he was a senior fellow at the time of his death in london	0	0	0
/opt/gpfs/users/shuai/work/block-conversion-b2/OmniVoice/results_b2_final_gs3p0/seedtts_en/common_voice_en_18770703-common_voice_en_18770702.wav	0.0	davies started planning a second series for dark season that followed a similar structure	davies started planning a second series for dark season that followed a similar structure	0	0	0
/opt/gpfs/users/shuai/work/block-conversion-b2/OmniVoice/results_b2_final_gs3p0/seedtts_en/common_voice_en_18770703-common_voice_en_18770704.wav	0.18181818181818182	smiley township was named for william c smiley a county official	um smiley township was named for william c smiley a county official um	2	0	0
/opt/gpfs/users/shuai/work/block-conversion-b2/OmniVoice/results_b2_final_gs3p0/seedtts_en/common_voice_en_18781918-common_voice_en_18781919.wav	0.0	in california the extension was not granted and followed the original schedule	in california the extension was not granted and followed the original schedule	0	0	0
/opt/gpfs/users/shuai/work/block-conversion-b2/OmniVoice/results_b2_final_gs3p0/seedtts_en/common_voice_en_18786931-common_voice_en_18786930.wav	0.08333333333333333	immediately following the demerger williams holdings launched a takeover bid for racal	immediately following the demerger williams holdings launched a takeover bid for rockhall	0	0	1
/opt/gpfs/users/shuai/work/block-conversion-b2/OmniVoice/results_b2_final_gs3p0/seedtts_en/common_voice_en_18786931-common_voice_en_18786946.wav	0.16666666666666666	a judge later found that harrison had unintentionally plagiarized the earlier song	uh a judge later found that harrison had unintentionally plagiarized the earlier song uh	2	0	0
/opt/gpfs/users/shuai/work/block-conversion-b2/OmniVoice/results_b2_final_gs3p0/seedtts_en/common_voice_en_188092-common_voice_en_188091.wav	0.09090909090909091	i make my living forecasting the future for people he said	i make my living forecasting the future for people he said uh	1	0	0
/opt/gpfs/users/shuai/work/block-conversion-b2/OmniVoice/results_b2_final_gs3p0/seedtts_en/common_voice_en_188092-common_voice_en_188093.wav	0.13333333333333333	he also tried to remember some good stories to relate as he sheared the sheep	uh he also tried to remember some good stories to relate as he sheared the sheep uh	2	0	0
/opt/gpfs/users/shuai/work/block-conversion-b2/OmniVoice/results_b2_final_gs3p0/seedtts_en/common_voice_en_18828571-common_voice_en_18828573.wav	0.1111111111111111	his career took a significant turn in these years	his career took a significant turn in these years uh	1	0	0
/opt/gpfs/users/shuai/work/block-conversion-b2/OmniVoice/results_b2_final_gs3p0/seedtts_en/common_voice_en_18829843-common_voice_en_18829841.wav	0.0	because of wartime secrecy he had not been aware of the reactor's existence	because of wartime secrecy he had not been aware of the reactor's existence	0	0	0
/opt/gpfs/users/shuai/work/block-conversion-b2/OmniVoice/results_b2_final_gs3p0/seedtts_en/common_voice_en_18829843-common_voice_en_18829842.wav	0.0	stepping outside he encounters four rich frat boys burning a homeless man alive	stepping outside he encounters four rich frat boys burning a homeless man alive	0	0	0
/opt/gpfs/users/shuai/work/block-conversion-b2/OmniVoice/results_b2_final_gs3p0/seedtts_en/common_voice_en_18852076-common_voice_en_18852077.wav	0.0	this prevents the rider and the tube itself from dragging on the snow	this prevents the rider and the tube itself from dragging on the snow	0	0	0
/opt/gpfs/users/shuai/work/block-conversion-b2/OmniVoice/results_b2_final_gs3p0/seedtts_en/common_voice_en_18852076-common_voice_en_18852085.wav	0.0	the sacred bridge program continues to tour internationally	the sacred bridge program continues to tour internationally	0	0	0
/opt/gpfs/users/shuai/work/block-conversion-b2/OmniVoice/results_b2_final_gs3p0/seedtts_en/common_voice_en_18877786-common_voice_en_18877788.wav	0.0	it borders five other kent districts as well as east sussex to the southwest	it borders five other kent districts as well as east sussex to the southwest	0	0	0
/opt/gpfs/users/shuai/work/block-conversion-b2/OmniVoice/results_b2_final_gs3p0/seedtts_en/common_voice_en_18889688-common_voice_en_18889686.wav	0.0	bender also conducted extensive research on autism	bender also conducted extensive research on autism	0	0	0
/opt/gpfs/users/shuai/work/block-conversion-b2/OmniVoice/results_b2_final_gs3p0/seedtts_en/common_voice_en_18889688-common_voice_en_18889687.wav	0.07692307692307693	in terms of its natural environment lleida offers a wide variety of landscapes	in terms of its natural environment leda offers a wide variety of landscapes	0	0	1
/opt/gpfs/users/shuai/work/block-conversion-b2/OmniVoice/results_b2_final_gs3p0/seedtts_en/common_voice_en_18902273-common_voice_en_18902274.wav	0.0	in the aftermath of this event the national aeronautics and space administration was formed	in the aftermath of this event the national aeronautics and space administration was formed	0	0	0
/opt/gpfs/users/shuai/work/block-conversion-b2/OmniVoice/results_b2_final_gs3p0/seedtts_en/common_voice_en_18902273-common_voice_en_18902275.wav	0.0	cafom a company registered in france purchased habitat's european businesses	cafom a company registered in france purchased habitat's european businesses	0	0	0
/opt/gpfs/users/shuai/work/block-conversion-b2/OmniVoice/results_b2_final_gs3p0/seedtts_en/common_voice_en_18944281-common_voice_en_18944280.wav	0.1	recordings of greene are scarce in the compact disc era	recordings of green are scarce in the compact disc era	0	0	1
/opt/gpfs/users/shuai/work/block-conversion-b2/OmniVoice/results_b2_final_gs3p0/seedtts_en/common_voice_en_18962809-common_voice_en_18962813.wav	0.07692307692307693	examples of contract brewers include epic brewing company funk estate and yeastie boys	examples of contract brewers include epic brewing company funk estate and yeasty boys	0	0	1
/opt/gpfs/users/shuai/work/block-conversion-b2/OmniVoice/results_b2_final_gs3p0/seedtts_en/common_voice_en_18962809-common_voice_en_18962814.wav	0.0	the larson brothers airport is located in the town	the larson brothers airport is located in the town	0	0	0
/opt/gpfs/users/shuai/work/block-conversion-b2/OmniVoice/results_b2_final_gs3p0/seedtts_en/common_voice_en_18993020-common_voice_en_18993021.wav	0.0	on christmas day the assassination attempt is successfully thwarted	on christmas day the assassination attempt is successfully thwarted	0	0	0
/opt/gpfs/users/shuai/work/block-conversion-b2/OmniVoice/results_b2_final_gs3p0/seedtts_en/common_voice_en_18993020-common_voice_en_18993067.wav	0.0	he also make himself useful in a variety of ways to the military	he also make himself useful in a variety of ways to the military	0	0	0
/opt/gpfs/users/shuai/work/block-conversion-b2/OmniVoice/results_b2_final_gs3p0/seedtts_en/common_voice_en_18994068-common_voice_en_18994069.wav	0.0	white earth reservation has many settlements located within its borders	white earth reservation has many settlements located within its borders	0	0	0
/opt/gpfs/users/shuai/work/block-conversion-b2/OmniVoice/results_b2_final_gs3p0/seedtts_en/common_voice_en_18994734-common_voice_en_18994736.wav	0.0	there are two cemeteries one across the street from the other	there are two cemeteries one across the street from the other	0	0	0
/opt/gpfs/users/shuai/work/block-conversion-b2/OmniVoice/results_b2_final_gs3p0/seedtts_en/common_voice_en_18994734-common_voice_en_18994738.wav	0.0	when played failure cards are set aside and not returned to the deck	when played failure cards are set aside and not returned to the deck	0	0	0
/opt/gpfs/users/shuai/work/block-conversion-b2/OmniVoice/results_b2_final_gs3p0/seedtts_en/common_voice_en_18998723-common_voice_en_18998722.wav	0.0	in the time trials the distances were the same for each classification	in the time trials the distances were the same for each classification	0	0	0
/opt/gpfs/users/shuai/work/block-conversion-b2/OmniVoice/results_b2_final_gs3p0/seedtts_en/common_voice_en_18998723-common_voice_en_18998724.wav	0.0	iran and russia have both denied this and have rejected these claims as propaganda	iran and russia have both denied this and have rejected these claims as propaganda	0	0	0
/opt/gpfs/users/shuai/work/block-conversion-b2/OmniVoice/results_b2_final_gs3p0/seedtts_en/common_voice_en_19002369-common_voice_en_19002367.wav	0.07692307692307693	netarhat is famous for its glorious sunrises and sunsets during the summer months	netterhot is famous for its glorious sunrises and sunsets during the summer months	0	0	1
/opt/gpfs/users/shuai/work/block-conversion-b2/OmniVoice/results_b2_final_gs3p0/seedtts_en/common_voice_en_19017623-common_voice_en_19017624.wav	0.0	however he died in the fire and explosion	however he died in the fire and explosion	0	0	0
/opt/gpfs/users/shuai/work/block-conversion-b2/OmniVoice/results_b2_final_gs3p0/seedtts_en/common_voice_en_19022657-common_voice_en_19022662.wav	0.0	his second offering was also rejected like the first	his second offering was also rejected like the first	0	0	0
/opt/gpfs/users/shuai/work/block-conversion-b2/OmniVoice/results_b2_final_gs3p0/seedtts_en/common_voice_en_19022657-common_voice_en_19022667.wav	0.0	its current chair is jamie rogers and its district manager susan stetzer	its current chair is jamie rogers and its district manager susan stetzer	0	0	0
/opt/gpfs/users/shuai/work/block-conversion-b2/OmniVoice/results_b2_final_gs3p0/seedtts_en/common_voice_en_19043111-common_voice_en_19043109.wav	0.15384615384615385	saint julian's itself is named after saint julius of caerleon the roman martyr	st julian's itself is named after st julius of caerleon the roman martyr	0	0	2
/opt/gpfs/users/shuai/work/block-conversion-b2/OmniVoice/results_b2_final_gs3p0/seedtts_en/common_voice_en_19043111-common_voice_en_19043119.wav	0.16666666666666666	ford is approximately two hundred years old as supported by the books	ford is approximately 200 years old as supported by the books	0	1	1
/opt/gpfs/users/shuai/work/block-conversion-b2/OmniVoice/results_b2_final_gs3p0/seedtts_en/common_voice_en_19049396-common_voice_en_19049393.wav	0.0	another may have been wood's record of working well with politicians from other parties	another may have been wood's record of working well with politicians from other parties	0	0	0
/opt/gpfs/users/shuai/work/block-conversion-b2/OmniVoice/results_b2_final_gs3p0/seedtts_en/common_voice_en_19049396-common_voice_en_19049395.wav	0.0	players begin by selecting one of three factions	players begin by selecting one of three factions	0	0	0
/opt/gpfs/users/shuai/work/block-conversion-b2/OmniVoice/results_b2_final_gs3p0/seedtts_en/common_voice_en_19083094-common_voice_en_19083091.wav	0.0	styles and titles can terminate when a marriage is dissolved	styles and titles can terminate when a marriage is dissolved	0	0	0
/opt/gpfs/users/shuai/work/block-conversion-b2/OmniVoice/results_b2_final_gs3p0/seedtts_en/common_voice_en_19083094-common_voice_en_19083093.wav	0.0	a current list of directors is available from the canadian governor in council here	a current list of directors is available from the canadian governor in council here	0	0	0
/opt/gpfs/users/shuai/work/block-conversion-b2/OmniVoice/results_b2_final_gs3p0/seedtts_en/common_voice_en_19113286-common_voice_en_19113288.wav	0.0	during the roman imperial era hercules was worshipped locally from hispania through gaul	during the roman imperial era hercules was worshipped locally from hispania through gaul	0	0	0
/opt/gpfs/users/shuai/work/block-conversion-b2/OmniVoice/results_b2_final_gs3p0/seedtts_en/common_voice_en_19117097-common_voice_en_19117098.wav	0.0	the railway station is also an important bus interchange station	the railway station is also an important bus interchange station	0	0	0
/opt/gpfs/users/shuai/work/block-conversion-b2/OmniVoice/results_b2_final_gs3p0/seedtts_en/common_voice_en_19124597-common_voice_en_19124596.wav	0.0	this area eventually became a center of trade	this area eventually became a center of trade	0	0	0
/opt/gpfs/users/shuai/work/block-conversion-b2/OmniVoice/results_b2_final_gs3p0/seedtts_en/common_voice_en_19152197-common_voice_en_19152196.wav	0.0	he lives in a tent smokes a pipe and plays the harmonica	he lives in a tent smokes a pipe and plays the harmonica	0	0	0
/opt/gpfs/users/shuai/work/block-conversion-b2/OmniVoice/results_b2_final_gs3p0/seedtts_en/common_voice_en_19152197-common_voice_en_19152198.wav	0.0	with edgar she was cordial but with miriam cold and rather grudging	with edgar she was cordial but with miriam cold and rather grudging	0	0	0
/opt/gpfs/users/shuai/work/block-conversion-b2/OmniVoice/results_b2_final_gs3p0/seedtts_en/common_voice_en_19176854-common_voice_en_19176853.wav	0.1	counce died in los angeles california of a heart attack	counts died in los angeles california of a heart attack	0	0	1
/opt/gpfs/users/shuai/work/block-conversion-b2/OmniVoice/results_b2_final_gs3p0/seedtts_en/common_voice_en_19176854-common_voice_en_19176856.wav	0.0	at first the army reported that tillman had been killed by enemy fire	at first the army reported that tillman had been killed by enemy fire	0	0	0
/opt/gpfs/users/shuai/work/block-conversion-b2/OmniVoice/results_b2_final_gs3p0/seedtts_en/common_voice_en_19211875-common_voice_en_19211870.wav	0.0	the airport is served by calm air and perimeter aviation with flights to winnipeg	the airport is served by calm air and perimeter aviation with flights to winnipeg	0	0	0
/opt/gpfs/users/shuai/work/block-conversion-b2/OmniVoice/results_b2_final_gs3p0/seedtts_en/common_voice_en_19254683-common_voice_en_19254685.wav	0.0	it mostly featured songs that the band had never played live before	it mostly featured songs that the band had never played live before	0	0	0
/opt/gpfs/users/shuai/work/block-conversion-b2/OmniVoice/results_b2_final_gs3p0/seedtts_en/common_voice_en_19254683-common_voice_en_19254687.wav	0.0	this generation saw strong console wars	this generation saw strong console wars	0	0	0
/opt/gpfs/users/shuai/work/block-conversion-b2/OmniVoice/results_b2_final_gs3p0/seedtts_en/common_voice_en_19277026-common_voice_en_19277029.wav	0.07692307692307693	species in this family may be heavily scaled and can be very colourful	species in this family may be heavily scaled and can be very colorful	0	0	1
/opt/gpfs/users/shuai/work/block-conversion-b2/OmniVoice/results_b2_final_gs3p0/seedtts_en/common_voice_en_19284142-common_voice_en_19284143.wav	0.0	you aren't positive you're negative	you aren't positive you're negative	0	0	0
/opt/gpfs/users/shuai/work/block-conversion-b2/OmniVoice/results_b2_final_gs3p0/seedtts_en/common_voice_en_19284142-common_voice_en_19284144.wav	0.0	it is one of two national park service properties in illinois	it is one of two national park service properties in illinois	0	0	0
/opt/gpfs/users/shuai/work/block-conversion-b2/OmniVoice/results_b2_final_gs3p0/seedtts_en/common_voice_en_19289713-common_voice_en_19289715.wav	0.0	it then located one of franklin's two ships preserved in good condition	it then located one of franklin's two ships preserved in good condition	0	0	0
/opt/gpfs/users/shuai/work/block-conversion-b2/OmniVoice/results_b2_final_gs3p0/seedtts_en/common_voice_en_19294198-common_voice_en_19294199.wav	0.18181818181818182	siepen is divorced and has a son from his first marriage	seepin is divorced and has a son from his first marriage ah	1	0	1
/opt/gpfs/users/shuai/work/block-conversion-b2/OmniVoice/results_b2_final_gs3p0/seedtts_en/common_voice_en_19294198-common_voice_en_19294200.wav	0.0	her mental health deteriorated in the following years	her mental health deteriorated in the following years	0	0	0
/opt/gpfs/users/shuai/work/block-conversion-b2/OmniVoice/results_b2_final_gs3p0/seedtts_en/common_voice_en_19343495-common_voice_en_19343496.wav	0.0	the interior of the complex can be explored with google street view	the interior of the complex can be explored with google street view	0	0	0
/opt/gpfs/users/shuai/work/block-conversion-b2/OmniVoice/results_b2_final_gs3p0/seedtts_en/common_voice_en_19343495-common_voice_en_19343497.wav	0.0	he also regularly attends events with the royal family	he also regularly attends events with the royal family	0	0	0
/opt/gpfs/users/shuai/work/block-conversion-b2/OmniVoice/results_b2_final_gs3p0/seedtts_en/common_voice_en_19345360-common_voice_en_19345358.wav	0.15384615384615385	the tuesday market is held by the blue bridge over the river iro	the tuesday market is held by the blue bridge over the river ero oh	1	0	1
/opt/gpfs/users/shuai/work/block-conversion-b2/OmniVoice/results_b2_final_gs3p0/seedtts_en/common_voice_en_19345360-common_voice_en_19345359.wav	0.0	he studied in lausanne and lived with his parents whose marriage was breaking up	he studied in lausanne and lived with his parents whose marriage was breaking up	0	0	0
/opt/gpfs/users/shuai/work/block-conversion-b2/OmniVoice/results_b2_final_gs3p0/seedtts_en/common_voice_en_19361636-common_voice_en_19361634.wav	0.0	she stars also in the sequel to mirrors which is directed by victor garcia	she stars also in the sequel to mirrors which is directed by victor garcia	0	0	0
/opt/gpfs/users/shuai/work/block-conversion-b2/OmniVoice/results_b2_final_gs3p0/seedtts_en/common_voice_en_19361636-common_voice_en_19361635.wav	0.0	his interpretation of a doctrine of free will became known as pelagianism	his interpretation of a doctrine of free will became known as pelagianism	0	0	0
/opt/gpfs/users/shuai/work/block-conversion-b2/OmniVoice/results_b2_final_gs3p0/seedtts_en/common_voice_en_19384720-common_voice_en_19384721.wav	0.0	several pieces of public art were also commissioned for the site	several pieces of public art were also commissioned for the site	0	0	0
/opt/gpfs/users/shuai/work/block-conversion-b2/OmniVoice/results_b2_final_gs3p0/seedtts_en/common_voice_en_19397397-common_voice_en_19397399.wav	0.14285714285714285	his wife ginny survives him with their son two grandchildren and a great grandchild	his wife ginny survives him with their son two grandchildren and a greatgrandchild	0	1	1
/opt/gpfs/users/shuai/work/block-conversion-b2/OmniVoice/results_b2_final_gs3p0/seedtts_en/common_voice_en_19397397-common_voice_en_19397407.wav	0.0	after the war may returned to work in the textiles industry	after the war may returned to work in the textiles industry	0	0	0
/opt/gpfs/users/shuai/work/block-conversion-b2/OmniVoice/results_b2_final_gs3p0/seedtts_en/common_voice_en_19401124-common_voice_en_19401123.wav	0.0	the population engages primarily in agriculture particularly the cultivation of tobacco	the population engages primarily in agriculture particularly the cultivation of tobacco	0	0	0
/opt/gpfs/users/shuai/work/block-conversion-b2/OmniVoice/results_b2_final_gs3p0/seedtts_en/common_voice_en_19401124-common_voice_en_19401125.wav	0.0	apart from the aforementioned teams no one has won more than five titles	apart from the aforementioned teams no one has won more than five titles	0	0	0
/opt/gpfs/users/shuai/work/block-conversion-b2/OmniVoice/results_b2_final_gs3p0/seedtts_en/common_voice_en_19428391-common_voice_en_19428392.wav	0.0	shortly before the election however the merging attempt failed	shortly before the election however the merging attempt failed	0	0	0
/opt/gpfs/users/shuai/work/block-conversion-b2/OmniVoice/results_b2_final_gs3p0/seedtts_en/common_voice_en_19428391-common_voice_en_19428396.wav	0.0	during that time the first district elected its own representative	during that time the first district elected its own representative	0	0	0
/opt/gpfs/users/shuai/work/block-conversion-b2/OmniVoice/results_b2_final_gs3p0/seedtts_en/common_voice_en_19449066-common_voice_en_19449075.wav	0.0	this marks the culmination of the physical education program in which every student participates	this marks the culmination of the physical education program in which every student participates	0	0	0
/opt/gpfs/users/shuai/work/block-conversion-b2/OmniVoice/results_b2_final_gs3p0/seedtts_en/common_voice_en_19449066-common_voice_en_19449076.wav	0.0	he received several awards from the beard liberation front including beard of the year	he received several awards from the beard liberation front including beard of the year	0	0	0
/opt/gpfs/users/shuai/work/block-conversion-b2/OmniVoice/results_b2_final_gs3p0/seedtts_en/common_voice_en_19455206-common_voice_en_19455208.wav	0.0	you know the rules three rounds best skill wins	you know the rules three rounds best skill wins	0	0	0
/opt/gpfs/users/shuai/work/block-conversion-b2/OmniVoice/results_b2_final_gs3p0/seedtts_en/common_voice_en_19455206-common_voice_en_19455210.wav	0.0	the land is volcanic in origin with mountains in the interior	the land is volcanic in origin with mountains in the interior	0	0	0
/opt/gpfs/users/shuai/work/block-conversion-b2/OmniVoice/results_b2_final_gs3p0/seedtts_en/common_voice_en_19481268-common_voice_en_19481267.wav	0.0	the reasons are that the manager and the chairman could not agree future policy	the reasons are that the manager and the chairman could not agree future policy	0	0	0
/opt/gpfs/users/shuai/work/block-conversion-b2/OmniVoice/results_b2_final_gs3p0/seedtts_en/common_voice_en_19481268-common_voice_en_19481270.wav	0.0	they had three sons and lived mainly in wolvercote oxford	they had three sons and lived mainly in wolvercote oxford	0	0	0
/opt/gpfs/users/shuai/work/block-conversion-b2/OmniVoice/results_b2_final_gs3p0/seedtts_en/common_voice_en_19496235-common_voice_en_19496229.wav	0.0	the executive board overturned this recommendation and the lightweight rowing has been continued	the executive board overturned this recommendation and the lightweight rowing has been continued	0	0	0
/opt/gpfs/users/shuai/work/block-conversion-b2/OmniVoice/results_b2_final_gs3p0/seedtts_en/common_voice_en_19496235-common_voice_en_19496266.wav	0.14285714285714285	derfel eventually fell in love with nimue though she did not reciprocate his feelings	durfel eventually fell in love with nemu though she did not reciprocate his feelings	0	0	2
/opt/gpfs/users/shuai/work/block-conversion-b2/OmniVoice/results_b2_final_gs3p0/seedtts_en/common_voice_en_19517720-common_voice_en_19517721.wav	0.0	he is an elder in the presbyterian church in ireland	he is an elder in the presbyterian church in ireland	0	0	0
/opt/gpfs/users/shuai/work/block-conversion-b2/OmniVoice/results_b2_final_gs3p0/seedtts_en/common_voice_en_19527999-common_voice_en_19528000.wav	0.14285714285714285	he is now president of ramblers scotland	he is now president of rambler scotland	0	0	1
/opt/gpfs/users/shuai/work/block-conversion-b2/OmniVoice/results_b2_final_gs3p0/seedtts_en/common_voice_en_19527999-common_voice_en_19528002.wav	0.0	eventually the nomenclature was standardized to the conventions used today	eventually the nomenclature was standardized to the conventions used today	0	0	0
/opt/gpfs/users/shuai/work/block-conversion-b2/OmniVoice/results_b2_final_gs3p0/seedtts_en/common_voice_en_19531363-common_voice_en_19531364.wav	0.0	castle bids farewell to his associates and faces his death without fear	castle bids farewell to his associates and faces his death without fear	0	0	0
/opt/gpfs/users/shuai/work/block-conversion-b2/OmniVoice/results_b2_final_gs3p0/seedtts_en/common_voice_en_19540120-common_voice_en_19540122.wav	0.0	he originally studied architecture at the university of cape town	he originally studied architecture at the university of cape town	0	0	0
/opt/gpfs/users/shuai/work/block-conversion-b2/OmniVoice/results_b2_final_gs3p0/seedtts_en/common_voice_en_19560742-common_voice_en_19560741.wav	0.08333333333333333	tverdovsky now lives with his wife and children in the united states	verdovsky now lives with his wife and children in the united states	0	0	1
/opt/gpfs/users/shuai/work/block-conversion-b2/OmniVoice/results_b2_final_gs3p0/seedtts_en/common_voice_en_19560742-common_voice_en_19560749.wav	0.0	back at stadium mark he once again found himself on the bench	back at stadium mark he once again found himself on the bench	0	0	0
/opt/gpfs/users/shuai/work/block-conversion-b2/OmniVoice/results_b2_final_gs3p0/seedtts_en/common_voice_en_19579295-common_voice_en_19579294.wav	0.0	zabuton are found throughout japan and enter many aspects of the culture	zabuton are found throughout japan and enter many aspects of the culture	0	0	0
/opt/gpfs/users/shuai/work/block-conversion-b2/OmniVoice/results_b2_final_gs3p0/seedtts_en/common_voice_en_19579295-common_voice_en_19579310.wav	0.0	russo was thrown out of his car and died immediately	russo was thrown out of his car and died immediately	0	0	0
/opt/gpfs/users/shuai/work/block-conversion-b2/OmniVoice/results_b2_final_gs3p0/seedtts_en/common_voice_en_19599129-common_voice_en_19599130.wav	0.0	he repeatedly was engaged in operational work in europe and asia	he repeatedly was engaged in operational work in europe and asia	0	0	0
/opt/gpfs/users/shuai/work/block-conversion-b2/OmniVoice/results_b2_final_gs3p0/seedtts_en/common_voice_en_19602798-common_voice_en_19602797.wav	0.1111111111111111	staff do not always do enough to prevent violence	staff do not always do enough to prevent violence hmm	1	0	0
/opt/gpfs/users/shuai/work/block-conversion-b2/OmniVoice/results_b2_final_gs3p0/seedtts_en/common_voice_en_19608801-common_voice_en_19608806.wav	0.0	a total of six soundtracks were released by sony music entertainment	a total of six soundtracks were released by sony music entertainment	0	0	0
/opt/gpfs/users/shuai/work/block-conversion-b2/OmniVoice/results_b2_final_gs3p0/seedtts_en/common_voice_en_19619551-common_voice_en_19619549.wav	0.0	movies made for television are not included	movies made for television are not included	0	0	0
/opt/gpfs/users/shuai/work/block-conversion-b2/OmniVoice/results_b2_final_gs3p0/seedtts_en/common_voice_en_19619551-common_voice_en_19619550.wav	0.0	he worked as a school janitor to pay his tuition	he worked as a school janitor to pay his tuition	0	0	0
/opt/gpfs/users/shuai/work/block-conversion-b2/OmniVoice/results_b2_final_gs3p0/seedtts_en/common_voice_en_19619855-common_voice_en_19619858.wav	0.0	excessive efforts to control or exploit agents of influence can also have negative consequences	excessive efforts to control or exploit agents of influence can also have negative consequences	0	0	0
/opt/gpfs/users/shuai/work/block-conversion-b2/OmniVoice/results_b2_final_gs3p0/seedtts_en/common_voice_en_19622969-common_voice_en_19622970.wav	0.0	he makes the frames himself those being part of the painting	he makes the frames himself those being part of the painting	0	0	0
/opt/gpfs/users/shuai/work/block-conversion-b2/OmniVoice/results_b2_final_gs3p0/seedtts_en/common_voice_en_19622969-common_voice_en_19622971.wav	0.07142857142857142	a skunk's spray is powerful enough to ward off bears and other potential attackers	a skunk spray is powerful enough to ward off bears and other potential attackers	0	0	1
/opt/gpfs/users/shuai/work/block-conversion-b2/OmniVoice/results_b2_final_gs3p0/seedtts_en/common_voice_en_19629167-common_voice_en_19629165.wav	0.0	the rest of the road winds through the forests of northern florida	the rest of the road winds through the forests of northern florida	0	0	0
/opt/gpfs/users/shuai/work/block-conversion-b2/OmniVoice/results_b2_final_gs3p0/seedtts_en/common_voice_en_19629167-common_voice_en_19629166.wav	0.0	the murals draw on the gospel of john and the book of revelation	the murals draw on the gospel of john and the book of revelation	0	0	0
/opt/gpfs/users/shuai/work/block-conversion-b2/OmniVoice/results_b2_final_gs3p0/seedtts_en/common_voice_en_19632634-common_voice_en_19632638.wav	0.07692307692307693	his father gordon jolley played for the detroit lions and the seattle seahawks	his father gordon jolly played for the detroit lions and the seattle seahawks	0	0	1
/opt/gpfs/users/shuai/work/block-conversion-b2/OmniVoice/results_b2_final_gs3p0/seedtts_en/common_voice_en_19632634-common_voice_en_19632644.wav	0.0	it then became part of poland	it then became part of poland	0	0	0
/opt/gpfs/users/shuai/work/block-conversion-b2/OmniVoice/results_b2_final_gs3p0/seedtts_en/common_voice_en_19635046-common_voice_en_19635047.wav	0.0	with his promotion to colonel he was named director of personnel	with his promotion to colonel he was named director of personnel	0	0	0
/opt/gpfs/users/shuai/work/block-conversion-b2/OmniVoice/results_b2_final_gs3p0/seedtts_en/common_voice_en_19635046-common_voice_en_19635048.wav	0.0	his name is the same as that of the ancient egyptian god amun	his name is the same as that of the ancient egyptian god amun	0	0	0
/opt/gpfs/users/shuai/work/block-conversion-b2/OmniVoice/results_b2_final_gs3p0/seedtts_en/common_voice_en_19636954-common_voice_en_19636955.wav	0.0	a statue of the king stands at the southwest entrance to the park	a statue of the king stands at the southwest entrance to the park	0	0	0
/opt/gpfs/users/shuai/work/block-conversion-b2/OmniVoice/results_b2_final_gs3p0/seedtts_en/common_voice_en_19638442-common_voice_en_19638444.wav	0.08333333333333333	after his execution ogilvie's followers were rounded up and put in jail	after his execution ogilvy's followers were rounded up and put in jail	0	0	1
/opt/gpfs/users/shuai/work/block-conversion-b2/OmniVoice/results_b2_final_gs3p0/seedtts_en/common_voice_en_19638442-common_voice_en_19638447.wav	0.0	the chronicles do not elucidate the motives for the rebellion	the chronicles do not elucidate the motives for the rebellion	0	0	0
/opt/gpfs/users/shuai/work/block-conversion-b2/OmniVoice/results_b2_final_gs3p0/seedtts_en/common_voice_en_19640906-common_voice_en_19640909.wav	0.0	livingston relocated to chicago and became involved in the local theater scene	livingston relocated to chicago and became involved in the local theater scene	0	0	0
/opt/gpfs/users/shuai/work/block-conversion-b2/OmniVoice/results_b2_final_gs3p0/seedtts_en/common_voice_en_19641039-common_voice_en_19641037.wav	0.0	it was named in honor of simon kenton a pioneer of kentucky	it was named in honor of simon kenton a pioneer of kentucky	0	0	0
/opt/gpfs/users/shuai/work/block-conversion-b2/OmniVoice/results_b2_final_gs3p0/seedtts_en/common_voice_en_19641039-common_voice_en_19641038.wav	1.0	he studied computer science at imperial college london	uh	0	7	1
/opt/gpfs/users/shuai/work/block-conversion-b2/OmniVoice/results_b2_final_gs3p0/seedtts_en/common_voice_en_19641789-common_voice_en_19641784.wav	0.14285714285714285	alone he considers taking his own life	alone he considers taking his own life uh	1	0	0
/opt/gpfs/users/shuai/work/block-conversion-b2/OmniVoice/results_b2_final_gs3p0/seedtts_en/common_voice_en_19641789-common_voice_en_19641791.wav	0.0	the village is also the birthplace of the actor john mills	the village is also the birthplace of the actor john mills	0	0	0
/opt/gpfs/users/shuai/work/block-conversion-b2/OmniVoice/results_b2_final_gs3p0/seedtts_en/common_voice_en_19656513-common_voice_en_19656518.wav	0.0	when an infected file is executed alabama goes memory resident	when an infected file is executed alabama goes memory resident	0	0	0
/opt/gpfs/users/shuai/work/block-conversion-b2/OmniVoice/results_b2_final_gs3p0/seedtts_en/common_voice_en_19656513-common_voice_en_19656571.wav	0.0	for her friday nights and her french lessons were gone	for her friday nights and her french lessons were gone	0	0	0
/opt/gpfs/users/shuai/work/block-conversion-b2/OmniVoice/results_b2_final_gs3p0/seedtts_en/common_voice_en_19665909-common_voice_en_19665910.wav	0.0	the reagan administration also asked congress to ease the rule	the reagan administration also asked congress to ease the rule	0	0	0
/opt/gpfs/users/shuai/work/block-conversion-b2/OmniVoice/results_b2_final_gs3p0/seedtts_en/common_voice_en_19665909-common_voice_en_19665911.wav	0.0	winter afternoons are cool and frequently sunny but mornings are freezing to frigid	winter afternoons are cool and frequently sunny but mornings are freezing to frigid	0	0	0
/opt/gpfs/users/shuai/work/block-conversion-b2/OmniVoice/results_b2_final_gs3p0/seedtts_en/common_voice_en_19669708-common_voice_en_19669702.wav	0.0	marriage alliances were common	marriage alliances were common	0	0	0
/opt/gpfs/users/shuai/work/block-conversion-b2/OmniVoice/results_b2_final_gs3p0/seedtts_en/common_voice_en_19669708-common_voice_en_19669704.wav	0.0	they study subjects such as mathematics and english	they study subjects such as mathematics and english	0	0	0
/opt/gpfs/users/shuai/work/block-conversion-b2/OmniVoice/results_b2_final_gs3p0/seedtts_en/common_voice_en_19670166-common_voice_en_19670165.wav	0.0	she can also hide her young in the leaves while searching for food	she can also hide her young in the leaves while searching for food	0	0	0
/opt/gpfs/users/shuai/work/block-conversion-b2/OmniVoice/results_b2_final_gs3p0/seedtts_en/common_voice_en_19670674-common_voice_en_19670675.wav	0.0	and they're really good	and they're really good	0	0	0
/opt/gpfs/users/shuai/work/block-conversion-b2/OmniVoice/results_b2_final_gs3p0/seedtts_en/common_voice_en_19670674-common_voice_en_19670676.wav	0.0	a roman road ran north from hamworthy to badbury rings a roman transport hub	a roman road ran north from hamworthy to badbury rings a roman transport hub	0	0	0
/opt/gpfs/users/shuai/work/block-conversion-b2/OmniVoice/results_b2_final_gs3p0/seedtts_en/common_voice_en_19671290-common_voice_en_19671292.wav	0.08333333333333333	colonel john haslet quickly reassigned him to duty as the regimental surgeon	colonel john haslett quickly reassigned him to duty as the regimental surgeon	0	0	1
/opt/gpfs/users/shuai/work/block-conversion-b2/OmniVoice/results_b2_final_gs3p0/seedtts_en/common_voice_en_19671290-common_voice_en_19671293.wav	0.0	in her country she is also well known for her popularization activities	in her country she is also well known for her popularization activities	0	0	0
/opt/gpfs/users/shuai/work/block-conversion-b2/OmniVoice/results_b2_final_gs3p0/seedtts_en/common_voice_en_19686152-common_voice_en_19686154.wav	0.0	but the weather became bad and adverse winds drove him westward	but the weather became bad and adverse winds drove him westward	0	0	0
/opt/gpfs/users/shuai/work/block-conversion-b2/OmniVoice/results_b2_final_gs3p0/seedtts_en/common_voice_en_19686493-common_voice_en_19686494.wav	0.0	gordon battelle an ohio native who sought to introduce a resolution for gradual emancipation	gordon battelle an ohio native who sought to introduce a resolution for gradual emancipation	0	0	0
/opt/gpfs/users/shuai/work/block-conversion-b2/OmniVoice/results_b2_final_gs3p0/seedtts_en/common_voice_en_19686493-common_voice_en_19686496.wav	0.0	the rest of the money can be based on playing time	the rest of the money can be based on playing time	0	0	0
/opt/gpfs/users/shuai/work/block-conversion-b2/OmniVoice/results_b2_final_gs3p0/seedtts_en/common_voice_en_19690002-common_voice_en_19690001.wav	0.0	it can also be used on structural steel if certain precautions are observed	it can also be used on structural steel if certain precautions are observed	0	0	0
/opt/gpfs/users/shuai/work/block-conversion-b2/OmniVoice/results_b2_final_gs3p0/seedtts_en/common_voice_en_19690002-common_voice_en_19690003.wav	0.16666666666666666	former australian captain steve waugh referred to the practice as 'mental disintegration'	former australian captain steve waugh referred to the practice as mental disintegration	0	0	2
/opt/gpfs/users/shuai/work/block-conversion-b2/OmniVoice/results_b2_final_gs3p0/seedtts_en/common_voice_en_19691556-common_voice_en_19691557.wav	0.125	the law has been replaced twice since then	the law has been replaced twice since then uh	1	0	0
/opt/gpfs/users/shuai/work/block-conversion-b2/OmniVoice/results_b2_final_gs3p0/seedtts_en/common_voice_en_19691845-common_voice_en_19691840.wav	0.0	select locations provide tutorial rooms for learners to use free of charge	select locations provide tutorial rooms for learners to use free of charge	0	0	0
/opt/gpfs/users/shuai/work/block-conversion-b2/OmniVoice/results_b2_final_gs3p0/seedtts_en/common_voice_en_19691845-common_voice_en_19691884.wav	0.1	there is a growing body of case law on bayhdole	there is a growing body of case law on baidol	0	0	1
/opt/gpfs/users/shuai/work/block-conversion-b2/OmniVoice/results_b2_final_gs3p0/seedtts_en/common_voice_en_19692939-common_voice_en_19693060.wav	0.0	soon after obtaining her degree she returned to brazil	soon after obtaining her degree she returned to brazil	0	0	0
/opt/gpfs/users/shuai/work/block-conversion-b2/OmniVoice/results_b2_final_gs3p0/seedtts_en/common_voice_en_19695366-common_voice_en_19695364.wav	0.07692307692307693	comer's administration applied the increases in spending for education only of white students	commerce administration applied the increases in spending for education only of white students	0	0	1
/opt/gpfs/users/shuai/work/block-conversion-b2/OmniVoice/results_b2_final_gs3p0/seedtts_en/common_voice_en_19698719-common_voice_en_19698716.wav	0.0	his first project with the company was echo night for the playstation	his first project with the company was echo night for the playstation	0	0	0
/opt/gpfs/users/shuai/work/block-conversion-b2/OmniVoice/results_b2_final_gs3p0/seedtts_en/common_voice_en_19698719-common_voice_en_19698718.wav	0.0	the county is an alcohol prohibition or dry county	the county is an alcohol prohibition or dry county	0	0	0
/opt/gpfs/users/shuai/work/block-conversion-b2/OmniVoice/results_b2_final_gs3p0/seedtts_en/common_voice_en_19701583-common_voice_en_19701587.wav	0.0	he also obtained the authorizations to fly predator drones over yemen	he also obtained the authorizations to fly predator drones over yemen	0	0	0
/opt/gpfs/users/shuai/work/block-conversion-b2/OmniVoice/results_b2_final_gs3p0/seedtts_en/common_voice_en_19701583-common_voice_en_19701588.wav	0.0	cribb was born near bristol but moved to london before starting professional fighting	cribb was born near bristol but moved to london before starting professional fighting	0	0	0
/opt/gpfs/users/shuai/work/block-conversion-b2/OmniVoice/results_b2_final_gs3p0/seedtts_en/common_voice_en_19706873-common_voice_en_19706870.wav	0.3	he was offered a 'one year tour' playing with alice	he was offered a oneyear tour playing with alice	0	1	2
/opt/gpfs/users/shuai/work/block-conversion-b2/OmniVoice/results_b2_final_gs3p0/seedtts_en/common_voice_en_19714465-common_voice_en_19714469.wav	0.0	this means that generic terms are generally not afforded any legal protection	this means that generic terms are generally not afforded any legal protection	0	0	0
/opt/gpfs/users/shuai/work/block-conversion-b2/OmniVoice/results_b2_final_gs3p0/seedtts_en/common_voice_en_19717736-common_voice_en_19717739.wav	0.0	vernon signal engineer	vernon signal engineer	0	0	0
/opt/gpfs/users/shuai/work/block-conversion-b2/OmniVoice/results_b2_final_gs3p0/seedtts_en/common_voice_en_19722359-common_voice_en_19722362.wav	0.0	other infrastructure soon followed	other infrastructure soon followed	0	0	0
/opt/gpfs/users/shuai/work/block-conversion-b2/OmniVoice/results_b2_final_gs3p0/seedtts_en/common_voice_en_19722359-common_voice_en_19722397.wav	0.0	however this effect is counterbalanced for selection against infertility	however this effect is counterbalanced for selection against infertility	0	0	0
/opt/gpfs/users/shuai/work/block-conversion-b2/OmniVoice/results_b2_final_gs3p0/seedtts_en/common_voice_en_19724030-common_voice_en_19724028.wav	0.0	it presents weapons vehicles and uniforms as well as abundant documentation history	it presents weapons vehicles and uniforms as well as abundant documentation history	0	0	0
/opt/gpfs/users/shuai/work/block-conversion-b2/OmniVoice/results_b2_final_gs3p0/seedtts_en/common_voice_en_19724030-common_voice_en_19724029.wav	0.0	one variation assigns a point based on the pair rolled rather than the singleton	one variation assigns a point based on the pair rolled rather than the singleton	0	0	0
/opt/gpfs/users/shuai/work/block-conversion-b2/OmniVoice/results_b2_final_gs3p0/seedtts_en/common_voice_en_19724242-common_voice_en_19724243.wav	0.0	the brewery is best known for its harpoon india pale ale	the brewery is best known for its harpoon india pale ale	0	0	0
/opt/gpfs/users/shuai/work/block-conversion-b2/OmniVoice/results_b2_final_gs3p0/seedtts_en/common_voice_en_19724242-common_voice_en_19724245.wav	0.15384615384615385	the show also featured a walk on appearance from clements as benny baritone	the show also featured a walkon appearance from clements as benny baritone	0	1	1
/opt/gpfs/users/shuai/work/block-conversion-b2/OmniVoice/results_b2_final_gs3p0/seedtts_en/common_voice_en_19724475-common_voice_en_19724484.wav	0.0	a golden crown sits above the shield	a golden crown sits above the shield	0	0	0
/opt/gpfs/users/shuai/work/block-conversion-b2/OmniVoice/results_b2_final_gs3p0/seedtts_en/common_voice_en_19724850-common_voice_en_19724899.wav	0.08333333333333333	his father was a professor of genetic engineering at louisiana state university	his father a professor of genetic engineering at louisiana state university	0	1	0
/opt/gpfs/users/shuai/work/block-conversion-b2/OmniVoice/results_b2_final_gs3p0/seedtts_en/common_voice_en_19724850-common_voice_en_19724900.wav	0.0	rooftop mounted for homes with no attics	rooftop mounted for homes with no attics	0	0	0
/opt/gpfs/users/shuai/work/block-conversion-b2/OmniVoice/results_b2_final_gs3p0/seedtts_en/common_voice_en_19726989-common_voice_en_19726988.wav	0.0	he is a cranky hostile suspicious old man who appears to be a fugitive	he is a cranky hostile suspicious old man who appears to be a fugitive	0	0	0
/opt/gpfs/users/shuai/work/block-conversion-b2/OmniVoice/results_b2_final_gs3p0/seedtts_en/common_voice_en_19726989-common_voice_en_19726990.wav	0.0	i came to offer myself as escort to your mother	i came to offer myself as escort to your mother	0	0	0
/opt/gpfs/users/shuai/work/block-conversion-b2/OmniVoice/results_b2_final_gs3p0/seedtts_en/common_voice_en_19727183-common_voice_en_19727184.wav	0.14285714285714285	he was buried in saint peter's basilica	he was buried in st peter's basilica	0	0	1
/opt/gpfs/users/shuai/work/block-conversion-b2/OmniVoice/results_b2_final_gs3p0/seedtts_en/common_voice_en_19727183-common_voice_en_19727187.wav	0.0	all listings are with original names	all listings are with original names	0	0	0
/opt/gpfs/users/shuai/work/block-conversion-b2/OmniVoice/results_b2_final_gs3p0/seedtts_en/common_voice_en_19729972-common_voice_en_19729973.wav	0.07692307692307693	in other words it is a symmetric function of the pair of triangles	in other words it is a symmetric function of the pair of triangles ah	1	0	0
/opt/gpfs/users/shuai/work/block-conversion-b2/OmniVoice/results_b2_final_gs3p0/seedtts_en/common_voice_en_19729972-common_voice_en_19729975.wav	1.0	the carpet loom made his name widely known	oh	0	7	1
/opt/gpfs/users/shuai/work/block-conversion-b2/OmniVoice/results_b2_final_gs3p0/seedtts_en/common_voice_en_19730681-common_voice_en_19730680.wav	0.0	underwater demolition specialists may still be referred to as underwater demolition teams	underwater demolition specialists may still be referred to as underwater demolition teams	0	0	0
/opt/gpfs/users/shuai/work/block-conversion-b2/OmniVoice/results_b2_final_gs3p0/seedtts_en/common_voice_en_19730681-common_voice_en_19730683.wav	0.0	in general however some method is then needed to evaluate each approximation	in general however some method is then needed to evaluate each approximation	0	0	0
/opt/gpfs/users/shuai/work/block-conversion-b2/OmniVoice/results_b2_final_gs3p0/seedtts_en/common_voice_en_19733143-common_voice_en_19733141.wav	0.0	in both cases the silver was alloyed with copper	in both cases the silver was alloyed with copper	0	0	0
/opt/gpfs/users/shuai/work/block-conversion-b2/OmniVoice/results_b2_final_gs3p0/seedtts_en/common_voice_en_19734247-common_voice_en_19734251.wav	0.0	trains draw power from the electric third rail	trains draw power from the electric third rail	0	0	0
/opt/gpfs/users/shuai/work/block-conversion-b2/OmniVoice/results_b2_final_gs3p0/seedtts_en/common_voice_en_19734247-common_voice_en_19734252.wav	0.0	in the past decade the university has sought to develop a stronger international focus	in the past decade the university has sought to develop a stronger international focus	0	0	0
/opt/gpfs/users/shuai/work/block-conversion-b2/OmniVoice/results_b2_final_gs3p0/seedtts_en/common_voice_en_19739025-common_voice_en_19739024.wav	0.09090909090909091	it is situated to the north of the centre of darlington	it is situated to the north of the center of darlington	0	0	1
/opt/gpfs/users/shuai/work/block-conversion-b2/OmniVoice/results_b2_final_gs3p0/seedtts_en/common_voice_en_19739025-common_voice_en_19739027.wav	0.0	later xander is grabbed by a monster arm from inside his locker	later xander is grabbed by a monster arm from inside his locker	0	0	0
/opt/gpfs/users/shuai/work/block-conversion-b2/OmniVoice/results_b2_final_gs3p0/seedtts_en/common_voice_en_19741922-common_voice_en_19741926.wav	0.0	the appalachian trail passes through this section of this national forest	the appalachian trail passes through this section of this national forest	0	0	0
/opt/gpfs/users/shuai/work/block-conversion-b2/OmniVoice/results_b2_final_gs3p0/seedtts_en/common_voice_en_19741922-common_voice_en_19741978.wav	0.0	everett and gray went to barcelona as favorites for the gold and silver medals	everett and gray went to barcelona as favorites for the gold and silver medals	0	0	0
/opt/gpfs/users/shuai/work/block-conversion-b2/OmniVoice/results_b2_final_gs3p0/seedtts_en/common_voice_en_19744568-common_voice_en_19744566.wav	0.0	it was initially used for a survey of a thousand stars	it was initially used for a survey of a thousand stars	0	0	0
/opt/gpfs/users/shuai/work/block-conversion-b2/OmniVoice/results_b2_final_gs3p0/seedtts_en/common_voice_en_19748004-common_voice_en_19748007.wav	0.16666666666666666	kanwal is said to mean snakes indeed in a local aboriginal language	conwall is said to mean snakes indeed in a local aboriginal language ah	1	0	1
/opt/gpfs/users/shuai/work/block-conversion-b2/OmniVoice/results_b2_final_gs3p0/seedtts_en/common_voice_en_19748004-common_voice_en_19748010.wav	0.0	in some species females are also capable of stridulation	in some species females are also capable of stridulation	0	0	0
/opt/gpfs/users/shuai/work/block-conversion-b2/OmniVoice/results_b2_final_gs3p0/seedtts_en/common_voice_en_19748971-common_voice_en_19748972.wav	0.1	relief carving can be described as carving pictures in wood	relief carving can be described as carving pictures in wood uh	1	0	0
/opt/gpfs/users/shuai/work/block-conversion-b2/OmniVoice/results_b2_final_gs3p0/seedtts_en/common_voice_en_19748971-common_voice_en_19748974.wav	1.0	some resemble a tulip or a goblet	uh	0	6	1
/opt/gpfs/users/shuai/work/block-conversion-b2/OmniVoice/results_b2_final_gs3p0/seedtts_en/common_voice_en_19750016-common_voice_en_19750004.wav	0.0	the second stage featured six engines burning liquid hydrogen	the second stage featured six engines burning liquid hydrogen	0	0	0
/opt/gpfs/users/shuai/work/block-conversion-b2/OmniVoice/results_b2_final_gs3p0/seedtts_en/common_voice_en_19750016-common_voice_en_19750010.wav	0.0	they have produced national and international champions	they have produced national and international champions	0	0	0
/opt/gpfs/users/shuai/work/block-conversion-b2/OmniVoice/results_b2_final_gs3p0/seedtts_en/common_voice_en_19756059-common_voice_en_19756060.wav	0.2	the website has since replaced the word 'hell' with 'heck'	the website has since replaced the word hell with heck	0	0	2
/opt/gpfs/users/shuai/work/block-conversion-b2/OmniVoice/results_b2_final_gs3p0/seedtts_en/common_voice_en_19756059-common_voice_en_19756062.wav	0.0	he later worked as a journalist and then became a novelist and playwright	he later worked as a journalist and then became a novelist and playwright	0	0	0
/opt/gpfs/users/shuai/work/block-conversion-b2/OmniVoice/results_b2_final_gs3p0/seedtts_en/common_voice_en_19760248-common_voice_en_19760249.wav	0.0	he participated in the carolinas campaign the final major campaign in the eastern theater	he participated in the carolinas campaign the final major campaign in the eastern theater	0	0	0
/opt/gpfs/users/shuai/work/block-conversion-b2/OmniVoice/results_b2_final_gs3p0/seedtts_en/common_voice_en_19760248-common_voice_en_19760250.wav	0.0	this tended to discourage further development of industry and enterprise	this tended to discourage further development of industry and enterprise	0	0	0
/opt/gpfs/users/shuai/work/block-conversion-b2/OmniVoice/results_b2_final_gs3p0/seedtts_en/common_voice_en_19767707-common_voice_en_19767710.wav	0.09090909090909091	grandville's ability for political provocation made his work much in demand	granville's ability for political provocation made his work much in demand	0	0	1
/opt/gpfs/users/shuai/work/block-conversion-b2/OmniVoice/results_b2_final_gs3p0/seedtts_en/common_voice_en_19767978-common_voice_en_19767977.wav	0.0	this subsequently was renamed the magazine	this subsequently was renamed the magazine	0	0	0
/opt/gpfs/users/shuai/work/block-conversion-b2/OmniVoice/results_b2_final_gs3p0/seedtts_en/common_voice_en_19767978-common_voice_en_19767980.wav	0.0	the airport is also the home to the national weather service pocatello office	the airport is also the home to the national weather service pocatello office	0	0	0
/opt/gpfs/users/shuai/work/block-conversion-b2/OmniVoice/results_b2_final_gs3p0/seedtts_en/common_voice_en_19768597-common_voice_en_19768600.wav	0.1	as a result they have strong friendships with saint pauli	as a result they have strong friendships with st pauli	0	0	1
/opt/gpfs/users/shuai/work/block-conversion-b2/OmniVoice/results_b2_final_gs3p0/seedtts_en/common_voice_en_19770519-common_voice_en_19770516.wav	0.0	his interests include classical music and literature	his interests include classical music and literature	0	0	0
/opt/gpfs/users/shuai/work/block-conversion-b2/OmniVoice/results_b2_final_gs3p0/seedtts_en/common_voice_en_19770519-common_voice_en_19770517.wav	0.0	the ship was also awarded her second battle efficiency e	the ship was also awarded her second battle efficiency e	0	0	0
/opt/gpfs/users/shuai/work/block-conversion-b2/OmniVoice/results_b2_final_gs3p0/seedtts_en/common_voice_en_19778240-common_voice_en_19778244.wav	0.08333333333333333	she married david wallett and moved to los angeles to try acting	she married david wallet and moved to los angeles to try acting	0	0	1
/opt/gpfs/users/shuai/work/block-conversion-b2/OmniVoice/results_b2_final_gs3p0/seedtts_en/common_voice_en_19778240-common_voice_en_19778260.wav	0.0	he was later granted political asylum by the french government	he was later granted political asylum by the french government	0	0	0
/opt/gpfs/users/shuai/work/block-conversion-b2/OmniVoice/results_b2_final_gs3p0/seedtts_en/common_voice_en_19789569-common_voice_en_19789566.wav	0.07692307692307693	it was considered one of the most remarkable engineering feats of the time	it was considered one of the most remarkable engineering feats of the time ah	1	0	0
/opt/gpfs/users/shuai/work/block-conversion-b2/OmniVoice/results_b2_final_gs3p0/seedtts_en/common_voice_en_19789569-common_voice_en_19789567.wav	0.0	playing house and pretending to be someone else are examples of this phenomenon	playing house and pretending to be someone else are examples of this phenomenon	0	0	0
/opt/gpfs/users/shuai/work/block-conversion-b2/OmniVoice/results_b2_final_gs3p0/seedtts_en/common_voice_en_19791537-common_voice_en_19791538.wav	0.1	it was also the first mission of the luna programme	it was also the first mission of the luna program	0	0	1
/opt/gpfs/users/shuai/work/block-conversion-b2/OmniVoice/results_b2_final_gs3p0/seedtts_en/common_voice_en_19793104-common_voice_en_19793103.wav	0.0	it is a hermaphroditic fluke that requires two intermediate hosts	it is a hermaphroditic fluke that requires two intermediate hosts	0	0	0
/opt/gpfs/users/shuai/work/block-conversion-b2/OmniVoice/results_b2_final_gs3p0/seedtts_en/common_voice_en_19816147-common_voice_en_19816145.wav	0.0	while this solution was workable it was hardly ideal	while this solution was workable it was hardly ideal	0	0	0
/opt/gpfs/users/shuai/work/block-conversion-b2/OmniVoice/results_b2_final_gs3p0/seedtts_en/common_voice_en_19816147-common_voice_en_19816166.wav	0.0	his designs often incorporate elements of body horror	his designs often incorporate elements of body horror	0	0	0
/opt/gpfs/users/shuai/work/block-conversion-b2/OmniVoice/results_b2_final_gs3p0/seedtts_en/common_voice_en_19819944-common_voice_en_19819945.wav	0.07142857142857142	the storm caused severe flooding states such as new jersey new york and pennsylvania	the storm caused severe flooding states such as new jersey new york and pennsylvania oh	1	0	0
/opt/gpfs/users/shuai/work/block-conversion-b2/OmniVoice/results_b2_final_gs3p0/seedtts_en/common_voice_en_19819944-common_voice_en_19819946.wav	0.23076923076923078	aside from national championships individual schools worked together to stage annual state championships	uh aside from national championships individual schools work together to stage annual state championships uh	2	0	1
/opt/gpfs/users/shuai/work/block-conversion-b2/OmniVoice/results_b2_final_gs3p0/seedtts_en/common_voice_en_19843546-common_voice_en_19843549.wav	0.07692307692307693	his parents were henry middleton and mary baker williams both of english descent	his parents were henry middleton and mary baker williams both of english descent ah	1	0	0
/opt/gpfs/users/shuai/work/block-conversion-b2/OmniVoice/results_b2_final_gs3p0/seedtts_en/common_voice_en_19845853-common_voice_en_19845856.wav	0.16666666666666666	the ninth member is the state superintendent of education who is exofficio	the ninth member is the state superintendent of education who is ex officio	1	0	1
/opt/gpfs/users/shuai/work/block-conversion-b2/OmniVoice/results_b2_final_gs3p0/seedtts_en/common_voice_en_19854924-common_voice_en_19854923.wav	0.09090909090909091	mario calvo and it currently plays in the salvadoran third division	mario calvo and it currently plays in the salvadoran 3rd division	0	0	1
/opt/gpfs/users/shuai/work/block-conversion-b2/OmniVoice/results_b2_final_gs3p0/seedtts_en/common_voice_en_19863517-common_voice_en_19863518.wav	0.1	it was named for doctor joseph warren revolutionary war patriot	it was named for dr joseph warren revolutionary war patriot	0	0	1
/opt/gpfs/users/shuai/work/block-conversion-b2/OmniVoice/results_b2_final_gs3p0/seedtts_en/common_voice_en_19867710-common_voice_en_19867712.wav	0.0	whilst at college dave met singer and songwriter adrian snell	whilst at college dave met singer and songwriter adrian snell	0	0	0
/opt/gpfs/users/shuai/work/block-conversion-b2/OmniVoice/results_b2_final_gs3p0/seedtts_en/common_voice_en_19867710-common_voice_en_19867713.wav	0.0	she trains and lives in toronto	she trains and lives in toronto	0	0	0
/opt/gpfs/users/shuai/work/block-conversion-b2/OmniVoice/results_b2_final_gs3p0/seedtts_en/common_voice_en_19869780-common_voice_en_19869779.wav	0.18181818181818182	for example they both consist of predominately older hence redder stars	for example they both consist of predominantly older hence redder stars oh	1	0	1
/opt/gpfs/users/shuai/work/block-conversion-b2/OmniVoice/results_b2_final_gs3p0/seedtts_en/common_voice_en_19869780-common_voice_en_19869781.wav	0.0	you don't know what this means to us out here they said	you don't know what this means to us out here they said	0	0	0
/opt/gpfs/users/shuai/work/block-conversion-b2/OmniVoice/results_b2_final_gs3p0/seedtts_en/common_voice_en_19898846-common_voice_en_19898843.wav	0.0	purchasers must buy for investment only and not for resale	purchasers must buy for investment only and not for resale	0	0	0
/opt/gpfs/users/shuai/work/block-conversion-b2/OmniVoice/results_b2_final_gs3p0/seedtts_en/common_voice_en_19898846-common_voice_en_19898849.wav	0.0	the freezing of water limits low temperature performance	the freezing of water limits low temperature performance	0	0	0
/opt/gpfs/users/shuai/work/block-conversion-b2/OmniVoice/results_b2_final_gs3p0/seedtts_en/common_voice_en_19916471-common_voice_en_19916473.wav	0.0	'coming sir' replied sam running upstairs	'coming sir' replied sam running upstairs	0	0	0
/opt/gpfs/users/shuai/work/block-conversion-b2/OmniVoice/results_b2_final_gs3p0/seedtts_en/common_voice_en_19916471-common_voice_en_19916474.wav	0.0	we made a mistake but look what happened someone was assaulted	we made a mistake but look what happened someone was assaulted	0	0	0
/opt/gpfs/users/shuai/work/block-conversion-b2/OmniVoice/results_b2_final_gs3p0/seedtts_en/common_voice_en_19933238-common_voice_en_19933256.wav	0.4166666666666667	carnegie high also has two won state titles in boys cross country	carnegie high high also has two onestate titles in boys crosscountry	1	2	2
/opt/gpfs/users/shuai/work/block-conversion-b2/OmniVoice/results_b2_final_gs3p0/seedtts_en/common_voice_en_19933652-common_voice_en_19933655.wav	0.1	she was a pioneer in the sensory analysis of food	she was a pioneer in the sensory analysis of food father	1	0	0
/opt/gpfs/users/shuai/work/block-conversion-b2/OmniVoice/results_b2_final_gs3p0/seedtts_en/common_voice_en_19933652-common_voice_en_19933661.wav	0.0	the school offers a large amount of clubs pertaining to a variety of interests	the school offers a large amount of clubs pertaining to a variety of interests	0	0	0
/opt/gpfs/users/shuai/work/block-conversion-b2/OmniVoice/results_b2_final_gs3p0/seedtts_en/common_voice_en_19934187-common_voice_en_19934317.wav	0.0	a wide array of topics on business ethics are discussed in the responsa literature	a wide array of topics on business ethics are discussed in the responsa literature	0	0	0
/opt/gpfs/users/shuai/work/block-conversion-b2/OmniVoice/results_b2_final_gs3p0/seedtts_en/common_voice_en_19939156-common_voice_en_19939176.wav	0.0	this would occupy him for the rest of his life	this would occupy him for the rest of his life	0	0	0
/opt/gpfs/users/shuai/work/block-conversion-b2/OmniVoice/results_b2_final_gs3p0/seedtts_en/common_voice_en_19944630-common_voice_en_19944631.wav	0.09090909090909091	some conditions are associated with both symmetrical and asymmetrical growth restriction	some conditions are associated with both symmetrical and asymmetrical growth restrictions	0	0	1
/opt/gpfs/users/shuai/work/block-conversion-b2/OmniVoice/results_b2_final_gs3p0/seedtts_en/common_voice_en_19944630-common_voice_en_19944633.wav	0.25	the ions pass through the selectivity filter of the k channel pore	the ions pass through the selectivity filter of the kchannel core	0	1	2
/opt/gpfs/users/shuai/work/block-conversion-b2/OmniVoice/results_b2_final_gs3p0/seedtts_en/common_voice_en_19949855-common_voice_en_19949857.wav	0.0	the team colors were teal red and black	the team colors were teal red and black	0	0	0
/opt/gpfs/users/shuai/work/block-conversion-b2/OmniVoice/results_b2_final_gs3p0/seedtts_en/common_voice_en_19951090-common_voice_en_19951089.wav	0.0	he has also made three solo albums	he has also made three solo albums	0	0	0
/opt/gpfs/users/shuai/work/block-conversion-b2/OmniVoice/results_b2_final_gs3p0/seedtts_en/common_voice_en_19951090-common_voice_en_19951091.wav	1.0	fun crazy stuff all the way	oh	0	5	1
/opt/gpfs/users/shuai/work/block-conversion-b2/OmniVoice/results_b2_final_gs3p0/seedtts_en/common_voice_en_19961449-common_voice_en_19961451.wav	0.0	in japan he is currently under the cutting edge label	in japan he is currently under the cutting edge label	0	0	0
/opt/gpfs/users/shuai/work/block-conversion-b2/OmniVoice/results_b2_final_gs3p0/seedtts_en/common_voice_en_19961449-common_voice_en_19961453.wav	0.0	saba is known as the unspoiled queen of the caribbean	saba is known as the unspoiled queen of the caribbean	0	0	0
/opt/gpfs/users/shuai/work/block-conversion-b2/OmniVoice/results_b2_final_gs3p0/seedtts_en/common_voice_en_19967495-common_voice_en_19967497.wav	0.0	the remaining singles failed to hit the dance chart	the remaining singles failed to hit the dance chart	0	0	0
/opt/gpfs/users/shuai/work/block-conversion-b2/OmniVoice/results_b2_final_gs3p0/seedtts_en/common_voice_en_19972684-common_voice_en_19972725.wav	0.0	the meteorite was sent off into the galaxy to be sealed forever	the meteorite was sent off into the galaxy to be sealed forever	0	0	0
/opt/gpfs/users/shuai/work/block-conversion-b2/OmniVoice/results_b2_final_gs3p0/seedtts_en/common_voice_en_19972684-common_voice_en_19972807.wav	0.0	many reviewers compared its style to that of the mario kart series	many reviewers compared its style to that of the mario kart series	0	0	0
/opt/gpfs/users/shuai/work/block-conversion-b2/OmniVoice/results_b2_final_gs3p0/seedtts_en/common_voice_en_19974164-common_voice_en_19974166.wav	0.0	a few content management implementations cover all these issues	a few content management implementations cover all these issues	0	0	0
/opt/gpfs/users/shuai/work/block-conversion-b2/OmniVoice/results_b2_final_gs3p0/seedtts_en/common_voice_en_19977527-common_voice_en_19977526.wav	0.0	that same year a civilian executive version disponent saw the light of day	that same year a civilian executive version disponent saw the light of day	0	0	0
/opt/gpfs/users/shuai/work/block-conversion-b2/OmniVoice/results_b2_final_gs3p0/seedtts_en/common_voice_en_19977527-common_voice_en_19977528.wav	0.09090909090909091	copperopolis was on the main stage road from sonora to sacramento	copperopolis was on the main stage road from sonora to sacramento oh	1	0	0
/opt/gpfs/users/shuai/work/block-conversion-b2/OmniVoice/results_b2_final_gs3p0/seedtts_en/common_voice_en_19979514-common_voice_en_19979516.wav	0.0	the town of norwich is located east of the center of the county	the town of norwich is located east of the center of the county	0	0	0
/opt/gpfs/users/shuai/work/block-conversion-b2/OmniVoice/results_b2_final_gs3p0/seedtts_en/common_voice_en_19979514-common_voice_en_19979517.wav	0.1111111111111111	the name is derived from sotho and means 'protection'	the name is derived from sotho and means protection	0	0	1
/opt/gpfs/users/shuai/work/block-conversion-b2/OmniVoice/results_b2_final_gs3p0/seedtts_en/common_voice_en_19981298-common_voice_en_19981296.wav	0.0	all workers were reported as being employed by governments	all workers were reported as being employed by governments	0	0	0
/opt/gpfs/users/shuai/work/block-conversion-b2/OmniVoice/results_b2_final_gs3p0/seedtts_en/common_voice_en_19981298-common_voice_en_19981297.wav	0.0	she founded the salt lake education foundation and served as its director	she founded the salt lake education foundation and served as its director	0	0	0
/opt/gpfs/users/shuai/work/block-conversion-b2/OmniVoice/results_b2_final_gs3p0/seedtts_en/common_voice_en_19984445-common_voice_en_19984443.wav	0.0	through various illegal means north texas is awarded an expansion franchise	through various illegal means north texas is awarded an expansion franchise	0	0	0
/opt/gpfs/users/shuai/work/block-conversion-b2/OmniVoice/results_b2_final_gs3p0/seedtts_en/common_voice_en_19984445-common_voice_en_19984446.wav	0.0	rayford starts to read his wife's bible	rayford starts to read his wife's bible	0	0	0
/opt/gpfs/users/shuai/work/block-conversion-b2/OmniVoice/results_b2_final_gs3p0/seedtts_en/common_voice_en_19992384-common_voice_en_19992381.wav	0.0	several teams were interested in him including the pittsburgh pirates	several teams were interested in him including the pittsburgh pirates	0	0	0
/opt/gpfs/users/shuai/work/block-conversion-b2/OmniVoice/results_b2_final_gs3p0/seedtts_en/common_voice_en_19992384-common_voice_en_19992617.wav	0.09090909090909091	he then moved to belgian side lierse but has since retired	he then moved to belgian side liers but has since retired	0	0	1
/opt/gpfs/users/shuai/work/block-conversion-b2/OmniVoice/results_b2_final_gs3p0/seedtts_en/common_voice_en_20005340-common_voice_en_20005341.wav	0.08333333333333333	both resolutions failed in votes that split along the governors' party lines	both resolutions failed in votes that split along the governor's party lines	0	0	1
/opt/gpfs/users/shuai/work/block-conversion-b2/OmniVoice/results_b2_final_gs3p0/seedtts_en/common_voice_en_20005340-common_voice_en_20005343.wav	0.07142857142857142	in another version when players are caught they help the it seek out others	in another version when players are caught they help the it seek out others ah	1	0	0
/opt/gpfs/users/shuai/work/block-conversion-b2/OmniVoice/results_b2_final_gs3p0/seedtts_en/common_voice_en_20006910-common_voice_en_20006909.wav	0.0	in new zealand the rank of superintendent is above inspector and below assistant commissioner	in new zealand the rank of superintendent is above inspector and below assistant commissioner	0	0	0
/opt/gpfs/users/shuai/work/block-conversion-b2/OmniVoice/results_b2_final_gs3p0/seedtts_en/common_voice_en_20006910-common_voice_en_20006912.wav	0.0	selected forms are propagated by stem cuttings in micronesia	selected forms are propagated by stem cuttings in micronesia	0	0	0
/opt/gpfs/users/shuai/work/block-conversion-b2/OmniVoice/results_b2_final_gs3p0/seedtts_en/common_voice_en_20026430-common_voice_en_20026432.wav	0.0	it has technology and media arts college specialist school status and is an academy	it has technology and media arts college specialist school status and is an academy	0	0	0
/opt/gpfs/users/shuai/work/block-conversion-b2/OmniVoice/results_b2_final_gs3p0/seedtts_en/common_voice_en_20027471-common_voice_en_20027469.wav	0.0	the story arc is only titled when it is included in a compilation	the story arc is only titled when it is included in a compilation	0	0	0
/opt/gpfs/users/shuai/work/block-conversion-b2/OmniVoice/results_b2_final_gs3p0/seedtts_en/common_voice_en_20027471-common_voice_en_20027487.wav	0.0	it overlooks lake ilopango and san salvador	it overlooks lake ilopango and san salvador	0	0	0
/opt/gpfs/users/shuai/work/block-conversion-b2/OmniVoice/results_b2_final_gs3p0/seedtts_en/common_voice_en_20030172-common_voice_en_20030173.wav	0.25	the children of gowanda had school that day	the children of gawanda had school that day ah	1	0	1
/opt/gpfs/users/shuai/work/block-conversion-b2/OmniVoice/results_b2_final_gs3p0/seedtts_en/common_voice_en_20030172-common_voice_en_20030174.wav	0.0	various ecclesiastical areas too small for a diocese are termed prefects	various ecclesiastical areas too small for a diocese are termed prefects	0	0	0
/opt/gpfs/users/shuai/work/block-conversion-b2/OmniVoice/results_b2_final_gs3p0/seedtts_en/common_voice_en_20041534-common_voice_en_20041536.wav	0.0	copper wire provides an easily manufactured general purpose voice coil at a reasonable cost	copper wire provides an easily manufactured general purpose voice coil at a reasonable cost	0	0	0
/opt/gpfs/users/shuai/work/block-conversion-b2/OmniVoice/results_b2_final_gs3p0/seedtts_en/common_voice_en_20042516-common_voice_en_20042515.wav	0.07142857142857142	next was the last king of scotland which won an oscar for best actor	next was the last king of scotland which won an oscar for best actor ah	1	0	0
/opt/gpfs/users/shuai/work/block-conversion-b2/OmniVoice/results_b2_final_gs3p0/seedtts_en/common_voice_en_20048255-common_voice_en_20048258.wav	0.0	it is the way to drink the locally produced fragrant jasmine black tea	it is the way to drink the locally produced fragrant jasmine black tea	0	0	0
/opt/gpfs/users/shuai/work/block-conversion-b2/OmniVoice/results_b2_final_gs3p0/seedtts_en/common_voice_en_20048255-common_voice_en_20048259.wav	0.0	queen who were both fighting for control of the city	queen who were both fighting for control of the city	0	0	0
/opt/gpfs/users/shuai/work/block-conversion-b2/OmniVoice/results_b2_final_gs3p0/seedtts_en/common_voice_en_20049071-common_voice_en_20049072.wav	0.09090909090909091	the club was named after the catholic martyr saint john fisher	the club was named after the catholic martyr st john fisher	0	0	1
/opt/gpfs/users/shuai/work/block-conversion-b2/OmniVoice/results_b2_final_gs3p0/seedtts_en/common_voice_en_20049071-common_voice_en_20049074.wav	0.0	palmer switched political parties throughout his life starting out a democrat	palmer switched political parties throughout his life starting out a democrat	0	0	0
/opt/gpfs/users/shuai/work/block-conversion-b2/OmniVoice/results_b2_final_gs3p0/seedtts_en/common_voice_en_20065698-common_voice_en_20065701.wav	0.25	flood gates were erected and drainage systems improved	floodgates were erected and drainage systems improved	0	1	1
/opt/gpfs/users/shuai/work/block-conversion-b2/OmniVoice/results_b2_final_gs3p0/seedtts_en/common_voice_en_20065698-common_voice_en_20065702.wav	0.0	it is a developing area due to the initiation of various educational institutions	it is a developing area due to the initiation of various educational institutions	0	0	0
/opt/gpfs/users/shuai/work/block-conversion-b2/OmniVoice/results_b2_final_gs3p0/seedtts_en/common_voice_en_20066900-common_voice_en_20066899.wav	0.0	in some cases the entire subject has been dropped from the merit badge roster	in some cases the entire subject has been dropped from the merit badge roster	0	0	0
/opt/gpfs/users/shuai/work/block-conversion-b2/OmniVoice/results_b2_final_gs3p0/seedtts_en/common_voice_en_20066900-common_voice_en_20066901.wav	0.0	several indoor and street shots were also made in that locale	several indoor and street shots were also made in that locale	0	0	0
/opt/gpfs/users/shuai/work/block-conversion-b2/OmniVoice/results_b2_final_gs3p0/seedtts_en/common_voice_en_20068182-common_voice_en_20068193.wav	0.0	her works lean toward the tragic within a hostile society of vice and violence	her works lean toward the tragic within a hostile society of vice and violence	0	0	0
/opt/gpfs/users/shuai/work/block-conversion-b2/OmniVoice/results_b2_final_gs3p0/seedtts_en/common_voice_en_20068182-common_voice_en_20068195.wav	0.0	her cousin is a former member of the house of representatives in japan	her cousin is a former member of the house of representatives in japan	0	0	0
/opt/gpfs/users/shuai/work/block-conversion-b2/OmniVoice/results_b2_final_gs3p0/seedtts_en/common_voice_en_20080005-common_voice_en_20080006.wav	0.07142857142857142	it is situated across the northeastern rim of the older and larger crater danjon	it is situated across the northeastern rim of the older and larger crater donjon	0	0	1
/opt/gpfs/users/shuai/work/block-conversion-b2/OmniVoice/results_b2_final_gs3p0/seedtts_en/common_voice_en_20089981-common_voice_en_20090015.wav	0.0	the south american plate is in motion	the south american plate is in motion	0	0	0
/opt/gpfs/users/shuai/work/block-conversion-b2/OmniVoice/results_b2_final_gs3p0/seedtts_en/common_voice_en_20089981-common_voice_en_20150573.wav	0.08333333333333333	he has dual american and danish citizenship since his father is danish	he has dual american and danish citizenship since his father is	0	1	0
/opt/gpfs/users/shuai/work/block-conversion-b2/OmniVoice/results_b2_final_gs3p0/seedtts_en/common_voice_en_20095636-common_voice_en_20095638.wav	0.09090909090909091	the automatic control system would be redesigned on future soyuz spacecraft	the automatic control system would be redesigned on future soy spacecraft	0	0	1
/opt/gpfs/users/shuai/work/block-conversion-b2/OmniVoice/results_b2_final_gs3p0/seedtts_en/common_voice_en_20177004-common_voice_en_20177032.wav	0.0	her farces were produced on new york and london stages	her farces were produced on new york and london stages	0	0	0
/opt/gpfs/users/shuai/work/block-conversion-b2/OmniVoice/results_b2_final_gs3p0/seedtts_en/common_voice_en_20177004-common_voice_en_20177058.wav	0.0	the album received many good reviews and entered the charts at high positions	the album received many good reviews and entered the charts at high positions	0	0	0
/opt/gpfs/users/shuai/work/block-conversion-b2/OmniVoice/results_b2_final_gs3p0/seedtts_en/common_voice_en_20190570-common_voice_en_20190568.wav	0.0	the bridge is located just west of commodore park	the bridge is located just west of commodore park	0	0	0
/opt/gpfs/users/shuai/work/block-conversion-b2/OmniVoice/results_b2_final_gs3p0/seedtts_en/common_voice_en_20190570-common_voice_en_20190572.wav	0.0	it is home to mineral area college formerly known as flat river junior college	it is home to mineral area college formerly known as flat river junior college	0	0	0
/opt/gpfs/users/shuai/work/block-conversion-b2/OmniVoice/results_b2_final_gs3p0/seedtts_en/common_voice_en_20214898-common_voice_en_20214899.wav	0.0	he writes a column at the detroit news	he writes a column at the detroit news	0	0	0
/opt/gpfs/users/shuai/work/block-conversion-b2/OmniVoice/results_b2_final_gs3p0/seedtts_en/common_voice_en_20214898-common_voice_en_20214908.wav	0.0	the community was also once home to two distilleries and a tannery	the community was also once home to two distilleries and a tannery	0	0	0
/opt/gpfs/users/shuai/work/block-conversion-b2/OmniVoice/results_b2_final_gs3p0/seedtts_en/common_voice_en_20232770-common_voice_en_20232772.wav	0.15384615384615385	he was also invited to play several dates with w c handy's orchestra	he was also invited to play several dates with wc handy's orchestra	0	1	1
/opt/gpfs/users/shuai/work/block-conversion-b2/OmniVoice/results_b2_final_gs3p0/seedtts_en/common_voice_en_20235009-common_voice_en_20235010.wav	0.0	he painted there a history of achilles	he painted there a history of achilles	0	0	0
/opt/gpfs/users/shuai/work/block-conversion-b2/OmniVoice/results_b2_final_gs3p0/seedtts_en/common_voice_en_20236234-common_voice_en_20236233.wav	0.0	octavian returned to rome to administer the distribution of land to his veterans	octavian returned to rome to administer the distribution of land to his veterans	0	0	0
/opt/gpfs/users/shuai/work/block-conversion-b2/OmniVoice/results_b2_final_gs3p0/seedtts_en/common_voice_en_20236234-common_voice_en_20236236.wav	0.0	the festival is currently based out of new york city	the festival is currently based out of new york city	0	0	0
/opt/gpfs/users/shuai/work/block-conversion-b2/OmniVoice/results_b2_final_gs3p0/seedtts_en/common_voice_en_20252760-common_voice_en_20252762.wav	0.0	these included apologetics on behalf of the catholic apostolic church	these included apologetics on behalf of the catholic apostolic church	0	0	0
/opt/gpfs/users/shuai/work/block-conversion-b2/OmniVoice/results_b2_final_gs3p0/seedtts_en/common_voice_en_20252760-common_voice_en_20252766.wav	0.14285714285714285	there are three colour combinations that are used on several flags in certain regions	there are three color combinations that are used on several flags in certain regions uh	1	0	1
/opt/gpfs/users/shuai/work/block-conversion-b2/OmniVoice/results_b2_final_gs3p0/seedtts_en/common_voice_en_20262152-common_voice_en_20262155.wav	0.0	this form of legislation would not receive royal assent like acts of parliament do	this form of legislation would not receive royal assent like acts of parliament do	0	0	0
/opt/gpfs/users/shuai/work/block-conversion-b2/OmniVoice/results_b2_final_gs3p0/seedtts_en/common_voice_en_20266775-common_voice_en_20266781.wav	0.0	brim also had one child from her first marriage	brim also had one child from her first marriage	0	0	0
/opt/gpfs/users/shuai/work/block-conversion-b2/OmniVoice/results_b2_final_gs3p0/seedtts_en/common_voice_en_20273907-common_voice_en_20273911.wav	0.0	numerous ships were queried and boarded to verify their cargo manifests	numerous ships were queried and boarded to verify their cargo manifests	0	0	0
/opt/gpfs/users/shuai/work/block-conversion-b2/OmniVoice/results_b2_final_gs3p0/seedtts_en/common_voice_en_20285294-common_voice_en_20285291.wav	0.1	she was named for secretary of the navy isaac toucey	she was named for secretary of the navy isaac toussaint	0	0	1
/opt/gpfs/users/shuai/work/block-conversion-b2/OmniVoice/results_b2_final_gs3p0/seedtts_en/common_voice_en_20285294-common_voice_en_20285295.wav	0.0	he was at once a merchant architect and builder	he was at once a merchant architect and builder	0	0	0
/opt/gpfs/users/shuai/work/block-conversion-b2/OmniVoice/results_b2_final_gs3p0/seedtts_en/common_voice_en_20289354-common_voice_en_20289351.wav	0.0	in particular the effect of quantum operations stays within the set of density states	in particular the effect of quantum operations stays within the set of density states	0	0	0
/opt/gpfs/users/shuai/work/block-conversion-b2/OmniVoice/results_b2_final_gs3p0/seedtts_en/common_voice_en_20289354-common_voice_en_20289353.wav	0.0	starring an older and young bugs bunny and elmer fudd	starring an older and young bugs bunny and elmer fudd	0	0	0
/opt/gpfs/users/shuai/work/block-conversion-b2/OmniVoice/results_b2_final_gs3p0/seedtts_en/common_voice_en_20297680-common_voice_en_20297678.wav	0.0	he couldn't win the match but did score a glorious try	he couldn't win the match but did score a glorious try	0	0	0
/opt/gpfs/users/shuai/work/block-conversion-b2/OmniVoice/results_b2_final_gs3p0/seedtts_en/common_voice_en_20297680-common_voice_en_20297682.wav	0.08333333333333333	the ice cream comes out of the french pot ready to eat	and ice cream comes out of the french pot ready to eat	0	0	1
/opt/gpfs/users/shuai/work/block-conversion-b2/OmniVoice/results_b2_final_gs3p0/seedtts_en/common_voice_en_20303932-common_voice_en_20303930.wav	0.0	kaufman lake is also a popular full day hiking destination	kaufman lake is also a popular full day hiking destination	0	0	0
/opt/gpfs/users/shuai/work/block-conversion-b2/OmniVoice/results_b2_final_gs3p0/seedtts_en/common_voice_en_20303932-common_voice_en_20303934.wav	0.0	byron was traditionally a rural area of dairy and vegetable farms	byron was traditionally a rural area of dairy and vegetable farms	0	0	0
/opt/gpfs/users/shuai/work/block-conversion-b2/OmniVoice/results_b2_final_gs3p0/seedtts_en/common_voice_en_20304148-common_voice_en_20304149.wav	0.0	she was the wealthiest lady in poland	she was the wealthiest lady in poland	0	0	0
/opt/gpfs/users/shuai/work/block-conversion-b2/OmniVoice/results_b2_final_gs3p0/seedtts_en/common_voice_en_20304708-common_voice_en_20304710.wav	0.07692307692307693	africanus and his wife had seven children but only one lived to adulthood	afrikanis and his wife had seven children but only one lived to adulthood	0	0	1
/opt/gpfs/users/shuai/work/block-conversion-b2/OmniVoice/results_b2_final_gs3p0/seedtts_en/common_voice_en_20317297-common_voice_en_20317298.wav	0.08333333333333333	the society of the day held that reward without labour was misguided	the society of the day held that reward without labor was misguided	0	0	1
/opt/gpfs/users/shuai/work/block-conversion-b2/OmniVoice/results_b2_final_gs3p0/seedtts_en/common_voice_en_20317297-common_voice_en_20317300.wav	0.0	the suburb is distinctly but unofficially split into the north and the south	the suburb is distinctly but unofficially split into the north and the south	0	0	0
/opt/gpfs/users/shuai/work/block-conversion-b2/OmniVoice/results_b2_final_gs3p0/seedtts_en/common_voice_en_20323109-common_voice_en_20323110.wav	0.07142857142857142	the spaniards chiefly purchased the slaves from the portuguese and english traders in africa	the spaniards chiefly purchased the slaves from the portuguese and english traders in africa ah	1	0	0
/opt/gpfs/users/shuai/work/block-conversion-b2/OmniVoice/results_b2_final_gs3p0/seedtts_en/common_voice_en_203357-common_voice_en_203358.wav	0.09090909090909091	some of the grey ash was falling off the circular edge	some of the gray ash was falling off the circular edge	0	0	1
/opt/gpfs/users/shuai/work/block-conversion-b2/OmniVoice/results_b2_final_gs3p0/seedtts_en/common_voice_en_203357-common_voice_en_203359.wav	0.0	the thing itself was almost entirely buried in sand	the thing itself was almost entirely buried in sand	0	0	0
/opt/gpfs/users/shuai/work/block-conversion-b2/OmniVoice/results_b2_final_gs3p0/seedtts_en/common_voice_en_20337838-common_voice_en_20337841.wav	0.0	a few languages such as haskell implement them as linked lists instead	a few languages such as haskell implement them as linked lists instead	0	0	0
/opt/gpfs/users/shuai/work/block-conversion-b2/OmniVoice/results_b2_final_gs3p0/seedtts_en/common_voice_en_20337838-common_voice_en_20337842.wav	0.0	this species like many of the others in this family resembles a long earthworm	this species like many of the others in this family resembles a long earthworm	0	0	0
/opt/gpfs/users/shuai/work/block-conversion-b2/OmniVoice/results_b2_final_gs3p0/seedtts_en/common_voice_en_20342901-common_voice_en_20342897.wav	0.0	a number of works have been inspired to explore fritz and clara's relationship	a number of works have been inspired to explore fritz and clara's relationship	0	0	0
/opt/gpfs/users/shuai/work/block-conversion-b2/OmniVoice/results_b2_final_gs3p0/seedtts_en/common_voice_en_20410042-common_voice_en_20410055.wav	0.0	new world china land limited is wholly owned by the group	new world china land limited is wholly owned by the group	0	0	0
/opt/gpfs/users/shuai/work/block-conversion-b2/OmniVoice/results_b2_final_gs3p0/seedtts_en/common_voice_en_20451876-common_voice_en_20451880.wav	0.0	he did not live to complete the development of his system	he did not live to complete the development of his system	0	0	0
/opt/gpfs/users/shuai/work/block-conversion-b2/OmniVoice/results_b2_final_gs3p0/seedtts_en/common_voice_en_20461046-common_voice_en_20461051.wav	0.0	a list of the mythical founders of germanic peoples follows	a list of the mythical founders of germanic peoples follows	0	0	0
/opt/gpfs/users/shuai/work/block-conversion-b2/OmniVoice/results_b2_final_gs3p0/seedtts_en/common_voice_en_20522396-common_voice_en_20522395.wav	0.0	mcdonald was raised in fresno california the elder of two daughters	mcdonald was raised in fresno california the elder of two daughters	0	0	0
/opt/gpfs/users/shuai/work/block-conversion-b2/OmniVoice/results_b2_final_gs3p0/seedtts_en/common_voice_en_20522396-common_voice_en_20522398.wav	0.0	the hyperbolic functions take a real argument called a hyperbolic angle	the hyperbolic functions take a real argument called a hyperbolic angle	0	0	0
/opt/gpfs/users/shuai/work/block-conversion-b2/OmniVoice/results_b2_final_gs3p0/seedtts_en/common_voice_en_20531306-common_voice_en_20531308.wav	0.0	his alleged code name in soviet intelligence and in the venona files is ted	his alleged code name in soviet intelligence and in the venona files is ted	0	0	0
/opt/gpfs/users/shuai/work/block-conversion-b2/OmniVoice/results_b2_final_gs3p0/seedtts_en/common_voice_en_20531306-common_voice_en_20531309.wav	0.0	presley however was terrified by this level of success and vanished	presley however was terrified by this level of success and vanished	0	0	0
/opt/gpfs/users/shuai/work/block-conversion-b2/OmniVoice/results_b2_final_gs3p0/seedtts_en/common_voice_en_20535791-common_voice_en_20535795.wav	0.0	the result is usually comic surreal and somewhat nonsensical	the result is usually comic surreal and somewhat nonsensical	0	0	0
/opt/gpfs/users/shuai/work/block-conversion-b2/OmniVoice/results_b2_final_gs3p0/seedtts_en/common_voice_en_205647-common_voice_en_205648.wav	0.0	the doctor cried after his birth	the doctor cried after his birth	0	0	0
/opt/gpfs/users/shuai/work/block-conversion-b2/OmniVoice/results_b2_final_gs3p0/seedtts_en/common_voice_en_205647-common_voice_en_205649.wav	0.0	don't take any chances	don't take any chances	0	0	0
/opt/gpfs/users/shuai/work/block-conversion-b2/OmniVoice/results_b2_final_gs3p0/seedtts_en/common_voice_en_20583510-common_voice_en_20583509.wav	0.0	he has also worked as a teacher lecturer critic and broadcaster	he has also worked as a teacher lecturer critic and broadcaster	0	0	0
/opt/gpfs/users/shuai/work/block-conversion-b2/OmniVoice/results_b2_final_gs3p0/seedtts_en/common_voice_en_20583510-common_voice_en_20583514.wav	0.0	this new material had stronger alloys in the iron	this new material had stronger alloys in the iron	0	0	0
/opt/gpfs/users/shuai/work/block-conversion-b2/OmniVoice/results_b2_final_gs3p0/seedtts_en/common_voice_en_20617-common_voice_en_20618.wav	0.0625	but as he saw them lying there on the ground another phrase came to his mind	as he saw them lying there on the ground another phrase came to his mind	0	1	0
/opt/gpfs/users/shuai/work/block-conversion-b2/OmniVoice/results_b2_final_gs3p0/seedtts_en/common_voice_en_20617-common_voice_en_20619.wav	0.15384615384615385	it means only that the heart does what it can the alchemist said	it means only that the heart does what it can the alchemists	0	1	1
/opt/gpfs/users/shuai/work/block-conversion-b2/OmniVoice/results_b2_final_gs3p0/seedtts_en/common_voice_en_20640019-common_voice_en_20640018.wav	0.0	the mass of the crowd had already passed	the mass of the crowd had already passed	0	0	0
/opt/gpfs/users/shuai/work/block-conversion-b2/OmniVoice/results_b2_final_gs3p0/seedtts_en/common_voice_en_20640019-common_voice_en_20640020.wav	0.07692307692307693	according to recent government statements islamic terrorism is the biggest threat to canada	according to recent government statements islamic terrorism is the biggest threat to canada uh	1	0	0
/opt/gpfs/users/shuai/work/block-conversion-b2/OmniVoice/results_b2_final_gs3p0/seedtts_en/common_voice_en_20660224-common_voice_en_20660226.wav	0.07142857142857142	the other permitted the cultivation and possession of two pounds' dry weight of cannabis	the other permitted the cultivation and possession of two pounds dry weight of cannabis	0	0	1
/opt/gpfs/users/shuai/work/block-conversion-b2/OmniVoice/results_b2_final_gs3p0/seedtts_en/common_voice_en_20660224-common_voice_en_20660228.wav	0.07692307692307693	he contributed donations to the new birmingham university following representations by joseph chamberlain	he contributed donations to the new birmingham university following representations by joseph chamberlain ah	1	0	0
/opt/gpfs/users/shuai/work/block-conversion-b2/OmniVoice/results_b2_final_gs3p0/seedtts_en/common_voice_en_20661858-common_voice_en_20661860.wav	0.1111111111111111	now i have to isolate myself for long periods	now i have to isolate myself for long periods okay	1	0	0
/opt/gpfs/users/shuai/work/block-conversion-b2/OmniVoice/results_b2_final_gs3p0/seedtts_en/common_voice_en_20661858-common_voice_en_20661861.wav	0.08333333333333333	the world as the manifestation of eternal order must itself be immortal	the world as the manifestation of eternal order must itself be immortal ah	1	0	0
/opt/gpfs/users/shuai/work/block-conversion-b2/OmniVoice/results_b2_final_gs3p0/seedtts_en/common_voice_en_20688082-common_voice_en_20688081.wav	0.08333333333333333	following the group's split nash has stayed out of the public eye	following the group split nash has stayed out of the public eye	0	0	1
/opt/gpfs/users/shuai/work/block-conversion-b2/OmniVoice/results_b2_final_gs3p0/seedtts_en/common_voice_en_20688082-common_voice_en_20688083.wav	0.0	he came upon her suddenly in one of these recesses	he came upon her suddenly in one of these recesses	0	0	0
/opt/gpfs/users/shuai/work/block-conversion-b2/OmniVoice/results_b2_final_gs3p0/seedtts_en/common_voice_en_20718170-common_voice_en_20718169.wav	0.0	similar websites exist for comments overheard in a variety of places	similar websites exist for comments overheard in a variety of places	0	0	0
/opt/gpfs/users/shuai/work/block-conversion-b2/OmniVoice/results_b2_final_gs3p0/seedtts_en/common_voice_en_2072999-common_voice_en_2073000.wav	0.0	two physicists pondered their revised quantum field theory together	two physicists pondered their revised quantum field theory together	0	0	0
/opt/gpfs/users/shuai/work/block-conversion-b2/OmniVoice/results_b2_final_gs3p0/seedtts_en/common_voice_en_2072999-common_voice_en_2324746.wav	0.0	darth vader could barely breathe under his mask	darth vader could barely breathe under his mask	0	0	0
/opt/gpfs/users/shuai/work/block-conversion-b2/OmniVoice/results_b2_final_gs3p0/seedtts_en/common_voice_en_20735803-common_voice_en_20735805.wav	0.0	i am going because i was ordered to	i am going because i was ordered to	0	0	0
/opt/gpfs/users/shuai/work/block-conversion-b2/OmniVoice/results_b2_final_gs3p0/seedtts_en/common_voice_en_20735803-common_voice_en_20735807.wav	0.25	the battle was of medium term significance consolidating royalist control of yorkshire	the battle was of mediumterm significance consolidating royalist control of yorkshire eh	1	1	1
/opt/gpfs/users/shuai/work/block-conversion-b2/OmniVoice/results_b2_final_gs3p0/seedtts_en/common_voice_en_20791113-common_voice_en_20791116.wav	0.14285714285714285	the two quickly covered the table with a towel when they noticed the officers	uh the two quickly covered the table with a towel when they noticed the officers uh	2	0	0
/opt/gpfs/users/shuai/work/block-conversion-b2/OmniVoice/results_b2_final_gs3p0/seedtts_en/common_voice_en_20791113-common_voice_en_20791117.wav	0.0	he was educated at wellington college berkshire	he was educated at wellington college berkshire	0	0	0
/opt/gpfs/users/shuai/work/block-conversion-b2/OmniVoice/results_b2_final_gs3p0/seedtts_en/common_voice_en_20791578-common_voice_en_20791579.wav	0.0	during that cruise princess cruises marked the first ever call in ilhabela brazil	during that cruise princess cruises marked the first ever call in ilhabela brazil	0	0	0
/opt/gpfs/users/shuai/work/block-conversion-b2/OmniVoice/results_b2_final_gs3p0/seedtts_en/common_voice_en_20791578-common_voice_en_20791581.wav	0.0	the pilot was then reshot with the different actors and aired	the pilot was then reshot with the different actors and aired	0	0	0
/opt/gpfs/users/shuai/work/block-conversion-b2/OmniVoice/results_b2_final_gs3p0/seedtts_en/common_voice_en_20791751-common_voice_en_20791750.wav	0.1	the top four finishers in the men's race were kenyan	the top four finishers in the men's race were kenyon	0	0	1
/opt/gpfs/users/shuai/work/block-conversion-b2/OmniVoice/results_b2_final_gs3p0/seedtts_en/common_voice_en_20791751-common_voice_en_20791752.wav	0.1	the reflex system was based on a spinning mirror shutter	the reflex system was based on a spinning mirror shutter ah	1	0	0
/opt/gpfs/users/shuai/work/block-conversion-b2/OmniVoice/results_b2_final_gs3p0/seedtts_en/common_voice_en_20798109-common_voice_en_20798113.wav	0.0	a combination of rock punk and pop music this album made the band famous	a combination of rock punk and pop music this album made the band famous	0	0	0
/opt/gpfs/users/shuai/work/block-conversion-b2/OmniVoice/results_b2_final_gs3p0/seedtts_en/common_voice_en_20806032-common_voice_en_20806033.wav	0.0	these two agencies cooperate in aspects of law enforcement including their joint marine unit	these two agencies cooperate in aspects of law enforcement including their joint marine unit	0	0	0
/opt/gpfs/users/shuai/work/block-conversion-b2/OmniVoice/results_b2_final_gs3p0/seedtts_en/common_voice_en_20812017-common_voice_en_20812019.wav	0.0	howe remarked she was often exasperated by my tenaciously quiet brand of advocacy	howe remarked she was often exasperated by my tenaciously quiet brand of advocacy	0	0	0
/opt/gpfs/users/shuai/work/block-conversion-b2/OmniVoice/results_b2_final_gs3p0/seedtts_en/common_voice_en_20812017-common_voice_en_20812020.wav	0.0	the council is responsible for carrying out both foreign and domestic policies	the council is responsible for carrying out both foreign and domestic policies	0	0	0
/opt/gpfs/users/shuai/work/block-conversion-b2/OmniVoice/results_b2_final_gs3p0/seedtts_en/common_voice_en_20834082-common_voice_en_20834083.wav	0.3333333333333333	these batteries were manufactured by sony	uh these batteries were manufactured by sony uh	2	0	0
/opt/gpfs/users/shuai/work/block-conversion-b2/OmniVoice/results_b2_final_gs3p0/seedtts_en/common_voice_en_20872043-common_voice_en_20872044.wav	0.0	an example of an early user group is the apple user group connection	an example of an early user group is the apple user group connection	0	0	0
/opt/gpfs/users/shuai/work/block-conversion-b2/OmniVoice/results_b2_final_gs3p0/seedtts_en/common_voice_en_20872043-common_voice_en_20872046.wav	0.0	residents near the river downstream from the slip were evacuated	residents near the river downstream from the slip were evacuated	0	0	0
/opt/gpfs/users/shuai/work/block-conversion-b2/OmniVoice/results_b2_final_gs3p0/seedtts_en/common_voice_en_20872478-common_voice_en_20872479.wav	0.0	data according to statistics iceland which collects the official statistics for iceland	data according to statistics iceland which collects the official statistics for iceland	0	0	0
/opt/gpfs/users/shuai/work/block-conversion-b2/OmniVoice/results_b2_final_gs3p0/seedtts_en/common_voice_en_20872478-common_voice_en_20872481.wav	0.0	other researchers repeated the experiment with greater accuracy	other researchers repeated the experiment with greater accuracy	0	0	0
/opt/gpfs/users/shuai/work/block-conversion-b2/OmniVoice/results_b2_final_gs3p0/seedtts_en/common_voice_en_20888046-common_voice_en_20888048.wav	0.0	fox won her next seven fights in a row with two knockouts	fox won her next seven fights in a row with two knockouts	0	0	0
/opt/gpfs/users/shuai/work/block-conversion-b2/OmniVoice/results_b2_final_gs3p0/seedtts_en/common_voice_en_20888046-common_voice_en_20888051.wav	0.18181818181818182	it is the most popular form of transportation in this community	uh it is the most popular form of transportation in this community uh	2	0	0
/opt/gpfs/users/shuai/work/block-conversion-b2/OmniVoice/results_b2_final_gs3p0/seedtts_en/common_voice_en_20905661-common_voice_en_20905660.wav	0.0	vincent finds dalton and slashes wade's face with a machete killing him	vincent finds dalton and slashes wade's face with a machete killing him	0	0	0
/opt/gpfs/users/shuai/work/block-conversion-b2/OmniVoice/results_b2_final_gs3p0/seedtts_en/common_voice_en_20905661-common_voice_en_20905662.wav	0.0	he has since been a member of the committee on foreign affairs	he has since been a member of the committee on foreign affairs	0	0	0
/opt/gpfs/users/shuai/work/block-conversion-b2/OmniVoice/results_b2_final_gs3p0/seedtts_en/common_voice_en_20907200-common_voice_en_20907214.wav	0.15384615384615385	assume that a star radiates a continuous light spectrum up to x rays	assume that a star radiates a continuous light spectrum up to xrays	0	1	1
/opt/gpfs/users/shuai/work/block-conversion-b2/OmniVoice/results_b2_final_gs3p0/seedtts_en/common_voice_en_20907200-common_voice_en_20907217.wav	0.18181818181818182	it is also commonly used in informal and business spoken conversations	it is also commonly used in informal and businessspoken conversations	0	1	1
/opt/gpfs/users/shuai/work/block-conversion-b2/OmniVoice/results_b2_final_gs3p0/seedtts_en/common_voice_en_20918607-common_voice_en_20918611.wav	1.0	there is a white patch on the wings	wow	0	7	1
/opt/gpfs/users/shuai/work/block-conversion-b2/OmniVoice/results_b2_final_gs3p0/seedtts_en/common_voice_en_209233-common_voice_en_209236.wav	0.0	continue in the direction of the pyramids said the alchemist	continue in the direction of the pyramids said the alchemist	0	0	0
/opt/gpfs/users/shuai/work/block-conversion-b2/OmniVoice/results_b2_final_gs3p0/seedtts_en/common_voice_en_209233-common_voice_en_209237.wav	0.0	toward the end of the afternoon they came upon a coptic monastery	toward the end of the afternoon they came upon a coptic monastery	0	0	0
/opt/gpfs/users/shuai/work/block-conversion-b2/OmniVoice/results_b2_final_gs3p0/seedtts_en/common_voice_en_20933101-common_voice_en_20933102.wav	0.1	to have darshan one has to swim to the temple	to have darshan won has to swim to the temple	0	0	1
/opt/gpfs/users/shuai/work/block-conversion-b2/OmniVoice/results_b2_final_gs3p0/seedtts_en/common_voice_en_20933101-common_voice_en_20933104.wav	0.07692307692307693	the film was loosely based on the dragon knight by gordon r dickson	the film was loosely based on the dragon knight by gordon r dixon	0	0	1
/opt/gpfs/users/shuai/work/block-conversion-b2/OmniVoice/results_b2_final_gs3p0/seedtts_en/common_voice_en_20938865-common_voice_en_20938864.wav	0.08333333333333333	the dipolieia survived at least to the time of the roman empire	the dipoleia survived at least to the time of the roman empire	0	0	1
/opt/gpfs/users/shuai/work/block-conversion-b2/OmniVoice/results_b2_final_gs3p0/seedtts_en/common_voice_en_20938865-common_voice_en_20938866.wav	0.0	she repealed all her brother's religious laws and imprisoned the country's leading protestant clerics	she repealed all her brother's religious laws and imprisoned the country's leading protestant clerics	0	0	0
/opt/gpfs/users/shuai/work/block-conversion-b2/OmniVoice/results_b2_final_gs3p0/seedtts_en/common_voice_en_20972789-common_voice_en_20972791.wav	0.0	she then moved to new york city for overhaul	she then moved to new york city for overhaul	0	0	0
/opt/gpfs/users/shuai/work/block-conversion-b2/OmniVoice/results_b2_final_gs3p0/seedtts_en/common_voice_en_20972789-common_voice_en_20972792.wav	0.1111111111111111	he logged the first three triples of his career	he logged the first three triples of his career ah	1	0	0
/opt/gpfs/users/shuai/work/block-conversion-b2/OmniVoice/results_b2_final_gs3p0/seedtts_en/common_voice_en_21059484-common_voice_en_21059406.wav	0.0	the area is famous for its plentiful peach blossoms and natural scenery	the area is famous for its plentiful peach blossoms and natural scenery	0	0	0
/opt/gpfs/users/shuai/work/block-conversion-b2/OmniVoice/results_b2_final_gs3p0/seedtts_en/common_voice_en_21059484-common_voice_en_21059485.wav	0.07142857142857142	as he stated 'i have lost two sisters and you offer me twenty servants	as he stated i have lost two sisters and you offer me twenty servants	0	0	1
/opt/gpfs/users/shuai/work/block-conversion-b2/OmniVoice/results_b2_final_gs3p0/seedtts_en/common_voice_en_21106663-common_voice_en_21106664.wav	0.0	a pond has a population of the nationally uncommon warty newt	a pond has a population of the nationally uncommon warty newt	0	0	0
/opt/gpfs/users/shuai/work/block-conversion-b2/OmniVoice/results_b2_final_gs3p0/seedtts_en/common_voice_en_21129372-common_voice_en_21129375.wav	0.0	what kind of avatar should i need to come with	what kind of avatar should i need to come with	0	0	0
/opt/gpfs/users/shuai/work/block-conversion-b2/OmniVoice/results_b2_final_gs3p0/seedtts_en/common_voice_en_21129372-common_voice_en_21129377.wav	0.09090909090909091	these include various sports events including soccer basketball and volleyball tournaments	these include various sports events including soccer basketball and volleyball tournaments no	1	0	0
/opt/gpfs/users/shuai/work/block-conversion-b2/OmniVoice/results_b2_final_gs3p0/seedtts_en/common_voice_en_21139160-common_voice_en_21139162.wav	0.0	it is believed to feed on insect larvae and termites	it is believed to feed on insect larvae and termites	0	0	0
/opt/gpfs/users/shuai/work/block-conversion-b2/OmniVoice/results_b2_final_gs3p0/seedtts_en/common_voice_en_21184954-common_voice_en_21184958.wav	0.09090909090909091	early residents of the village were french canadians and menomonee indians	early residents of the village were french canadians and menominee indians	0	0	1
/opt/gpfs/users/shuai/work/block-conversion-b2/OmniVoice/results_b2_final_gs3p0/seedtts_en/common_voice_en_21184954-common_voice_en_21184959.wav	0.0	legislation provides for transfer of interest dividends and capital	legislation provides for transfer of interest dividends and capital	0	0	0
/opt/gpfs/users/shuai/work/block-conversion-b2/OmniVoice/results_b2_final_gs3p0/seedtts_en/common_voice_en_21291499-common_voice_en_21291501.wav	0.0	the stinger screws into the water main pipe and is held there	the stinger screws into the water main pipe and is held there	0	0	0
/opt/gpfs/users/shuai/work/block-conversion-b2/OmniVoice/results_b2_final_gs3p0/seedtts_en/common_voice_en_21293493-common_voice_en_21293494.wav	0.0	his heart has been affected by his anxiety and he has another heart attack	his heart has been affected by his anxiety and he has another heart attack	0	0	0
/opt/gpfs/users/shuai/work/block-conversion-b2/OmniVoice/results_b2_final_gs3p0/seedtts_en/common_voice_en_21314759-common_voice_en_21314758.wav	0.3	malta has three large natural harbours on its main island	uh malta has three large natural harbors on its main island uh	2	0	1
/opt/gpfs/users/shuai/work/block-conversion-b2/OmniVoice/results_b2_final_gs3p0/seedtts_en/common_voice_en_21319256-common_voice_en_21319257.wav	0.1	louis' famous response he can run but he can't hide	louie's famous response he can run but he can't hide	0	0	1
/opt/gpfs/users/shuai/work/block-conversion-b2/OmniVoice/results_b2_final_gs3p0/seedtts_en/common_voice_en_21345624-common_voice_en_21345625.wav	0.0	raspberry fruit may protect the liver	raspberry fruit may protect the liver	0	0	0
/opt/gpfs/users/shuai/work/block-conversion-b2/OmniVoice/results_b2_final_gs3p0/seedtts_en/common_voice_en_21345624-common_voice_en_21345626.wav	0.07142857142857142	the last lineage diversified rapidly and became the ancestor of most australian atriplex species	the last lineage diversified rapidly and became the ancestor of most australian atroplex species	0	0	1
/opt/gpfs/users/shuai/work/block-conversion-b2/OmniVoice/results_b2_final_gs3p0/seedtts_en/common_voice_en_21352017-common_voice_en_21352021.wav	0.0	roy is bilingual and can speak english and french	roy is bilingual and can speak english and french	0	0	0
/opt/gpfs/users/shuai/work/block-conversion-b2/OmniVoice/results_b2_final_gs3p0/seedtts_en/common_voice_en_21370640-common_voice_en_21370642.wav	0.0	arguably there are also benefits due to lubrication and cooling	arguably there are also benefits due to lubrication and cooling	0	0	0
/opt/gpfs/users/shuai/work/block-conversion-b2/OmniVoice/results_b2_final_gs3p0/seedtts_en/common_voice_en_21444162-common_voice_en_21444161.wav	0.07692307692307693	it is operated by the new york city department of parks and recreation	it is operated by the new york city department of parks and recreation and	1	0	0
/opt/gpfs/users/shuai/work/block-conversion-b2/OmniVoice/results_b2_final_gs3p0/seedtts_en/common_voice_en_21444162-common_voice_en_21444163.wav	0.0	images of the prerendered cinematics also began to appear at this time	images of the prerendered cinematics also began to appear at this time	0	0	0
/opt/gpfs/users/shuai/work/block-conversion-b2/OmniVoice/results_b2_final_gs3p0/seedtts_en/common_voice_en_21499767-common_voice_en_21499784.wav	0.09090909090909091	the crown is conical becoming a narrow rounded dome with age	the crown is conical becoming a narrow rounded dome with age oh	1	0	0
/opt/gpfs/users/shuai/work/block-conversion-b2/OmniVoice/results_b2_final_gs3p0/seedtts_en/common_voice_en_21499767-common_voice_en_21499786.wav	0.07692307692307693	marriott was an energetic worker and rarely rested preferring to run his company	marriott was an energetic worker and rarely rested preferring to run his company uh	1	0	0
/opt/gpfs/users/shuai/work/block-conversion-b2/OmniVoice/results_b2_final_gs3p0/seedtts_en/common_voice_en_21504874-common_voice_en_21504872.wav	0.21428571428571427	ecological thinning is a variant of this being studied for use in forest conservation	ecological thinning is a variant studied for use in forest conservation	0	3	0
/opt/gpfs/users/shuai/work/block-conversion-b2/OmniVoice/results_b2_final_gs3p0/seedtts_en/common_voice_en_21504874-common_voice_en_21504873.wav	0.0	maze systems provide users many choices however some users may find navigation difficult	maze systems provide users many choices however some users may find navigation difficult	0	0	0
/opt/gpfs/users/shuai/work/block-conversion-b2/OmniVoice/results_b2_final_gs3p0/seedtts_en/common_voice_en_21534516-common_voice_en_21534520.wav	0.0	a number of choirs bands and sporting clubs are also present	a number of choirs bands and sporting clubs are also present	0	0	0
/opt/gpfs/users/shuai/work/block-conversion-b2/OmniVoice/results_b2_final_gs3p0/seedtts_en/common_voice_en_21538043-common_voice_en_21538044.wav	0.0	the first issue titled 	the first issue titled	0	0	0
/opt/gpfs/users/shuai/work/block-conversion-b2/OmniVoice/results_b2_final_gs3p0/seedtts_en/common_voice_en_21538043-common_voice_en_21538045.wav	0.2	covedale is located about six miles west of downtown cincinnati	covadale is located about six miles west of downtown cincinnati uh	1	0	1
/opt/gpfs/users/shuai/work/block-conversion-b2/OmniVoice/results_b2_final_gs3p0/seedtts_en/common_voice_en_21551805-common_voice_en_21551806.wav	0.1	most people wouldn't have understood the coral at that point	most people wouldn't have understood the choral at that point	0	0	1
/opt/gpfs/users/shuai/work/block-conversion-b2/OmniVoice/results_b2_final_gs3p0/seedtts_en/common_voice_en_21555451-common_voice_en_21555449.wav	0.0	that year it built a distribution center for a large international corporation	that year it built a distribution center for a large international corporation	0	0	0
/opt/gpfs/users/shuai/work/block-conversion-b2/OmniVoice/results_b2_final_gs3p0/seedtts_en/common_voice_en_21555451-common_voice_en_21555450.wav	0.0	gilchrist house located near cordova is listed on the national register of historic places	gilchrist house located near cordova is listed on the national register of historic places	0	0	0
/opt/gpfs/users/shuai/work/block-conversion-b2/OmniVoice/results_b2_final_gs3p0/seedtts_en/common_voice_en_21555942-common_voice_en_21555944.wav	0.0	they also used real french in the scenes of bart in france	they also used real french in the scenes of bart in france	0	0	0
/opt/gpfs/users/shuai/work/block-conversion-b2/OmniVoice/results_b2_final_gs3p0/seedtts_en/common_voice_en_21555942-common_voice_en_21555950.wav	0.0	they defend themselves if they feel threatened but otherwise tend to ignore humans	they defend themselves if they feel threatened but otherwise tend to ignore humans	0	0	0
/opt/gpfs/users/shuai/work/block-conversion-b2/OmniVoice/results_b2_final_gs3p0/seedtts_en/common_voice_en_21589881-common_voice_en_21589882.wav	0.0	at one point he became the largest shareholder in columbia pictures	at one point he became the largest shareholder in columbia pictures	0	0	0
/opt/gpfs/users/shuai/work/block-conversion-b2/OmniVoice/results_b2_final_gs3p0/seedtts_en/common_voice_en_21589881-common_voice_en_21589886.wav	0.0	the language from which the lexicon is derived is called the lexifier	the language from which the lexicon is derived is called the lexifier	0	0	0
/opt/gpfs/users/shuai/work/block-conversion-b2/OmniVoice/results_b2_final_gs3p0/seedtts_en/common_voice_en_21619912-common_voice_en_21619910.wav	0.0	his son is underground publisher adam parfrey	his son is underground publisher adam parfrey	0	0	0
/opt/gpfs/users/shuai/work/block-conversion-b2/OmniVoice/results_b2_final_gs3p0/seedtts_en/common_voice_en_21619912-common_voice_en_21634642.wav	0.0	he had been acting president since his father became ill prior to his passing	he had been acting president since his father became ill prior to his passing	0	0	0
/opt/gpfs/users/shuai/work/block-conversion-b2/OmniVoice/results_b2_final_gs3p0/seedtts_en/common_voice_en_21620052-common_voice_en_21620053.wav	0.0	at least five species of reptiles have been recorded for the island	at least five species of reptiles have been recorded for the island	0	0	0
/opt/gpfs/users/shuai/work/block-conversion-b2/OmniVoice/results_b2_final_gs3p0/seedtts_en/common_voice_en_21620052-common_voice_en_21620054.wav	0.0	study days workshops and lectures are held frequently	study days workshops and lectures are held frequently	0	0	0
/opt/gpfs/users/shuai/work/block-conversion-b2/OmniVoice/results_b2_final_gs3p0/seedtts_en/common_voice_en_21621452-common_voice_en_21621454.wav	0.0	these sizes could vary from one specimen to another	these sizes could vary from one specimen to another	0	0	0
/opt/gpfs/users/shuai/work/block-conversion-b2/OmniVoice/results_b2_final_gs3p0/seedtts_en/common_voice_en_21621452-common_voice_en_21621455.wav	0.0	it is named after edward singleton holden	it is named after edward singleton holden	0	0	0
/opt/gpfs/users/shuai/work/block-conversion-b2/OmniVoice/results_b2_final_gs3p0/seedtts_en/common_voice_en_21653057-common_voice_en_21653072.wav	0.0	the station is owned by the hearst television subsidiary of the hearst corporation	the station is owned by the hearst television subsidiary of the hearst corporation	0	0	0
/opt/gpfs/users/shuai/work/block-conversion-b2/OmniVoice/results_b2_final_gs3p0/seedtts_en/common_voice_en_21653057-common_voice_en_21653087.wav	0.0	nicholas nixon extensively documented issues surrounded by american life	nicholas nixon extensively documented issues surrounded by american life	0	0	0
/opt/gpfs/users/shuai/work/block-conversion-b2/OmniVoice/results_b2_final_gs3p0/seedtts_en/common_voice_en_21658335-common_voice_en_21658337.wav	0.0	a map shows where emeralda is located and bernardo is looking for the map	a map shows where emeralda is located and bernardo is looking for the map	0	0	0
/opt/gpfs/users/shuai/work/block-conversion-b2/OmniVoice/results_b2_final_gs3p0/seedtts_en/common_voice_en_21658335-common_voice_en_21658338.wav	0.0	this occurs often with names of people newly introduced to	this occurs often with names of people newly introduced to	0	0	0
/opt/gpfs/users/shuai/work/block-conversion-b2/OmniVoice/results_b2_final_gs3p0/seedtts_en/common_voice_en_21659259-common_voice_en_21659260.wav	0.0	it now has five chapters butterfield trail magazine mountain ozark razorback and cornerstone	it now has five chapters butterfield trail magazine mountain ozark razorback and cornerstone	0	0	0
/opt/gpfs/users/shuai/work/block-conversion-b2/OmniVoice/results_b2_final_gs3p0/seedtts_en/common_voice_en_21722249-common_voice_en_21722261.wav	0.0	criticism centered on swing states such as kentucky tennessee pennsylvania and maryland	criticism centered on swing states such as kentucky tennessee pennsylvania and maryland	0	0	0
/opt/gpfs/users/shuai/work/block-conversion-b2/OmniVoice/results_b2_final_gs3p0/seedtts_en/common_voice_en_21722249-common_voice_en_21722264.wav	0.0	the remainder of the money went towards supporting his five sisters	the remainder of the money went towards supporting his five sisters	0	0	0
/opt/gpfs/users/shuai/work/block-conversion-b2/OmniVoice/results_b2_final_gs3p0/seedtts_en/common_voice_en_21742650-common_voice_en_21742652.wav	0.0	their traditional occupation was weaving	their traditional occupation was weaving	0	0	0
/opt/gpfs/users/shuai/work/block-conversion-b2/OmniVoice/results_b2_final_gs3p0/seedtts_en/common_voice_en_21742650-common_voice_en_21742653.wav	0.0	in new hampshire the governor has no term limit of any kind	in new hampshire the governor has no term limit of any kind	0	0	0
/opt/gpfs/users/shuai/work/block-conversion-b2/OmniVoice/results_b2_final_gs3p0/seedtts_en/common_voice_en_21762342-common_voice_en_21762343.wav	0.23076923076923078	houston's recording industry had become the center of texas r and b music	houston's recording industry had become the center of texas rb music	0	2	1
/opt/gpfs/users/shuai/work/block-conversion-b2/OmniVoice/results_b2_final_gs3p0/seedtts_en/common_voice_en_21777264-common_voice_en_21777262.wav	0.0	its county seats are manchester and nashua	its county seats are manchester and nashua	0	0	0
/opt/gpfs/users/shuai/work/block-conversion-b2/OmniVoice/results_b2_final_gs3p0/seedtts_en/common_voice_en_21777264-common_voice_en_21777266.wav	0.0	however the vanguard models are competitively priced with other makes and models	however the vanguard models are competitively priced with other makes and models	0	0	0
/opt/gpfs/users/shuai/work/block-conversion-b2/OmniVoice/results_b2_final_gs3p0/seedtts_en/common_voice_en_21802531-common_voice_en_21802534.wav	0.0	she learned that there was a talent search underway in tokyo	she learned that there was a talent search underway in tokyo	0	0	0
/opt/gpfs/users/shuai/work/block-conversion-b2/OmniVoice/results_b2_final_gs3p0/seedtts_en/common_voice_en_21802531-common_voice_en_21802562.wav	0.0	it was heavily marketed to iran but ultimately was not exported anywhere	it was heavily marketed to iran but ultimately was not exported anywhere	0	0	0
/opt/gpfs/users/shuai/work/block-conversion-b2/OmniVoice/results_b2_final_gs3p0/seedtts_en/common_voice_en_21851751-common_voice_en_21851745.wav	0.0	the final leg of the flight brought them to warsaw poland	the final leg of the flight brought them to warsaw poland	0	0	0
/opt/gpfs/users/shuai/work/block-conversion-b2/OmniVoice/results_b2_final_gs3p0/seedtts_en/common_voice_en_21851751-common_voice_en_21851747.wav	0.0	these two methods allow moisture to penetrate the tough outer casing stimulating germination	these two methods allow moisture to penetrate the tough outer casing stimulating germination	0	0	0
/opt/gpfs/users/shuai/work/block-conversion-b2/OmniVoice/results_b2_final_gs3p0/seedtts_en/common_voice_en_21851999-common_voice_en_21851998.wav	0.0	the medal is made of solid gold and is inscribed with the recipient's name	the medal is made of solid gold and is inscribed with the recipient's name	0	0	0
/opt/gpfs/users/shuai/work/block-conversion-b2/OmniVoice/results_b2_final_gs3p0/seedtts_en/common_voice_en_21851999-common_voice_en_21852000.wav	0.0	his literary career falls into two distinct sections	his literary career falls into two distinct sections	0	0	0
/opt/gpfs/users/shuai/work/block-conversion-b2/OmniVoice/results_b2_final_gs3p0/seedtts_en/common_voice_en_21869715-common_voice_en_21869717.wav	0.07692307692307693	compressed natural gas is a domestic energy produced in western parts of india	compressed natural gas is a domestic energy produced in western parts of india hmm	1	0	0
/opt/gpfs/users/shuai/work/block-conversion-b2/OmniVoice/results_b2_final_gs3p0/seedtts_en/common_voice_en_21869715-common_voice_en_21869718.wav	0.08333333333333333	producer arlene sherman has called bert everyone's idea of a blind date	producer arlene sherman has called bert everyone's idea of a blind date uh	1	0	0
/opt/gpfs/users/shuai/work/block-conversion-b2/OmniVoice/results_b2_final_gs3p0/seedtts_en/common_voice_en_21877403-common_voice_en_21877404.wav	0.0	the hollywood stock exchange is considered a good example of a prediction market	the hollywood stock exchange is considered a good example of a prediction market	0	0	0
/opt/gpfs/users/shuai/work/block-conversion-b2/OmniVoice/results_b2_final_gs3p0/seedtts_en/common_voice_en_21877403-common_voice_en_21877406.wav	0.0	she leaves abruptly during the meeting and is never seen again	she leaves abruptly during the meeting and is never seen again	0	0	0
/opt/gpfs/users/shuai/work/block-conversion-b2/OmniVoice/results_b2_final_gs3p0/seedtts_en/common_voice_en_22364189-common_voice_en_22364186.wav	0.0	as research continued the protective effect of fluoride against dental decay was demonstrated	as research continued the protective effect of fluoride against dental decay was demonstrated	0	0	0
/opt/gpfs/users/shuai/work/block-conversion-b2/OmniVoice/results_b2_final_gs3p0/seedtts_en/common_voice_en_22364189-common_voice_en_22364187.wav	0.0	they can share their visualizations then check their level of detail against the illustrations	they can share their visualizations then check their level of detail against the illustrations	0	0	0
/opt/gpfs/users/shuai/work/block-conversion-b2/OmniVoice/results_b2_final_gs3p0/seedtts_en/common_voice_en_22391641-common_voice_en_22391761.wav	0.07142857142857142	he has the ability to change his head by up to eight different types	he has the ability to change his head by up to 8 different types	0	0	1
/opt/gpfs/users/shuai/work/block-conversion-b2/OmniVoice/results_b2_final_gs3p0/seedtts_en/common_voice_en_22461617-common_voice_en_22461634.wav	0.0	on the advice of their attorneys the family declined	on the advice of their attorneys the family declined	0	0	0
/opt/gpfs/users/shuai/work/block-conversion-b2/OmniVoice/results_b2_final_gs3p0/seedtts_en/common_voice_en_22461617-common_voice_en_22461638.wav	0.0	secondly there is a difference between a major tone and a minor tone	secondly there is a difference between a major tone and a minor tone	0	0	0
/opt/gpfs/users/shuai/work/block-conversion-b2/OmniVoice/results_b2_final_gs3p0/seedtts_en/common_voice_en_22525318-common_voice_en_22525329.wav	0.0	he became a nationally known illustrator before he became an author	he became a nationally known illustrator before he became an author	0	0	0
/opt/gpfs/users/shuai/work/block-conversion-b2/OmniVoice/results_b2_final_gs3p0/seedtts_en/common_voice_en_22575787-common_voice_en_22575789.wav	0.0	very few agents represent short stories or poetry	very few agents represent short stories or poetry	0	0	0
/opt/gpfs/users/shuai/work/block-conversion-b2/OmniVoice/results_b2_final_gs3p0/seedtts_en/common_voice_en_22575787-common_voice_en_22575799.wav	0.1	the bridge is located southeast of the town of molde	the bridge is located southeast of the town of molding	0	0	1
/opt/gpfs/users/shuai/work/block-conversion-b2/OmniVoice/results_b2_final_gs3p0/seedtts_en/common_voice_en_22709462-common_voice_en_22709463.wav	0.0	over time the couple has four more children although william never warms to them	over time the couple has four more children although william never warms to them	0	0	0
/opt/gpfs/users/shuai/work/block-conversion-b2/OmniVoice/results_b2_final_gs3p0/seedtts_en/common_voice_en_22713724-common_voice_en_22713725.wav	0.0	since work done is force times distance mechanical power is force times speed	since work done is force times distance mechanical power is force times speed	0	0	0
/opt/gpfs/users/shuai/work/block-conversion-b2/OmniVoice/results_b2_final_gs3p0/seedtts_en/common_voice_en_22722937-common_voice_en_22722935.wav	0.0	its european headquarters is in waterloo belgium	its european headquarters is in waterloo belgium	0	0	0
/opt/gpfs/users/shuai/work/block-conversion-b2/OmniVoice/results_b2_final_gs3p0/seedtts_en/common_voice_en_22722937-common_voice_en_22722936.wav	0.0	this technique can be heard in his music for strings percussion and celesta	this technique can be heard in his music for strings percussion and celesta	0	0	0
/opt/gpfs/users/shuai/work/block-conversion-b2/OmniVoice/results_b2_final_gs3p0/seedtts_en/common_voice_en_22728555-common_voice_en_22728554.wav	0.0	he wouldn't aid them in the insurance process	he wouldn't aid them in the insurance process	0	0	0
/opt/gpfs/users/shuai/work/block-conversion-b2/OmniVoice/results_b2_final_gs3p0/seedtts_en/common_voice_en_22728555-common_voice_en_22728571.wav	0.0	in the grammars of many languages the two terms are used interchangeably	in the grammars of many languages the two terms are used interchangeably	0	0	0
/opt/gpfs/users/shuai/work/block-conversion-b2/OmniVoice/results_b2_final_gs3p0/seedtts_en/common_voice_en_22763534-common_voice_en_22763535.wav	0.0	most of the district residents are both poor and rural	most of the district residents are both poor and rural	0	0	0
/opt/gpfs/users/shuai/work/block-conversion-b2/OmniVoice/results_b2_final_gs3p0/seedtts_en/common_voice_en_22763534-common_voice_en_22763537.wav	0.0	the original station was then closed demolished and its site redeveloped	the original station was then closed demolished and its site redeveloped	0	0	0
/opt/gpfs/users/shuai/work/block-conversion-b2/OmniVoice/results_b2_final_gs3p0/seedtts_en/common_voice_en_22768238-common_voice_en_22768240.wav	0.0	competence focuses on his or her expertise or knowledge in a subject matter	competence focuses on his or her expertise or knowledge in a subject matter	0	0	0
/opt/gpfs/users/shuai/work/block-conversion-b2/OmniVoice/results_b2_final_gs3p0/seedtts_en/common_voice_en_22768238-common_voice_en_22768242.wav	0.0	he later transferred to the united states army air corps	he later transferred to the united states army air corps	0	0	0
/opt/gpfs/users/shuai/work/block-conversion-b2/OmniVoice/results_b2_final_gs3p0/seedtts_en/common_voice_en_22771349-common_voice_en_22771350.wav	0.0	they can also hike to the panorama restaurant at the top of the mountain	they can also hike to the panorama restaurant at the top of the mountain	0	0	0
/opt/gpfs/users/shuai/work/block-conversion-b2/OmniVoice/results_b2_final_gs3p0/seedtts_en/common_voice_en_22771349-common_voice_en_22771352.wav	0.0	the union urgently needed new revenue	the union urgently needed new revenue	0	0	0
/opt/gpfs/users/shuai/work/block-conversion-b2/OmniVoice/results_b2_final_gs3p0/seedtts_en/common_voice_en_22776566-common_voice_en_22776570.wav	0.0	it would be four years before the project's operations were ready to begin	it would be four years before the project's operations were ready to begin	0	0	0
/opt/gpfs/users/shuai/work/block-conversion-b2/OmniVoice/results_b2_final_gs3p0/seedtts_en/common_voice_en_22777850-common_voice_en_22777852.wav	0.0	these latter after being released into the plasma can be excreted in the urine	these latter after being released into the plasma can be excreted in the urine	0	0	0
/opt/gpfs/users/shuai/work/block-conversion-b2/OmniVoice/results_b2_final_gs3p0/seedtts_en/common_voice_en_22777850-common_voice_en_22777868.wav	0.16666666666666666	he was known as roaring bill	he was known as roaring bill oh	1	0	0
/opt/gpfs/users/shuai/work/block-conversion-b2/OmniVoice/results_b2_final_gs3p0/seedtts_en/common_voice_en_22779827-common_voice_en_22779829.wav	0.0	the tail is either very short or docked in the united states	the tail is either very short or docked in the united states	0	0	0
/opt/gpfs/users/shuai/work/block-conversion-b2/OmniVoice/results_b2_final_gs3p0/seedtts_en/common_voice_en_22793454-common_voice_en_22793457.wav	0.0	this strict selection process is partly why many judges do not have law clerks	this strict selection process is partly why many judges do not have law clerks	0	0	0
/opt/gpfs/users/shuai/work/block-conversion-b2/OmniVoice/results_b2_final_gs3p0/seedtts_en/common_voice_en_22793454-common_voice_en_22793458.wav	0.0	after this album was released steve roach embarked on a second trip to australia	after this album was released steve roach embarked on a second trip to australia	0	0	0
/opt/gpfs/users/shuai/work/block-conversion-b2/OmniVoice/results_b2_final_gs3p0/seedtts_en/common_voice_en_22810002-common_voice_en_22810003.wav	0.0	after two or three months of trying he was forced to admit defeat	after two or three months of trying he was forced to admit defeat	0	0	0
/opt/gpfs/users/shuai/work/block-conversion-b2/OmniVoice/results_b2_final_gs3p0/seedtts_en/common_voice_en_22810002-common_voice_en_22810004.wav	0.0	they killed four students and one teacher and injured ten persons	they killed four students and one teacher and injured ten persons	0	0	0
/opt/gpfs/users/shuai/work/block-conversion-b2/OmniVoice/results_b2_final_gs3p0/seedtts_en/common_voice_en_22839883-common_voice_en_22839889.wav	0.1	the evidence against strafford was weak and the impeachment failed	the evidence against trafford was weak and the impeachment failed	0	0	1
/opt/gpfs/users/shuai/work/block-conversion-b2/OmniVoice/results_b2_final_gs3p0/seedtts_en/common_voice_en_22925816-common_voice_en_22925815.wav	0.0	the smoking pipe shape was designed to increase the quantity of available ink	the smoking pipe shape was designed to increase the quantity of available ink	0	0	0
/opt/gpfs/users/shuai/work/block-conversion-b2/OmniVoice/results_b2_final_gs3p0/seedtts_en/common_voice_en_22925816-common_voice_en_22925817.wav	0.0	the heart of the campus has a number of historic buildings	the heart of the campus has a number of historic buildings	0	0	0
/opt/gpfs/users/shuai/work/block-conversion-b2/OmniVoice/results_b2_final_gs3p0/seedtts_en/common_voice_en_22940721-common_voice_en_22940719.wav	0.0	some transferred the conclusion to ibsen his translators and his director	some transferred the conclusion to ibsen his translators and his director	0	0	0
/opt/gpfs/users/shuai/work/block-conversion-b2/OmniVoice/results_b2_final_gs3p0/seedtts_en/common_voice_en_22941073-common_voice_en_22941074.wav	0.125	institute studies all aspects of autism spectrum disorder	institute studies all aspects of autism spectrum disorder aw	1	0	0
/opt/gpfs/users/shuai/work/block-conversion-b2/OmniVoice/results_b2_final_gs3p0/seedtts_en/common_voice_en_22941073-common_voice_en_22941090.wav	0.0	persecution of samaritans was common in the following centuries	persecution of samaritans was common in the following centuries	0	0	0
/opt/gpfs/users/shuai/work/block-conversion-b2/OmniVoice/results_b2_final_gs3p0/seedtts_en/common_voice_en_22972881-common_voice_en_22972879.wav	0.0	almost all major parties had a woman elected	almost all major parties had a woman elected	0	0	0
/opt/gpfs/users/shuai/work/block-conversion-b2/OmniVoice/results_b2_final_gs3p0/seedtts_en/common_voice_en_22972881-common_voice_en_22972884.wav	0.0	we're too much the ideal bad examples	we're too much the ideal bad examples	0	0	0
/opt/gpfs/users/shuai/work/block-conversion-b2/OmniVoice/results_b2_final_gs3p0/seedtts_en/common_voice_en_23176027-common_voice_en_23176029.wav	0.25	they then applied the defined solarisation curve to real time video images	they then applied the defined solarization curve to realtime video images	0	1	2
/opt/gpfs/users/shuai/work/block-conversion-b2/OmniVoice/results_b2_final_gs3p0/seedtts_en/common_voice_en_23252329-common_voice_en_23252333.wav	0.0	each peak is replaced by a trough and vice versa	each peak is replaced by a trough and vice versa	0	0	0
/opt/gpfs/users/shuai/work/block-conversion-b2/OmniVoice/results_b2_final_gs3p0/seedtts_en/common_voice_en_23252329-common_voice_en_23252335.wav	0.0	it is the only original song on the soundtrack	it is the only original song on the soundtrack	0	0	0
/opt/gpfs/users/shuai/work/block-conversion-b2/OmniVoice/results_b2_final_gs3p0/seedtts_en/common_voice_en_23305810-common_voice_en_23305815.wav	0.0	guerrero is a permanent resident of the united states	guerrero is a permanent resident of the united states	0	0	0
/opt/gpfs/users/shuai/work/block-conversion-b2/OmniVoice/results_b2_final_gs3p0/seedtts_en/common_voice_en_2331-common_voice_en_2330.wav	0.16666666666666666	her old man was doc mitchell	our old man was doc mitchell	0	0	1
/opt/gpfs/users/shuai/work/block-conversion-b2/OmniVoice/results_b2_final_gs3p0/seedtts_en/common_voice_en_2331-common_voice_en_2332.wav	0.0	it isn't the money	it isn't the money	0	0	0
/opt/gpfs/users/shuai/work/block-conversion-b2/OmniVoice/results_b2_final_gs3p0/seedtts_en/common_voice_en_23316948-common_voice_en_23316944.wav	0.125	smith was a fellow of the british academy	smith was a fellow of the british academy oh	1	0	0
/opt/gpfs/users/shuai/work/block-conversion-b2/OmniVoice/results_b2_final_gs3p0/seedtts_en/common_voice_en_23316948-common_voice_en_23316945.wav	0.0	this receptiveness to risk signals is a powerful and virtually universal survival mechanism	this receptiveness to risk signals is a powerful and virtually universal survival mechanism	0	0	0
/opt/gpfs/users/shuai/work/block-conversion-b2/OmniVoice/results_b2_final_gs3p0/seedtts_en/common_voice_en_23374825-common_voice_en_23374821.wav	0.14285714285714285	the cause of the collapse remains unknown	the cause of the collapse remains unknown ah	1	0	0
/opt/gpfs/users/shuai/work/block-conversion-b2/OmniVoice/results_b2_final_gs3p0/seedtts_en/common_voice_en_23381412-common_voice_en_23381413.wav	0.0	after taking israeli citizenship the couple adopted hebrew names adam and aviva eden	after taking israeli citizenship the couple adopted hebrew names adam and aviva eden	0	0	0
/opt/gpfs/users/shuai/work/block-conversion-b2/OmniVoice/results_b2_final_gs3p0/seedtts_en/common_voice_en_23381412-common_voice_en_23381414.wav	0.0	chambliss served his time in a prison near montgomery alabama	chambliss served his time in a prison near montgomery alabama	0	0	0
/opt/gpfs/users/shuai/work/block-conversion-b2/OmniVoice/results_b2_final_gs3p0/seedtts_en/common_voice_en_23589975-common_voice_en_23589976.wav	0.08333333333333333	finally lumping groups of one's own pieces together is usually poor strategy	finally lumping groups of one's own pieces together is usually poor strategy ah	1	0	0
/opt/gpfs/users/shuai/work/block-conversion-b2/OmniVoice/results_b2_final_gs3p0/seedtts_en/common_voice_en_23601048-common_voice_en_23601051.wav	0.0	the region's climate and soils favored commodity agriculture over industrial development	the region's climate and soils favored commodity agriculture over industrial development	0	0	0
/opt/gpfs/users/shuai/work/block-conversion-b2/OmniVoice/results_b2_final_gs3p0/seedtts_en/common_voice_en_23606989-common_voice_en_23606990.wav	0.0	many reviewers complained of painful and frustrating physiological symptoms when playing the virtual boy	many reviewers complained of painful and frustrating physiological symptoms when playing the virtual boy	0	0	0
/opt/gpfs/users/shuai/work/block-conversion-b2/OmniVoice/results_b2_final_gs3p0/seedtts_en/common_voice_en_23607947-common_voice_en_23607949.wav	0.0	there is an active market for its old rare issues	there is an active market for its old rare issues	0	0	0
/opt/gpfs/users/shuai/work/block-conversion-b2/OmniVoice/results_b2_final_gs3p0/seedtts_en/common_voice_en_23618179-common_voice_en_23618177.wav	0.0	the groupings listed here are from the new zealand society	the groupings listed here are from the new zealand society	0	0	0
/opt/gpfs/users/shuai/work/block-conversion-b2/OmniVoice/results_b2_final_gs3p0/seedtts_en/common_voice_en_23618179-common_voice_en_23618180.wav	0.0	with the movie unfinished the album was instead promoted in conjunction with the tour	with the movie unfinished the album was instead promoted in conjunction with the tour	0	0	0
/opt/gpfs/users/shuai/work/block-conversion-b2/OmniVoice/results_b2_final_gs3p0/seedtts_en/common_voice_en_23621347-common_voice_en_23621349.wav	0.0	according to catholic missionaries george remained until his death a faithful catholic	according to catholic missionaries george remained until his death a faithful catholic	0	0	0
/opt/gpfs/users/shuai/work/block-conversion-b2/OmniVoice/results_b2_final_gs3p0/seedtts_en/common_voice_en_23639587-common_voice_en_23639589.wav	0.0	it produces clusters of clear pink double blossoms	it produces clusters of clear pink double blossoms	0	0	0
/opt/gpfs/users/shuai/work/block-conversion-b2/OmniVoice/results_b2_final_gs3p0/seedtts_en/common_voice_en_23640041-common_voice_en_23640040.wav	0.0	auxiliary bishops are titular bishops of sees that no longer exist	auxiliary bishops are titular bishops of sees that no longer exist	0	0	0
/opt/gpfs/users/shuai/work/block-conversion-b2/OmniVoice/results_b2_final_gs3p0/seedtts_en/common_voice_en_23640041-common_voice_en_23640043.wav	0.1111111111111111	there stood the apparatus the experiments arranged and waiting	there stood the apparatus the experiments arranged and waited	0	0	1
/opt/gpfs/users/shuai/work/block-conversion-b2/OmniVoice/results_b2_final_gs3p0/seedtts_en/common_voice_en_23650405-common_voice_en_23650404.wav	0.1111111111111111	unlike the sedans the convertibles were assembled in mexico	unlike the sedans the convertibles were assembled in mexico oh	1	0	0
/opt/gpfs/users/shuai/work/block-conversion-b2/OmniVoice/results_b2_final_gs3p0/seedtts_en/common_voice_en_23650405-common_voice_en_23650406.wav	0.0	discussion groups and public meetings were also begun early on	discussion groups and public meetings were also begun early on	0	0	0
/opt/gpfs/users/shuai/work/block-conversion-b2/OmniVoice/results_b2_final_gs3p0/seedtts_en/common_voice_en_23699312-common_voice_en_23699314.wav	0.2	construction requires study and observation	construction requires study and observation hmm	1	0	0
/opt/gpfs/users/shuai/work/block-conversion-b2/OmniVoice/results_b2_final_gs3p0/seedtts_en/common_voice_en_23700044-common_voice_en_23700043.wav	0.0	jean tells marie his father died the night she left without him	jean tells marie his father died the night she left without him	0	0	0
/opt/gpfs/users/shuai/work/block-conversion-b2/OmniVoice/results_b2_final_gs3p0/seedtts_en/common_voice_en_23700044-common_voice_en_23700045.wav	0.0	staffing a response is always full of problems in a civil defense emergency	staffing a response is always full of problems in a civil defense emergency	0	0	0
/opt/gpfs/users/shuai/work/block-conversion-b2/OmniVoice/results_b2_final_gs3p0/seedtts_en/common_voice_en_23718813-common_voice_en_23718811.wav	0.0	the film was not a success at the box office	the film was not a success at the box office	0	0	0
/opt/gpfs/users/shuai/work/block-conversion-b2/OmniVoice/results_b2_final_gs3p0/seedtts_en/common_voice_en_23718813-common_voice_en_23718814.wav	0.0	the silty bottom of the gulf also contributes to the high turbidity	the silty bottom of the gulf also contributes to the high turbidity	0	0	0
/opt/gpfs/users/shuai/work/block-conversion-b2/OmniVoice/results_b2_final_gs3p0/seedtts_en/common_voice_en_23726733-common_voice_en_23726734.wav	0.1111111111111111	she was also a full partner in his espionage	she was also a full partner in his espionage oh	1	0	0
/opt/gpfs/users/shuai/work/block-conversion-b2/OmniVoice/results_b2_final_gs3p0/seedtts_en/common_voice_en_23728823-common_voice_en_23728826.wav	0.0	only the last two seasons were in rotation on both channels in later years	only the last two seasons were in rotation on both channels in later years	0	0	0
/opt/gpfs/users/shuai/work/block-conversion-b2/OmniVoice/results_b2_final_gs3p0/seedtts_en/common_voice_en_23728823-common_voice_en_23728827.wav	0.0	some large firms or specialized jobs require a master's degree	some large firms or specialized jobs require a master's degree	0	0	0
/opt/gpfs/users/shuai/work/block-conversion-b2/OmniVoice/results_b2_final_gs3p0/seedtts_en/common_voice_en_23729047-common_voice_en_23729050.wav	0.1	it may be the origin of the english verb irk	it may be the origin of the english verb irk oh	1	0	0
/opt/gpfs/users/shuai/work/block-conversion-b2/OmniVoice/results_b2_final_gs3p0/seedtts_en/common_voice_en_23729047-common_voice_en_23729051.wav	0.0	anubis plans to destroy abydos but daniel appears and demands that anubis stop	anubis plans to destroy abydos but daniel appears and demands that anubis stop	0	0	0
/opt/gpfs/users/shuai/work/block-conversion-b2/OmniVoice/results_b2_final_gs3p0/seedtts_en/common_voice_en_23733663-common_voice_en_23733664.wav	0.0	it has many exotic plants	it has many exotic plants	0	0	0
/opt/gpfs/users/shuai/work/block-conversion-b2/OmniVoice/results_b2_final_gs3p0/seedtts_en/common_voice_en_23733663-common_voice_en_23733666.wav	0.07692307692307693	it was a mighty risk but against it was an absolute black certainty	it was a mighty risk but against it was an absolute black certainty ah	1	0	0
/opt/gpfs/users/shuai/work/block-conversion-b2/OmniVoice/results_b2_final_gs3p0/seedtts_en/common_voice_en_23750957-common_voice_en_23750960.wav	0.0	a rough correspondence between the awards of the two systems is shown below	a rough correspondence between the awards of the two systems is shown below	0	0	0
/opt/gpfs/users/shuai/work/block-conversion-b2/OmniVoice/results_b2_final_gs3p0/seedtts_en/common_voice_en_23750957-common_voice_en_23774578.wav	0.09090909090909091	in mexico the term onza refers to more than one species	in mexico the term onza refers to more than one species ah	1	0	0
/opt/gpfs/users/shuai/work/block-conversion-b2/OmniVoice/results_b2_final_gs3p0/seedtts_en/common_voice_en_23763831-common_voice_en_23763836.wav	0.0	while at cambridge he also gained experience in using the telegraph	while at cambridge he also gained experience in using the telegraph	0	0	0
/opt/gpfs/users/shuai/work/block-conversion-b2/OmniVoice/results_b2_final_gs3p0/seedtts_en/common_voice_en_23763831-common_voice_en_23763838.wav	0.15384615384615385	the forehead and throat are black the back of the head is grey	the forehead and throat are black the back of the head is gray ah	1	0	1
/opt/gpfs/users/shuai/work/block-conversion-b2/OmniVoice/results_b2_final_gs3p0/seedtts_en/common_voice_en_23771355-common_voice_en_23771359.wav	0.0	he continued to travel and write supporting himself by flying airplanes	he continued to travel and write supporting himself by flying airplanes	0	0	0
/opt/gpfs/users/shuai/work/block-conversion-b2/OmniVoice/results_b2_final_gs3p0/seedtts_en/common_voice_en_23786332-common_voice_en_23786333.wav	0.0	the other type of stories includes historical accounts and news or informational stories	the other type of stories includes historical accounts and news or informational stories	0	0	0
/opt/gpfs/users/shuai/work/block-conversion-b2/OmniVoice/results_b2_final_gs3p0/seedtts_en/common_voice_en_23804758-common_voice_en_23804761.wav	0.09090909090909091	later he expelled the jews of strassburg after a community debate	later he expelled the jews of strasbourg after a community debate	0	0	1
/opt/gpfs/users/shuai/work/block-conversion-b2/OmniVoice/results_b2_final_gs3p0/seedtts_en/common_voice_en_23804758-common_voice_en_23804770.wav	0.0	his sentence was suspended when he joined the commandos	his sentence was suspended when he joined the commandos	0	0	0
/opt/gpfs/users/shuai/work/block-conversion-b2/OmniVoice/results_b2_final_gs3p0/seedtts_en/common_voice_en_23809069-common_voice_en_23809073.wav	0.0	also that year he collaborated with evan dando on a new lemonheads album	also that year he collaborated with evan dando on a new lemonheads album	0	0	0
/opt/gpfs/users/shuai/work/block-conversion-b2/OmniVoice/results_b2_final_gs3p0/seedtts_en/common_voice_en_23809069-common_voice_en_23809074.wav	0.0	the review somehow limped on buoyed up by a narrow but devoted subscription base	the review somehow limped on buoyed up by a narrow but devoted subscription base	0	0	0
/opt/gpfs/users/shuai/work/block-conversion-b2/OmniVoice/results_b2_final_gs3p0/seedtts_en/common_voice_en_23815833-common_voice_en_23815835.wav	0.0	however the music from the former anthem was retained	however the music from the former anthem was retained	0	0	0
/opt/gpfs/users/shuai/work/block-conversion-b2/OmniVoice/results_b2_final_gs3p0/seedtts_en/common_voice_en_23843606-common_voice_en_23843609.wav	0.0	she is married to musician beck another scientologist	she is married to musician beck another scientologist	0	0	0
/opt/gpfs/users/shuai/work/block-conversion-b2/OmniVoice/results_b2_final_gs3p0/seedtts_en/common_voice_en_23851540-common_voice_en_23851542.wav	0.0	the extension is dependent on some club options and performance triggers	the extension is dependent on some club options and performance triggers	0	0	0
/opt/gpfs/users/shuai/work/block-conversion-b2/OmniVoice/results_b2_final_gs3p0/seedtts_en/common_voice_en_23954802-common_voice_en_23954801.wav	0.0	the first chapter was published in the new york times and is accessible online	the first chapter was published in the new york times and is accessible online	0	0	0
/opt/gpfs/users/shuai/work/block-conversion-b2/OmniVoice/results_b2_final_gs3p0/seedtts_en/common_voice_en_23962172-common_voice_en_23962173.wav	0.07692307692307693	he was educated at queens' college cambridge where he read english with french	he was educated at queens college cambridge where he read english with french	0	0	1
/opt/gpfs/users/shuai/work/block-conversion-b2/OmniVoice/results_b2_final_gs3p0/seedtts_en/common_voice_en_23963776-common_voice_en_23963775.wav	0.14285714285714285	the screenplay was written by howard barker	the screenplay was written by howard barker oh	1	0	0
/opt/gpfs/users/shuai/work/block-conversion-b2/OmniVoice/results_b2_final_gs3p0/seedtts_en/common_voice_en_23963776-common_voice_en_23963795.wav	0.0	the city is the county seat of spencer county	the city is the county seat of spencer county	0	0	0
/opt/gpfs/users/shuai/work/block-conversion-b2/OmniVoice/results_b2_final_gs3p0/seedtts_en/common_voice_en_23976710-common_voice_en_23976707.wav	0.21428571428571427	the style of the seven valleys is highly poetic though not composed in verse	the style of the seven valleys is highly poetic though not composed in verse the seven valleys	3	0	0
/opt/gpfs/users/shuai/work/block-conversion-b2/OmniVoice/results_b2_final_gs3p0/seedtts_en/common_voice_en_23976710-common_voice_en_23976708.wav	0.0	it is commonly used as a pejorative term for ethnic ukrainians	it is commonly used as a pejorative term for ethnic ukrainians	0	0	0
/opt/gpfs/users/shuai/work/block-conversion-b2/OmniVoice/results_b2_final_gs3p0/seedtts_en/common_voice_en_23982302-common_voice_en_23982305.wav	0.0	two theories abound to the origin of the name	two theories abound to the origin of the name	0	0	0
/opt/gpfs/users/shuai/work/block-conversion-b2/OmniVoice/results_b2_final_gs3p0/seedtts_en/common_voice_en_23998981-common_voice_en_23998980.wav	0.0	however there were no widespread reforms of the common law	however there were no widespread reforms of the common law	0	0	0
/opt/gpfs/users/shuai/work/block-conversion-b2/OmniVoice/results_b2_final_gs3p0/seedtts_en/common_voice_en_23998981-common_voice_en_23998983.wav	0.0	one example still exists	one example still exists	0	0	0
/opt/gpfs/users/shuai/work/block-conversion-b2/OmniVoice/results_b2_final_gs3p0/seedtts_en/common_voice_en_24009789-common_voice_en_24009790.wav	0.0	justin has the plane drop him off at the place where tessa died	justin has the plane drop him off at the place where tessa died	0	0	0
/opt/gpfs/users/shuai/work/block-conversion-b2/OmniVoice/results_b2_final_gs3p0/seedtts_en/common_voice_en_24009789-common_voice_en_24009791.wav	0.0	he was quite active in management though his ideas were not always determinative	he was quite active in management though his ideas were not always determinative	0	0	0
/opt/gpfs/users/shuai/work/block-conversion-b2/OmniVoice/results_b2_final_gs3p0/seedtts_en/common_voice_en_24015114-common_voice_en_24015142.wav	0.0	each point has a financial value that is based on each quarter's financial performance	each point has a financial value that is based on each quarter's financial performance	0	0	0
/opt/gpfs/users/shuai/work/block-conversion-b2/OmniVoice/results_b2_final_gs3p0/seedtts_en/common_voice_en_24015114-common_voice_en_24015144.wav	0.07692307692307693	the term 'orthorexia' only applies when an eating disorder develops around that theory	the term orthorexia only applies when an eating disorder develops around that theory	0	0	1
/opt/gpfs/users/shuai/work/block-conversion-b2/OmniVoice/results_b2_final_gs3p0/seedtts_en/common_voice_en_24015547-common_voice_en_24015544.wav	0.0	he is a good player and deserves a chance at this level	he is a good player and deserves a chance at this level	0	0	0
/opt/gpfs/users/shuai/work/block-conversion-b2/OmniVoice/results_b2_final_gs3p0/seedtts_en/common_voice_en_24015547-common_voice_en_24015546.wav	0.0	her mother has died as has her older brother ernest	her mother has died as has her older brother ernest	0	0	0
/opt/gpfs/users/shuai/work/block-conversion-b2/OmniVoice/results_b2_final_gs3p0/seedtts_en/common_voice_en_24356884-common_voice_en_24356917.wav	0.09090909090909091	however a player may purchase as many contestants as they desire	however a player may purchase as many contestants as they desire uh	1	0	0
/opt/gpfs/users/shuai/work/block-conversion-b2/OmniVoice/results_b2_final_gs3p0/seedtts_en/common_voice_en_24356884-common_voice_en_24356920.wav	0.0	services rendered to the union by marines under harris were varied and many	services rendered to the union by marines under harris were varied and many	0	0	0
/opt/gpfs/users/shuai/work/block-conversion-b2/OmniVoice/results_b2_final_gs3p0/seedtts_en/common_voice_en_24423943-common_voice_en_24423942.wav	0.0	the schools are composed of departments and teaching sections	the schools are composed of departments and teaching sections	0	0	0
/opt/gpfs/users/shuai/work/block-conversion-b2/OmniVoice/results_b2_final_gs3p0/seedtts_en/common_voice_en_24423943-common_voice_en_24423945.wav	0.0	it features three unique paths to select influencing story development gameplay and puzzles	it features three unique paths to select influencing story development gameplay and puzzles	0	0	0
/opt/gpfs/users/shuai/work/block-conversion-b2/OmniVoice/results_b2_final_gs3p0/seedtts_en/common_voice_en_24504889-common_voice_en_24504891.wav	0.0	for the full history see list of southern conference men's basketball champions	for the full history see list of southern conference men's basketball champions	0	0	0
/opt/gpfs/users/shuai/work/block-conversion-b2/OmniVoice/results_b2_final_gs3p0/seedtts_en/common_voice_en_24504889-common_voice_en_24504894.wav	0.0	it is so named because it was designed and implemented at dartmouth college	it is so named because it was designed and implemented at dartmouth college	0	0	0
/opt/gpfs/users/shuai/work/block-conversion-b2/OmniVoice/results_b2_final_gs3p0/seedtts_en/common_voice_en_24518104-common_voice_en_24518109.wav	0.0	after the war he ran his own barber's shop	after the war he ran his own barber's shop	0	0	0
/opt/gpfs/users/shuai/work/block-conversion-b2/OmniVoice/results_b2_final_gs3p0/seedtts_en/common_voice_en_24518104-common_voice_en_24518111.wav	0.09090909090909091	the absence of 'a' waves may be seen in atrial fibrillation	the absence of a waves may be seen in atrial fibrillation	0	0	1
/opt/gpfs/users/shuai/work/block-conversion-b2/OmniVoice/results_b2_final_gs3p0/seedtts_en/common_voice_en_24523505-common_voice_en_24523504.wav	0.0	this type of mount is used in transit telescopes designed for precision astronomical measurement	this type of mount is used in transit telescopes designed for precision astronomical measurement	0	0	0
/opt/gpfs/users/shuai/work/block-conversion-b2/OmniVoice/results_b2_final_gs3p0/seedtts_en/common_voice_en_24523505-common_voice_en_24523506.wav	0.0	the beam was bent down perpendicular to the magnetic field	the beam was bent down perpendicular to the magnetic field	0	0	0
/opt/gpfs/users/shuai/work/block-conversion-b2/OmniVoice/results_b2_final_gs3p0/seedtts_en/common_voice_en_24567654-common_voice_en_24567652.wav	0.09090909090909091	for citizens of rural india hypergamy is an opportunity to modernize	for citizens of rural india hypergamy is an opportunity to modernize the	1	0	0
/opt/gpfs/users/shuai/work/block-conversion-b2/OmniVoice/results_b2_final_gs3p0/seedtts_en/common_voice_en_24567654-common_voice_en_24567661.wav	0.1	to this smith called for removal of the papago people	to this smith called for removal of the papago people hmm	1	0	0
/opt/gpfs/users/shuai/work/block-conversion-b2/OmniVoice/results_b2_final_gs3p0/seedtts_en/common_voice_en_24605843-common_voice_en_24605841.wav	0.0	he went on to lose the general election to hefner	he went on to lose the general election to hefner	0	0	0
/opt/gpfs/users/shuai/work/block-conversion-b2/OmniVoice/results_b2_final_gs3p0/seedtts_en/common_voice_en_24605843-common_voice_en_24605845.wav	0.0	his parents were the comedy double act callan and emery	his parents were the comedy double act callan and emery	0	0	0
/opt/gpfs/users/shuai/work/block-conversion-b2/OmniVoice/results_b2_final_gs3p0/seedtts_en/common_voice_en_24681934-common_voice_en_24681933.wav	0.0	this applies more as the network density increases	this applies more as the network density increases	0	0	0
/opt/gpfs/users/shuai/work/block-conversion-b2/OmniVoice/results_b2_final_gs3p0/seedtts_en/common_voice_en_24681934-common_voice_en_24681937.wav	0.0	the airport's abingdon plantation historical site is near the station	the airport's abingdon plantation historical site is near the station	0	0	0
/opt/gpfs/users/shuai/work/block-conversion-b2/OmniVoice/results_b2_final_gs3p0/seedtts_en/common_voice_en_24814747-common_voice_en_24814749.wav	0.0	ross also wrote a novelization of the theatrical film house of dark shadows	ross also wrote a novelization of the theatrical film house of dark shadows	0	0	0
/opt/gpfs/users/shuai/work/block-conversion-b2/OmniVoice/results_b2_final_gs3p0/seedtts_en/common_voice_en_24819370-common_voice_en_24819368.wav	0.0	it was also ranked the worst performing vehicle	it was also ranked the worst performing vehicle	0	0	0
/opt/gpfs/users/shuai/work/block-conversion-b2/OmniVoice/results_b2_final_gs3p0/seedtts_en/common_voice_en_24837486-common_voice_en_24837489.wav	0.0	the concept of the piece was to make an orchestra speak	the concept of the piece was to make an orchestra speak	0	0	0
/opt/gpfs/users/shuai/work/block-conversion-b2/OmniVoice/results_b2_final_gs3p0/seedtts_en/common_voice_en_24912752-common_voice_en_24912751.wav	0.0	for this particular purpose we choose the virtual force system in fig	for this particular purpose we choose the virtual force system in fig	0	0	0
/opt/gpfs/users/shuai/work/block-conversion-b2/OmniVoice/results_b2_final_gs3p0/seedtts_en/common_voice_en_24912752-common_voice_en_24913161.wav	0.0	these drawings are usually outline drawings that are quite expressionless and somber in appearance	these drawings are usually outline drawings that are quite expressionless and somber in appearance	0	0	0
/opt/gpfs/users/shuai/work/block-conversion-b2/OmniVoice/results_b2_final_gs3p0/seedtts_en/common_voice_en_24985801-common_voice_en_24985800.wav	0.07142857142857142	zee has continued to perform with new order on all their successive studio albums	z has continued to perform with new order on all their successive studio albums	0	0	1
/opt/gpfs/users/shuai/work/block-conversion-b2/OmniVoice/results_b2_final_gs3p0/seedtts_en/common_voice_en_24985801-common_voice_en_24985802.wav	0.0	errors from the model and adding accumulate which eventually subtracted from the initial value	errors from the model and adding accumulate which eventually subtracted from the initial value	0	0	0
/opt/gpfs/users/shuai/work/block-conversion-b2/OmniVoice/results_b2_final_gs3p0/seedtts_en/common_voice_en_24988318-common_voice_en_24988314.wav	0.0	the canton consists of a mayor and five council members	the canton consists of a mayor and five council members	0	0	0
/opt/gpfs/users/shuai/work/block-conversion-b2/OmniVoice/results_b2_final_gs3p0/seedtts_en/common_voice_en_24988318-common_voice_en_24988361.wav	0.0	it had a lower rate of fire and was used as a siege engine	it had a lower rate of fire and was used as a siege engine	0	0	0
/opt/gpfs/users/shuai/work/block-conversion-b2/OmniVoice/results_b2_final_gs3p0/seedtts_en/common_voice_en_24989570-common_voice_en_24989571.wav	0.0	however this time it was directly headed by the russian ambassador	however this time it was directly headed by the russian ambassador	0	0	0
/opt/gpfs/users/shuai/work/block-conversion-b2/OmniVoice/results_b2_final_gs3p0/seedtts_en/common_voice_en_24989570-common_voice_en_24989573.wav	0.08333333333333333	it was a major player in the introduction of the meiji restoration	it was a major player in the introduction of the meiji restoration ah	1	0	0
/opt/gpfs/users/shuai/work/block-conversion-b2/OmniVoice/results_b2_final_gs3p0/seedtts_en/common_voice_en_25014861-common_voice_en_25014862.wav	0.0	changes to diet and nutritional supplements may help some patients	changes to diet and nutritional supplements may help some patients	0	0	0
/opt/gpfs/users/shuai/work/block-conversion-b2/OmniVoice/results_b2_final_gs3p0/seedtts_en/common_voice_en_25014861-common_voice_en_25014863.wav	0.0	more visible enforcement of traffic regulations on motorists bicyclists and pedestrians has commenced	more visible enforcement of traffic regulations on motorists bicyclists and pedestrians has commenced	0	0	0
/opt/gpfs/users/shuai/work/block-conversion-b2/OmniVoice/results_b2_final_gs3p0/seedtts_en/common_voice_en_25024571-common_voice_en_25024570.wav	0.0	the regiment fought successfully against the cherokees	the regiment fought successfully against the cherokees	0	0	0
/opt/gpfs/users/shuai/work/block-conversion-b2/OmniVoice/results_b2_final_gs3p0/seedtts_en/common_voice_en_25024571-common_voice_en_25024574.wav	0.0	some of these include the sambar wild boar south china rabbit and badger	some of these include the sambar wild boar south china rabbit and badger	0	0	0
/opt/gpfs/users/shuai/work/block-conversion-b2/OmniVoice/results_b2_final_gs3p0/seedtts_en/common_voice_en_25035745-common_voice_en_25035744.wav	0.0	it will be the jolliest piece i have ever done especially the last movement	it will be the jolliest piece i have ever done especially the last movement	0	0	0
/opt/gpfs/users/shuai/work/block-conversion-b2/OmniVoice/results_b2_final_gs3p0/seedtts_en/common_voice_en_25035745-common_voice_en_25035747.wav	0.0	she was a cosponsor of the employee free choice act	she was a cosponsor of the employee free choice act	0	0	0
/opt/gpfs/users/shuai/work/block-conversion-b2/OmniVoice/results_b2_final_gs3p0/seedtts_en/common_voice_en_25127181-common_voice_en_25127184.wav	0.0	the style changes very quickly when executed	the style changes very quickly when executed	0	0	0
/opt/gpfs/users/shuai/work/block-conversion-b2/OmniVoice/results_b2_final_gs3p0/seedtts_en/common_voice_en_25186585-common_voice_en_25186583.wav	0.07142857142857142	the elevator shaft opens to a destroyed victorian house in a similarly destroyed city	the elevator shaft opens to a destroyed victorian house in a similarly destroyed	0	1	0
/opt/gpfs/users/shuai/work/block-conversion-b2/OmniVoice/results_b2_final_gs3p0/seedtts_en/common_voice_en_25186585-common_voice_en_25186586.wav	0.0	they also have souls and the need to be loved and protected	they also have souls and the need to be loved and protected	0	0	0
/opt/gpfs/users/shuai/work/block-conversion-b2/OmniVoice/results_b2_final_gs3p0/seedtts_en/common_voice_en_25190404-common_voice_en_25190406.wav	0.08333333333333333	the family seat was westport house near westport county mayo in ireland	the family seat was westport house near westport county mayo in ireland uh	1	0	0
/opt/gpfs/users/shuai/work/block-conversion-b2/OmniVoice/results_b2_final_gs3p0/seedtts_en/common_voice_en_25190404-common_voice_en_25190411.wav	0.0	he has also authored a number of books on the subject	he has also authored a number of books on the subject	0	0	0
/opt/gpfs/users/shuai/work/block-conversion-b2/OmniVoice/results_b2_final_gs3p0/seedtts_en/common_voice_en_25200065-common_voice_en_25200064.wav	0.0	the south wing is an outdoor pavilion overlooking the lower ovals	the south wing is an outdoor pavilion overlooking the lower ovals	0	0	0
/opt/gpfs/users/shuai/work/block-conversion-b2/OmniVoice/results_b2_final_gs3p0/seedtts_en/common_voice_en_25204047-common_voice_en_25204042.wav	0.0	lake whitney is also part of the texas lakes trail region of north texas	lake whitney is also part of the texas lakes trail region of north texas	0	0	0
/opt/gpfs/users/shuai/work/block-conversion-b2/OmniVoice/results_b2_final_gs3p0/seedtts_en/common_voice_en_25204047-common_voice_en_25204043.wav	0.0	below the premier division lies the senior a division and senior b division	below the premier division lies the senior a division and senior b division	0	0	0
/opt/gpfs/users/shuai/work/block-conversion-b2/OmniVoice/results_b2_final_gs3p0/seedtts_en/common_voice_en_25216968-common_voice_en_25216966.wav	0.0	south korea plans national digital currency using a blockchain	south korea plans national digital currency using a blockchain	0	0	0
/opt/gpfs/users/shuai/work/block-conversion-b2/OmniVoice/results_b2_final_gs3p0/seedtts_en/common_voice_en_25257658-common_voice_en_25257662.wav	0.0	singling out alcohol impairment for extra punishment isn't about making the roads safer	singling out alcohol impairment for extra punishment isn't about making the roads safer	0	0	0
/opt/gpfs/users/shuai/work/block-conversion-b2/OmniVoice/results_b2_final_gs3p0/seedtts_en/common_voice_en_25257658-common_voice_en_25257664.wav	0.0	it is going to be shut down within the next few weeks	it is going to be shut down within the next few weeks	0	0	0
/opt/gpfs/users/shuai/work/block-conversion-b2/OmniVoice/results_b2_final_gs3p0/seedtts_en/common_voice_en_25271639-common_voice_en_25271640.wav	0.0	the important agricultural products are wheat and corn	the important agricultural products are wheat and corn	0	0	0
/opt/gpfs/users/shuai/work/block-conversion-b2/OmniVoice/results_b2_final_gs3p0/seedtts_en/common_voice_en_25271639-common_voice_en_25271686.wav	0.0	the church contains a large number of items that are registered as historical objects	the church contains a large number of items that are registered as historical objects	0	0	0
/opt/gpfs/users/shuai/work/block-conversion-b2/OmniVoice/results_b2_final_gs3p0/seedtts_en/common_voice_en_25282242-common_voice_en_25282245.wav	0.0	she was very much interested in the arts and she cultivated singing	she was very much interested in the arts and she cultivated singing	0	0	0
/opt/gpfs/users/shuai/work/block-conversion-b2/OmniVoice/results_b2_final_gs3p0/seedtts_en/common_voice_en_25313898-common_voice_en_25313899.wav	0.0	suddenly franzen was breaking big brother's house rules not once but many times over	suddenly franzen was breaking big brother's house rules not once but many times over	0	0	0
/opt/gpfs/users/shuai/work/block-conversion-b2/OmniVoice/results_b2_final_gs3p0/seedtts_en/common_voice_en_25313898-common_voice_en_25313900.wav	0.0	as such symbols and customs of mexico grew up in new mexico as well	as such symbols and customs of mexico grew up in new mexico as well	0	0	0
/opt/gpfs/users/shuai/work/block-conversion-b2/OmniVoice/results_b2_final_gs3p0/seedtts_en/common_voice_en_25319086-common_voice_en_25319084.wav	0.16666666666666666	urban neglect has been followed by private housing on former industrial land	uh urban neglect has been followed by private housing on former industrial land uh	2	0	0
/opt/gpfs/users/shuai/work/block-conversion-b2/OmniVoice/results_b2_final_gs3p0/seedtts_en/common_voice_en_25319086-common_voice_en_25319087.wav	0.0	on his return to england he became a successful portrait painter	on his return to england he became a successful portrait painter	0	0	0
/opt/gpfs/users/shuai/work/block-conversion-b2/OmniVoice/results_b2_final_gs3p0/seedtts_en/common_voice_en_25346256-common_voice_en_25346259.wav	0.0	they are often in dual or quadruple mounts allowing a high rate of fire	they are often in dual or quadruple mounts allowing a high rate of fire	0	0	0
/opt/gpfs/users/shuai/work/block-conversion-b2/OmniVoice/results_b2_final_gs3p0/seedtts_en/common_voice_en_25347734-common_voice_en_25347732.wav	0.09090909090909091	before it was stopped vancouver's hogan's alley neighbourhood was largely demolished	before it was stopped vancouver's hogan's alley neighborhood was largely demolished	0	0	1
/opt/gpfs/users/shuai/work/block-conversion-b2/OmniVoice/results_b2_final_gs3p0/seedtts_en/common_voice_en_25347734-common_voice_en_25347736.wav	0.0	he relocated to bentonville arkansas where he worked for walmart as a fitness trainer	he relocated to bentonville arkansas where he worked for walmart as a fitness trainer	0	0	0
/opt/gpfs/users/shuai/work/block-conversion-b2/OmniVoice/results_b2_final_gs3p0/seedtts_en/common_voice_en_25428174-common_voice_en_25428168.wav	0.0	they are members of the stephen wise free synagogue in new york	they are members of the stephen wise free synagogue in new york	0	0	0
/opt/gpfs/users/shuai/work/block-conversion-b2/OmniVoice/results_b2_final_gs3p0/seedtts_en/common_voice_en_25428174-common_voice_en_25428180.wav	0.0	the mixture of public and private funding have created complex pension and insurance systems	the mixture of public and private funding have created complex pension and insurance systems	0	0	0
/opt/gpfs/users/shuai/work/block-conversion-b2/OmniVoice/results_b2_final_gs3p0/seedtts_en/common_voice_en_25563964-common_voice_en_25563960.wav	0.0	in more modern times there has been a thriving musical scene	in more modern times there has been a thriving musical scene	0	0	0
/opt/gpfs/users/shuai/work/block-conversion-b2/OmniVoice/results_b2_final_gs3p0/seedtts_en/common_voice_en_25563964-common_voice_en_25564015.wav	0.0	moreover a few deities are not easily classifiable under these terms	moreover a few deities are not easily classifiable under these terms	0	0	0
/opt/gpfs/users/shuai/work/block-conversion-b2/OmniVoice/results_b2_final_gs3p0/seedtts_en/common_voice_en_25568854-common_voice_en_25568851.wav	0.0	to communicate over the longest distances hams use moon bounce	to communicate over the longest distances hams use moon bounce	0	0	0
/opt/gpfs/users/shuai/work/block-conversion-b2/OmniVoice/results_b2_final_gs3p0/seedtts_en/common_voice_en_25568854-common_voice_en_25568855.wav	0.0	these are two of only three known formations to have dinosaur fossils in antarctica	these are two of only three known formations to have dinosaur fossils in antarctica	0	0	0
/opt/gpfs/users/shuai/work/block-conversion-b2/OmniVoice/results_b2_final_gs3p0/seedtts_en/common_voice_en_25572984-common_voice_en_25572982.wav	0.0	this was the same ratings received as the previous episode skin of evil	this was the same ratings received as the previous episode skin of evil	0	0	0
/opt/gpfs/users/shuai/work/block-conversion-b2/OmniVoice/results_b2_final_gs3p0/seedtts_en/common_voice_en_25626822-common_voice_en_25626825.wav	0.08333333333333333	babele is one of the most popular tourist destinations in the country	barbelé is one of the most popular tourist destinations in the country	0	0	1
/opt/gpfs/users/shuai/work/block-conversion-b2/OmniVoice/results_b2_final_gs3p0/seedtts_en/common_voice_en_25662916-common_voice_en_25662913.wav	0.0	it has a rich history in gold mining	it has a rich history in gold mining	0	0	0
/opt/gpfs/users/shuai/work/block-conversion-b2/OmniVoice/results_b2_final_gs3p0/seedtts_en/common_voice_en_25662916-common_voice_en_25663069.wav	1.0	many american television shows usually medical dramas take place in teaching hospitals	uh	0	11	1
/opt/gpfs/users/shuai/work/block-conversion-b2/OmniVoice/results_b2_final_gs3p0/seedtts_en/common_voice_en_25693607-common_voice_en_25693608.wav	0.0	this principle is a restriction but also is a guide in formulating physical theories	this principle is a restriction but also is a guide in formulating physical theories	0	0	0
/opt/gpfs/users/shuai/work/block-conversion-b2/OmniVoice/results_b2_final_gs3p0/seedtts_en/common_voice_en_25693607-common_voice_en_25693609.wav	0.0	an example of this is virginia's personal property tax	an example of this is virginia's personal property tax	0	0	0
/opt/gpfs/users/shuai/work/block-conversion-b2/OmniVoice/results_b2_final_gs3p0/seedtts_en/common_voice_en_25694807-common_voice_en_25694816.wav	0.1111111111111111	he was also chairman of the victoria league kent	he was also chairman of the victoria league	0	1	0
/opt/gpfs/users/shuai/work/block-conversion-b2/OmniVoice/results_b2_final_gs3p0/seedtts_en/common_voice_en_25694807-common_voice_en_25694818.wav	0.07142857142857142	it is today known that his opponents usually used forgery to meet his argumentation	it is today known that his opponents usually used forgery to meet his argumentation ah	1	0	0
/opt/gpfs/users/shuai/work/block-conversion-b2/OmniVoice/results_b2_final_gs3p0/seedtts_en/common_voice_en_25710838-common_voice_en_25710836.wav	0.0	the second religion is known as taoism or the primitive religion	the second religion is known as taoism or the primitive religion	0	0	0
/opt/gpfs/users/shuai/work/block-conversion-b2/OmniVoice/results_b2_final_gs3p0/seedtts_en/common_voice_en_25745884-common_voice_en_25745889.wav	0.0	she knocks on ben's door unaware that he's at the block party	she knocks on ben's door unaware that he's at the block party	0	0	0
/opt/gpfs/users/shuai/work/block-conversion-b2/OmniVoice/results_b2_final_gs3p0/seedtts_en/common_voice_en_25748530-common_voice_en_25748532.wav	0.0	it took the efforts of an officer in napoleon's army to change this	it took the efforts of an officer in napoleon's army to change this	0	0	0
/opt/gpfs/users/shuai/work/block-conversion-b2/OmniVoice/results_b2_final_gs3p0/seedtts_en/common_voice_en_25821292-common_voice_en_25821294.wav	0.0	in the final reunion film bionic ever after	in the final reunion film bionic ever after	0	0	0
/opt/gpfs/users/shuai/work/block-conversion-b2/OmniVoice/results_b2_final_gs3p0/seedtts_en/common_voice_en_25821292-common_voice_en_25821295.wav	0.0	there was a growing need for financial support and organization structure	there was a growing need for financial support and organization structure	0	0	0
/opt/gpfs/users/shuai/work/block-conversion-b2/OmniVoice/results_b2_final_gs3p0/seedtts_en/common_voice_en_2586258-common_voice_en_2586259.wav	0.23076923076923078	you can create bookmarks in you web browser to make browsing more convenient	you can create bookmarks in uwebbrowser to make browsing more convenient	0	2	1
/opt/gpfs/users/shuai/work/block-conversion-b2/OmniVoice/results_b2_final_gs3p0/seedtts_en/common_voice_en_2586258-common_voice_en_2586260.wav	0.0	oh what are you going to when he arrives	oh what are you going to when he arrives	0	0	0
/opt/gpfs/users/shuai/work/block-conversion-b2/OmniVoice/results_b2_final_gs3p0/seedtts_en/common_voice_en_25879467-common_voice_en_25879468.wav	0.0	it was gone all was dark	it was gone all was dark	0	0	0
/opt/gpfs/users/shuai/work/block-conversion-b2/OmniVoice/results_b2_final_gs3p0/seedtts_en/common_voice_en_25879467-common_voice_en_25879469.wav	0.0	he held a post at columbia university in the faculty of social sciences	he held a post at columbia university in the faculty of social sciences	0	0	0
/opt/gpfs/users/shuai/work/block-conversion-b2/OmniVoice/results_b2_final_gs3p0/seedtts_en/common_voice_en_25880669-common_voice_en_25880691.wav	0.0	amnesty international and some religions oppose capital punishment on moral grounds	amnesty international and some religions oppose capital punishment on moral grounds	0	0	0
/opt/gpfs/users/shuai/work/block-conversion-b2/OmniVoice/results_b2_final_gs3p0/seedtts_en/common_voice_en_25896925-common_voice_en_25896927.wav	0.0	he lived with a skinny dog for five years	he lived with a skinny dog for five years	0	0	0
/opt/gpfs/users/shuai/work/block-conversion-b2/OmniVoice/results_b2_final_gs3p0/seedtts_en/common_voice_en_25896925-common_voice_en_26641098.wav	0.0	modi only attended hindu religious ceremonies and had prominent associations with hindu religious leaders	modi only attended hindu religious ceremonies and had prominent associations with hindu religious leaders	0	0	0
/opt/gpfs/users/shuai/work/block-conversion-b2/OmniVoice/results_b2_final_gs3p0/seedtts_en/common_voice_en_26031217-common_voice_en_26031215.wav	0.0	it was an important source of slaves at that time	it was an important source of slaves at that time	0	0	0
/opt/gpfs/users/shuai/work/block-conversion-b2/OmniVoice/results_b2_final_gs3p0/seedtts_en/common_voice_en_26031217-common_voice_en_26031218.wav	0.0	to have a reed in the spine what a makeshift source	to have a reed in the spine what a makeshift source	0	0	0
/opt/gpfs/users/shuai/work/block-conversion-b2/OmniVoice/results_b2_final_gs3p0/seedtts_en/common_voice_en_26319796-common_voice_en_26319797.wav	0.0	bronchitis is far from being an uncommon disease of infants	bronchitis is far from being an uncommon disease of infants	0	0	0
/opt/gpfs/users/shuai/work/block-conversion-b2/OmniVoice/results_b2_final_gs3p0/seedtts_en/common_voice_en_26324572-common_voice_en_26324575.wav	0.0	all information in the chart must be placed in order by the record number	all information in the chart must be placed in order by the record number	0	0	0
/opt/gpfs/users/shuai/work/block-conversion-b2/OmniVoice/results_b2_final_gs3p0/seedtts_en/common_voice_en_26453369-common_voice_en_26453364.wav	0.0	harris was born and raised near denver colorado	harris was born and raised near denver colorado	0	0	0
/opt/gpfs/users/shuai/work/block-conversion-b2/OmniVoice/results_b2_final_gs3p0/seedtts_en/common_voice_en_26554168-common_voice_en_26554170.wav	0.0	the tetrahydrate can exist in two structures or polymorphs	the tetrahydrate can exist in two structures or polymorphs	0	0	0
/opt/gpfs/users/shuai/work/block-conversion-b2/OmniVoice/results_b2_final_gs3p0/seedtts_en/common_voice_en_26554168-common_voice_en_26554171.wav	0.0	it also appeared in the movie orphan train	it also appeared in the movie orphan train	0	0	0
/opt/gpfs/users/shuai/work/block-conversion-b2/OmniVoice/results_b2_final_gs3p0/seedtts_en/common_voice_en_26645969-common_voice_en_26645970.wav	0.0	this theory is called the endosymbiotic theory	this theory is called the endosymbiotic theory	0	0	0
/opt/gpfs/users/shuai/work/block-conversion-b2/OmniVoice/results_b2_final_gs3p0/seedtts_en/common_voice_en_26933529-common_voice_en_26933531.wav	0.0	there is also a genetic test that can be done for this disorder	there is also a genetic test that can be done for this disorder	0	0	0
/opt/gpfs/users/shuai/work/block-conversion-b2/OmniVoice/results_b2_final_gs3p0/seedtts_en/common_voice_en_26933529-common_voice_en_26933532.wav	0.0	if this results in a further line of three this line also disappears	if this results in a further line of three this line also disappears	0	0	0
/opt/gpfs/users/shuai/work/block-conversion-b2/OmniVoice/results_b2_final_gs3p0/seedtts_en/common_voice_en_26952530-common_voice_en_26952588.wav	0.07692307692307693	critics have taken roney to task for sounding too similar to his idol	critics have taken roni to task for sounding too similar to his idol	0	0	1
/opt/gpfs/users/shuai/work/block-conversion-b2/OmniVoice/results_b2_final_gs3p0/seedtts_en/common_voice_en_26952530-common_voice_en_26952634.wav	0.07692307692307693	he appeared in numerous episodes and was usually comic foil to brett somers	he appeared in numerous episodes and was usually comic foil to bret somers	0	0	1
/opt/gpfs/users/shuai/work/block-conversion-b2/OmniVoice/results_b2_final_gs3p0/seedtts_en/common_voice_en_26953128-common_voice_en_26953126.wav	0.1111111111111111	nine disciplines have been authorized to grant master's degrees	nine disciplines have been authorized to grant master's degrees ah	1	0	0
/opt/gpfs/users/shuai/work/block-conversion-b2/OmniVoice/results_b2_final_gs3p0/seedtts_en/common_voice_en_26953128-common_voice_en_26953130.wav	0.08333333333333333	born in virginia roane pursued in preparatory studies as a young man	born in virginia roan pursued in preparatory studies as a young man	0	0	1
/opt/gpfs/users/shuai/work/block-conversion-b2/OmniVoice/results_b2_final_gs3p0/seedtts_en/common_voice_en_27015814-common_voice_en_27015815.wav	0.0	the people listed below have featured on gabonese stamps since independence	the people listed below have featured on gabonese stamps since independence	0	0	0
/opt/gpfs/users/shuai/work/block-conversion-b2/OmniVoice/results_b2_final_gs3p0/seedtts_en/common_voice_en_27099623-common_voice_en_27099624.wav	0.08333333333333333	dempsey became a household name and he dated and married hollywood actresses	dempsey became a household name and he dated and married hollywood actresses ah	1	0	0
/opt/gpfs/users/shuai/work/block-conversion-b2/OmniVoice/results_b2_final_gs3p0/seedtts_en/common_voice_en_27099623-common_voice_en_27099625.wav	0.125	yates also received an invite to spring training	yates also received an invite to spring training hmm	1	0	0
/opt/gpfs/users/shuai/work/block-conversion-b2/OmniVoice/results_b2_final_gs3p0/seedtts_en/common_voice_en_27172977-common_voice_en_27172978.wav	0.0	ticket barriers are sometimes in operation depending on the time of day	ticket barriers are sometimes in operation depending on the time of day	0	0	0
/opt/gpfs/users/shuai/work/block-conversion-b2/OmniVoice/results_b2_final_gs3p0/seedtts_en/common_voice_en_27172977-common_voice_en_27172980.wav	0.0	thousands of people showed their creativity and voiced their opinions	thousands of people showed their creativity and voiced their opinions	0	0	0
/opt/gpfs/users/shuai/work/block-conversion-b2/OmniVoice/results_b2_final_gs3p0/seedtts_en/common_voice_en_27383934-common_voice_en_27383932.wav	0.0	on her return home she paid off to reserve	on her return home she paid off to reserve	0	0	0
/opt/gpfs/users/shuai/work/block-conversion-b2/OmniVoice/results_b2_final_gs3p0/seedtts_en/common_voice_en_27383934-common_voice_en_27383936.wav	0.0	to encourage skill acquisition the program uses the child's particular motivation for learning	to encourage skill acquisition the program uses the child's particular motivation for learning	0	0	0
/opt/gpfs/users/shuai/work/block-conversion-b2/OmniVoice/results_b2_final_gs3p0/seedtts_en/common_voice_en_27389507-common_voice_en_27389508.wav	0.07692307692307693	the player must then be caught by a ghost to reopen the chutes	the player must then be caught by a ghost to reopen the ship	0	0	1
/opt/gpfs/users/shuai/work/block-conversion-b2/OmniVoice/results_b2_final_gs3p0/seedtts_en/common_voice_en_27389507-common_voice_en_27389509.wav	0.125	it is a relative dating technique in geology	it is a relative dating technique in geology ah	1	0	0
/opt/gpfs/users/shuai/work/block-conversion-b2/OmniVoice/results_b2_final_gs3p0/seedtts_en/common_voice_en_27404277-common_voice_en_27404276.wav	0.0	the film was an average commercial success but earned critical acclaim from award committees	the film was an average commercial success but earned critical acclaim from award committees	0	0	0
/opt/gpfs/users/shuai/work/block-conversion-b2/OmniVoice/results_b2_final_gs3p0/seedtts_en/common_voice_en_27434681-common_voice_en_27434683.wav	0.1	the detective untangles a web of robberies lies and murder	the detective untangles a web of robberies lies and murder aww	1	0	0
/opt/gpfs/users/shuai/work/block-conversion-b2/OmniVoice/results_b2_final_gs3p0/seedtts_en/common_voice_en_27434681-common_voice_en_27434685.wav	0.0	she has an older sister jennifer who is an advertising executive	she has an older sister jennifer who is an advertising executive	0	0	0
/opt/gpfs/users/shuai/work/block-conversion-b2/OmniVoice/results_b2_final_gs3p0/seedtts_en/common_voice_en_27474919-common_voice_en_27474918.wav	0.0	jim martin was born in savannah chatham county georgia	jim martin was born in savannah chatham county georgia	0	0	0
/opt/gpfs/users/shuai/work/block-conversion-b2/OmniVoice/results_b2_final_gs3p0/seedtts_en/common_voice_en_27474919-common_voice_en_27474920.wav	0.0	she also took introduction courses in japanese chinese and arabic	she also took introduction courses in japanese chinese and arabic	0	0	0
/opt/gpfs/users/shuai/work/block-conversion-b2/OmniVoice/results_b2_final_gs3p0/seedtts_en/common_voice_en_27501458-common_voice_en_27501460.wav	0.18181818181818182	some prize levels also changed at the start of season eight	some price levels also changed at the start of season 8	0	0	2
/opt/gpfs/users/shuai/work/block-conversion-b2/OmniVoice/results_b2_final_gs3p0/seedtts_en/common_voice_en_275174-common_voice_en_275175.wav	0.125	the requirements are rather high for this job	the requirements are rather high for this job ah	1	0	0
/opt/gpfs/users/shuai/work/block-conversion-b2/OmniVoice/results_b2_final_gs3p0/seedtts_en/common_voice_en_27573778-common_voice_en_27573779.wav	0.1	however when race officials discovered surtees's age they were disqualified	however when race officials discovered sertiz's age they were disqualified	0	0	1
/opt/gpfs/users/shuai/work/block-conversion-b2/OmniVoice/results_b2_final_gs3p0/seedtts_en/common_voice_en_27573778-common_voice_en_27573780.wav	0.0	he is the younger brother of actor jeff wincott	he is the younger brother of actor jeff wincott	0	0	0
/opt/gpfs/users/shuai/work/block-conversion-b2/OmniVoice/results_b2_final_gs3p0/seedtts_en/common_voice_en_27585762-common_voice_en_27585765.wav	0.125	it is a member of the socialist international	it is a member of the socialist international ah	1	0	0
/opt/gpfs/users/shuai/work/block-conversion-b2/OmniVoice/results_b2_final_gs3p0/seedtts_en/common_voice_en_27612070-common_voice_en_27612071.wav	0.0	the monastery was inhabited by a succession of three different religious orders	the monastery was inhabited by a succession of three different religious orders	0	0	0
/opt/gpfs/users/shuai/work/block-conversion-b2/OmniVoice/results_b2_final_gs3p0/seedtts_en/common_voice_en_27733062-common_voice_en_27733063.wav	0.0	thus under this proposal the republic of china would become fully defunct	thus under this proposal the republic of china would become fully defunct	0	0	0
/opt/gpfs/users/shuai/work/block-conversion-b2/OmniVoice/results_b2_final_gs3p0/seedtts_en/common_voice_en_27733062-common_voice_en_27733065.wav	0.0	the king of portugal was being shaved by his barber	the king of portugal was being shaved by his barber	0	0	0
/opt/gpfs/users/shuai/work/block-conversion-b2/OmniVoice/results_b2_final_gs3p0/seedtts_en/common_voice_en_27794266-common_voice_en_27794264.wav	0.0	don lash park in auburn is named for him	don lash park in auburn is named for him	0	0	0
/opt/gpfs/users/shuai/work/block-conversion-b2/OmniVoice/results_b2_final_gs3p0/seedtts_en/common_voice_en_27794266-common_voice_en_27794265.wav	0.07692307692307693	a screening patrol combines a number of patrols to 'screen' a large area	a screening patrol combines a number of patrols to screen a large area	0	0	1
/opt/gpfs/users/shuai/work/block-conversion-b2/OmniVoice/results_b2_final_gs3p0/seedtts_en/common_voice_en_27856404-common_voice_en_27856406.wav	0.09090909090909091	kenneth a schmied and a brother entered the family furniture business	kenneth a schmid and a brother entered the family furniture business	0	0	1
/opt/gpfs/users/shuai/work/block-conversion-b2/OmniVoice/results_b2_final_gs3p0/seedtts_en/common_voice_en_27935469-common_voice_en_27935466.wav	0.0	the crater has nearly the same low albedo as the nearby surface	the crater has nearly the same low albedo as the nearby surface	0	0	0
/opt/gpfs/users/shuai/work/block-conversion-b2/OmniVoice/results_b2_final_gs3p0/seedtts_en/common_voice_en_27935469-common_voice_en_27935467.wav	0.0	the railroad not only agreed but allowed him to name the stop	the railroad not only agreed but allowed him to name the stop	0	0	0
/opt/gpfs/users/shuai/work/block-conversion-b2/OmniVoice/results_b2_final_gs3p0/seedtts_en/common_voice_en_28003405-common_voice_en_28003408.wav	0.15384615384615385	both terms can be literally translated to mean inner city and city centre	both terms can be literally translated to mean inner city and city center oh	1	0	1
/opt/gpfs/users/shuai/work/block-conversion-b2/OmniVoice/results_b2_final_gs3p0/seedtts_en/common_voice_en_28003405-common_voice_en_28003409.wav	0.0	this is done by dividing each variable by corresponding constant quantities	this is done by dividing each variable by corresponding constant quantities	0	0	0
/opt/gpfs/users/shuai/work/block-conversion-b2/OmniVoice/results_b2_final_gs3p0/seedtts_en/common_voice_en_28064064-common_voice_en_28064058.wav	0.0	and the phrase has retained its political power for six decades	and the phrase has retained its political power for six decades	0	0	0
/opt/gpfs/users/shuai/work/block-conversion-b2/OmniVoice/results_b2_final_gs3p0/seedtts_en/common_voice_en_28064064-common_voice_en_28064066.wav	0.0	she initially joined the leadership of the women's trade union league	she initially joined the leadership of the women's trade union league	0	0	0
/opt/gpfs/users/shuai/work/block-conversion-b2/OmniVoice/results_b2_final_gs3p0/seedtts_en/common_voice_en_28065832-common_voice_en_28065833.wav	0.09090909090909091	differences in topography and climate separate the lowlands into three areas	differences in topography and climate separate the lowlands into three areas yeah	1	0	0
/opt/gpfs/users/shuai/work/block-conversion-b2/OmniVoice/results_b2_final_gs3p0/seedtts_en/common_voice_en_28132727-common_voice_en_28132728.wav	0.0	another subgenre is feminist utopias and the overlapping category of feminist science fiction	another subgenre is feminist utopias and the overlapping category of feminist science fiction	0	0	0
/opt/gpfs/users/shuai/work/block-conversion-b2/OmniVoice/results_b2_final_gs3p0/seedtts_en/common_voice_en_28243259-common_voice_en_28243258.wav	0.0	the democratic party completely controls politics at the local level in pemiscot county	the democratic party completely controls politics at the local level in pemiscot county	0	0	0
/opt/gpfs/users/shuai/work/block-conversion-b2/OmniVoice/results_b2_final_gs3p0/seedtts_en/common_voice_en_28316626-common_voice_en_28316627.wav	0.0	limited hunting is permitted on some of the sites	limited hunting is permitted on some of the sites	0	0	0
/opt/gpfs/users/shuai/work/block-conversion-b2/OmniVoice/results_b2_final_gs3p0/seedtts_en/common_voice_en_28316626-common_voice_en_28316630.wav	0.0	these views may have played a role in the book's gradual fall from popularity	these views may have played a role in the book's gradual fall from popularity	0	0	0
/opt/gpfs/users/shuai/work/block-conversion-b2/OmniVoice/results_b2_final_gs3p0/seedtts_en/common_voice_en_28485171-common_voice_en_28485174.wav	0.0	as the video begins aguilera is chatting with a group of women	as the video begins aguilera is chatting with a group of women	0	0	0
/opt/gpfs/users/shuai/work/block-conversion-b2/OmniVoice/results_b2_final_gs3p0/seedtts_en/common_voice_en_28638628-common_voice_en_28638714.wav	0.0	one of its symbols are its stone towers	one of its symbols are its stone towers	0	0	0
/opt/gpfs/users/shuai/work/block-conversion-b2/OmniVoice/results_b2_final_gs3p0/seedtts_en/common_voice_en_28638628-common_voice_en_28638717.wav	0.0	grant remarked after his sentence was passed fifteen years for fifteen words	grant remarked after his sentence was passed fifteen years for fifteen words	0	0	0
/opt/gpfs/users/shuai/work/block-conversion-b2/OmniVoice/results_b2_final_gs3p0/seedtts_en/common_voice_en_28717453-common_voice_en_28717454.wav	0.0	constrictor knots can also be quite effective as improvised hose clamps or cable ties	constrictor knots can also be quite effective as improvised hose clamps or cable ties	0	0	0
/opt/gpfs/users/shuai/work/block-conversion-b2/OmniVoice/results_b2_final_gs3p0/seedtts_en/common_voice_en_28717453-common_voice_en_28717472.wav	0.0	he then visited italy for a few months to regain his health	he then visited italy for a few months to regain his health	0	0	0
/opt/gpfs/users/shuai/work/block-conversion-b2/OmniVoice/results_b2_final_gs3p0/seedtts_en/common_voice_en_28827679-common_voice_en_28827680.wav	0.0	this was unsuccessful and macarthur received a life sentence for just one murder	this was unsuccessful and macarthur received a life sentence for just one murder	0	0	0
/opt/gpfs/users/shuai/work/block-conversion-b2/OmniVoice/results_b2_final_gs3p0/seedtts_en/common_voice_en_28827679-common_voice_en_28827709.wav	0.0	there are ongoing plans to decontaminate the river and make it navigable	there are ongoing plans to decontaminate the river and make it navigable	0	0	0
/opt/gpfs/users/shuai/work/block-conversion-b2/OmniVoice/results_b2_final_gs3p0/seedtts_en/common_voice_en_28884498-common_voice_en_28884499.wav	0.0	factors in this mode you find factors divisible by the number given	factors in this mode you find factors divisible by the number given	0	0	0
/opt/gpfs/users/shuai/work/block-conversion-b2/OmniVoice/results_b2_final_gs3p0/seedtts_en/common_voice_en_28884498-common_voice_en_28884500.wav	0.07692307692307693	it is shiny black with reddish legs short elytra and no hind wings	it is shiny black with reddish legs short elytra and no hind wings oh	1	0	0
/opt/gpfs/users/shuai/work/block-conversion-b2/OmniVoice/results_b2_final_gs3p0/seedtts_en/common_voice_en_28894436-common_voice_en_28894442.wav	0.09090909090909091	orithyia was later made into the goddess of cold mountain winds	orithia was later made into the goddess of cold mountain winds	0	0	1
/opt/gpfs/users/shuai/work/block-conversion-b2/OmniVoice/results_b2_final_gs3p0/seedtts_en/common_voice_en_28917649-common_voice_en_28917648.wav	0.0	although the band initially played in a generic oi	although the band initially played in a generic oi	0	0	0
/opt/gpfs/users/shuai/work/block-conversion-b2/OmniVoice/results_b2_final_gs3p0/seedtts_en/common_voice_en_28917649-common_voice_en_28917650.wav	0.0	he studied at the collegium capranica and the pontifical gregorian university	he studied at the collegium capranica and the pontifical gregorian university	0	0	0
/opt/gpfs/users/shuai/work/block-conversion-b2/OmniVoice/results_b2_final_gs3p0/seedtts_en/common_voice_en_28919201-common_voice_en_28919202.wav	0.0	the following is a list of prominent oceanian jews arranged by country of origin	the following is a list of prominent oceanian jews arranged by country of origin	0	0	0
/opt/gpfs/users/shuai/work/block-conversion-b2/OmniVoice/results_b2_final_gs3p0/seedtts_en/common_voice_en_28932865-common_voice_en_28932866.wav	0.0	they were also required to maintain minimal service levels	they were also required to maintain minimal service levels	0	0	0
/opt/gpfs/users/shuai/work/block-conversion-b2/OmniVoice/results_b2_final_gs3p0/seedtts_en/common_voice_en_28932865-common_voice_en_28932867.wav	0.0	he demanded with threats of arrest the resignation of the government	he demanded with threats of arrest the resignation of the government	0	0	0
/opt/gpfs/users/shuai/work/block-conversion-b2/OmniVoice/results_b2_final_gs3p0/seedtts_en/common_voice_en_29264353-common_voice_en_29264354.wav	0.09090909090909091	fredrik johansson is featured in the documentary film beyond the game	frederick johansson is featured in the documentary film beyond the game	0	0	1
/opt/gpfs/users/shuai/work/block-conversion-b2/OmniVoice/results_b2_final_gs3p0/seedtts_en/common_voice_en_29345455-common_voice_en_29345456.wav	0.0	an obsessive need to control others is also associated with antisocial personality disorder	an obsessive need to control others is also associated with antisocial personality disorder	0	0	0
/opt/gpfs/users/shuai/work/block-conversion-b2/OmniVoice/results_b2_final_gs3p0/seedtts_en/common_voice_en_29495818-common_voice_en_29495898.wav	0.0	that's the day i'll have you guys take the test	that's the day i'll have you guys take the test	0	0	0
/opt/gpfs/users/shuai/work/block-conversion-b2/OmniVoice/results_b2_final_gs3p0/seedtts_en/common_voice_en_29890305-common_voice_en_29890301.wav	0.1	his father used to play dholak at radio pakistan hyderabad	his father used to play dolock at radio pakistan hyderabad	0	0	1
/opt/gpfs/users/shuai/work/block-conversion-b2/OmniVoice/results_b2_final_gs3p0/seedtts_en/common_voice_en_29890305-common_voice_en_29890302.wav	0.0	he left charlotte to take over as president of the nuggets	he left charlotte to take over as president of the nuggets	0	0	0
/opt/gpfs/users/shuai/work/block-conversion-b2/OmniVoice/results_b2_final_gs3p0/seedtts_en/common_voice_en_30232728-common_voice_en_30232725.wav	0.4	failure would mean automatic eviction	uh failure would mean automatic eviction uh	2	0	0
/opt/gpfs/users/shuai/work/block-conversion-b2/OmniVoice/results_b2_final_gs3p0/seedtts_en/common_voice_en_30232728-common_voice_en_30232726.wav	0.0	how about you kick the damn thing straight	how about you kick the damn thing straight	0	0	0
/opt/gpfs/users/shuai/work/block-conversion-b2/OmniVoice/results_b2_final_gs3p0/seedtts_en/common_voice_en_30471104-common_voice_en_30471105.wav	0.0	the ant colonies move around following the queen's pheromone trail	the ant colonies move around following the queen's pheromone trail	0	0	0
/opt/gpfs/users/shuai/work/block-conversion-b2/OmniVoice/results_b2_final_gs3p0/seedtts_en/common_voice_en_30619661-common_voice_en_30619659.wav	0.0	all of the songs were newly recorded material for pride	all of the songs were newly recorded material for pride	0	0	0
/opt/gpfs/users/shuai/work/block-conversion-b2/OmniVoice/results_b2_final_gs3p0/seedtts_en/common_voice_en_30619661-common_voice_en_30619662.wav	0.0	campbell helped establish branch libraries for black readers	campbell helped establish branch libraries for black readers	0	0	0
/opt/gpfs/users/shuai/work/block-conversion-b2/OmniVoice/results_b2_final_gs3p0/seedtts_en/common_voice_en_30665077-common_voice_en_30665078.wav	0.0	he has also played and coached at ole miss	he has also played and coached at ole miss	0	0	0
/opt/gpfs/users/shuai/work/block-conversion-b2/OmniVoice/results_b2_final_gs3p0/seedtts_en/common_voice_en_30665077-common_voice_en_30665079.wav	0.0	he enters the hotel room but finds that everyone already escaped	he enters the hotel room but finds that everyone already escaped	0	0	0
/opt/gpfs/users/shuai/work/block-conversion-b2/OmniVoice/results_b2_final_gs3p0/seedtts_en/common_voice_en_30735432-common_voice_en_30735431.wav	0.0	he is credited as having undertaken the first major investigation of british traditional drama	he is credited as having undertaken the first major investigation of british traditional drama	0	0	0
/opt/gpfs/users/shuai/work/block-conversion-b2/OmniVoice/results_b2_final_gs3p0/seedtts_en/common_voice_en_30735432-common_voice_en_30735433.wav	0.0	the wooden shrine is generously proportioned for the three images it houses	the wooden shrine is generously proportioned for the three images it houses	0	0	0
/opt/gpfs/users/shuai/work/block-conversion-b2/OmniVoice/results_b2_final_gs3p0/seedtts_en/common_voice_en_30757408-common_voice_en_30757409.wav	0.0	the station has three platforms for passenger transport	the station has three platforms for passenger transport	0	0	0
/opt/gpfs/users/shuai/work/block-conversion-b2/OmniVoice/results_b2_final_gs3p0/seedtts_en/common_voice_en_30883223-common_voice_en_30883220.wav	0.0	carpenter was paralyzed by polio while the couple were living in iran	carpenter was paralyzed by polio while the couple were living in iran	0	0	0
/opt/gpfs/users/shuai/work/block-conversion-b2/OmniVoice/results_b2_final_gs3p0/seedtts_en/common_voice_en_31005683-common_voice_en_31005688.wav	0.0	this has caused an outrage in the serbian public	this has caused an outrage in the serbian public	0	0	0
/opt/gpfs/users/shuai/work/block-conversion-b2/OmniVoice/results_b2_final_gs3p0/seedtts_en/common_voice_en_31005683-common_voice_en_31005691.wav	0.0	a flat body prevents it from being swept away by the current	a flat body prevents it from being swept away by the current	0	0	0
/opt/gpfs/users/shuai/work/block-conversion-b2/OmniVoice/results_b2_final_gs3p0/seedtts_en/common_voice_en_31350445-common_voice_en_31350446.wav	0.0	there are three electrified tracks at the station	there are three electrified tracks at the station	0	0	0
/opt/gpfs/users/shuai/work/block-conversion-b2/OmniVoice/results_b2_final_gs3p0/seedtts_en/common_voice_en_31497532-common_voice_en_31497530.wav	0.0	the transcript distinguishes between foundational credits necessary for graduation and advanced credits	the transcript distinguishes between foundational credits necessary for graduation and advanced credits	0	0	0
/opt/gpfs/users/shuai/work/block-conversion-b2/OmniVoice/results_b2_final_gs3p0/seedtts_en/common_voice_en_31497532-common_voice_en_31497531.wav	0.0	the final line is similar but follows the original pattern	the final line is similar but follows the original pattern	0	0	0
/opt/gpfs/users/shuai/work/block-conversion-b2/OmniVoice/results_b2_final_gs3p0/seedtts_en/common_voice_en_31499885-common_voice_en_31499889.wav	0.0	the tackles for loss also led the nation	the tackles for loss also led the nation	0	0	0
/opt/gpfs/users/shuai/work/block-conversion-b2/OmniVoice/results_b2_final_gs3p0/seedtts_en/common_voice_en_31499885-common_voice_en_31499906.wav	0.0	the official transfer of sovereignty was signed in the church	the official transfer of sovereignty was signed in the church	0	0	0
/opt/gpfs/users/shuai/work/block-conversion-b2/OmniVoice/results_b2_final_gs3p0/seedtts_en/common_voice_en_31576099-common_voice_en_31576097.wav	0.0	their sons unite together and avenge the death of their family	their sons unite together and avenge the death of their family	0	0	0
/opt/gpfs/users/shuai/work/block-conversion-b2/OmniVoice/results_b2_final_gs3p0/seedtts_en/common_voice_en_31776611-common_voice_en_31776613.wav	0.0	he started in the mechanization department of the main industry group in eindhoven	he started in the mechanization department of the main industry group in eindhoven	0	0	0
/opt/gpfs/users/shuai/work/block-conversion-b2/OmniVoice/results_b2_final_gs3p0/seedtts_en/common_voice_en_31892400-common_voice_en_31892402.wav	0.14285714285714285	each area is further divided into groups	each area is further divided into groups uh	1	0	0
/opt/gpfs/users/shuai/work/block-conversion-b2/OmniVoice/results_b2_final_gs3p0/seedtts_en/common_voice_en_31892400-common_voice_en_31892404.wav	0.1	it consists of the city of riga and overseas voters	it consists of the city of riga and overseas voters ah	1	0	0
/opt/gpfs/users/shuai/work/block-conversion-b2/OmniVoice/results_b2_final_gs3p0/seedtts_en/common_voice_en_31959919-common_voice_en_31959922.wav	0.09090909090909091	many of his novels and novellas were around thirty pages thick	many of his novels and novellas were around 30 pages thick	0	0	1
/opt/gpfs/users/shuai/work/block-conversion-b2/OmniVoice/results_b2_final_gs3p0/seedtts_en/common_voice_en_31959919-common_voice_en_31959927.wav	0.07692307692307693	one of the most famous greek painters during that time was michael damaskinos	one of the most famous greek painters during that time was michael damaschinos	0	0	1
/opt/gpfs/users/shuai/work/block-conversion-b2/OmniVoice/results_b2_final_gs3p0/seedtts_en/common_voice_en_32101327-common_voice_en_32101328.wav	0.18181818181818182	jamie mistakenly believes that his father will attend the drag show	uh jamie mistakenly believes that his father will attend the drag show uh	2	0	0
/opt/gpfs/users/shuai/work/block-conversion-b2/OmniVoice/results_b2_final_gs3p0/seedtts_en/common_voice_en_32101327-common_voice_en_32101329.wav	0.0	the four group winners had the opportunity to promote directly	the four group winners had the opportunity to promote directly	0	0	0
/opt/gpfs/users/shuai/work/block-conversion-b2/OmniVoice/results_b2_final_gs3p0/seedtts_en/common_voice_en_32111431-common_voice_en_32111428.wav	0.0	he came to california for the california gold rush	he came to california for the california gold rush	0	0	0
/opt/gpfs/users/shuai/work/block-conversion-b2/OmniVoice/results_b2_final_gs3p0/seedtts_en/common_voice_en_32111431-common_voice_en_32111430.wav	0.08333333333333333	charlie bolling attempted to earn playing privileges for the second straight year	charlie balling attempted to earn playing privileges for the second straight year	0	0	1
/opt/gpfs/users/shuai/work/block-conversion-b2/OmniVoice/results_b2_final_gs3p0/seedtts_en/common_voice_en_32125519-common_voice_en_32125523.wav	0.0	the film principal photography on the same day	the film principal photography on the same day	0	0	0
/opt/gpfs/users/shuai/work/block-conversion-b2/OmniVoice/results_b2_final_gs3p0/seedtts_en/common_voice_en_32125519-common_voice_en_32125526.wav	0.09090909090909091	the race was won by defending champion pascal ackermann of germany	the race was won by defending champion pascal ackerman of germany	0	0	1
/opt/gpfs/users/shuai/work/block-conversion-b2/OmniVoice/results_b2_final_gs3p0/seedtts_en/common_voice_en_32144882-common_voice_en_32144885.wav	0.0	death is the great equalizer	death is the great equalizer	0	0	0
/opt/gpfs/users/shuai/work/block-conversion-b2/OmniVoice/results_b2_final_gs3p0/seedtts_en/common_voice_en_32144882-common_voice_en_32144886.wav	0.0	russell was represented by one member in the legislative assembly	russell was represented by one member in the legislative assembly	0	0	0
/opt/gpfs/users/shuai/work/block-conversion-b2/OmniVoice/results_b2_final_gs3p0/seedtts_en/common_voice_en_32174871-common_voice_en_32174873.wav	0.08333333333333333	he is known for leading the failed attempt to kidnap george washington	he is known for leading the failed attempt to kidnap george washington oh	1	0	0
/opt/gpfs/users/shuai/work/block-conversion-b2/OmniVoice/results_b2_final_gs3p0/seedtts_en/common_voice_en_32174871-common_voice_en_32174874.wav	0.08333333333333333	the vast baring family fortune was made partly from the slave trade	the vast bearing family fortune was made partly from the slave trade	0	0	1
/opt/gpfs/users/shuai/work/block-conversion-b2/OmniVoice/results_b2_final_gs3p0/seedtts_en/common_voice_en_32263901-common_voice_en_32263900.wav	0.1	red star were the defending champions from the previous season	red star were the defending champions from the previous season oh	1	0	0
/opt/gpfs/users/shuai/work/block-conversion-b2/OmniVoice/results_b2_final_gs3p0/seedtts_en/common_voice_en_32279839-common_voice_en_32279841.wav	0.0	the district includes portions of the south shore of staten island	the district includes portions of the south shore of staten island	0	0	0
/opt/gpfs/users/shuai/work/block-conversion-b2/OmniVoice/results_b2_final_gs3p0/seedtts_en/common_voice_en_32298822-common_voice_en_32298846.wav	0.08333333333333333	sensitivity analysis is part of recent checklists or guidelines for environmental modelling	sensitivity analysis is part of recent checklists or guidelines for environmental modeling	0	0	1
/opt/gpfs/users/shuai/work/block-conversion-b2/OmniVoice/results_b2_final_gs3p0/seedtts_en/common_voice_en_32298822-common_voice_en_32298878.wav	0.0	forestry is the main economic activity of the sector	forestry is the main economic activity of the sector	0	0	0
/opt/gpfs/users/shuai/work/block-conversion-b2/OmniVoice/results_b2_final_gs3p0/seedtts_en/common_voice_en_32377071-common_voice_en_32377070.wav	0.09090909090909091	the name means common land or land shared between local inhabitants	the name means common land or land shared between local inhabitants ah	1	0	0
/opt/gpfs/users/shuai/work/block-conversion-b2/OmniVoice/results_b2_final_gs3p0/seedtts_en/common_voice_en_32377071-common_voice_en_32377072.wav	0.0	isaiah miller was also named the southern conference defensive player of the year	isaiah miller was also named the southern conference defensive player of the year	0	0	0
/opt/gpfs/users/shuai/work/block-conversion-b2/OmniVoice/results_b2_final_gs3p0/seedtts_en/common_voice_en_32638726-common_voice_en_32638729.wav	0.0	she was involved in several record productions	she was involved in several record productions	0	0	0
/opt/gpfs/users/shuai/work/block-conversion-b2/OmniVoice/results_b2_final_gs3p0/seedtts_en/common_voice_en_32641373-common_voice_en_32641375.wav	0.0	he studied the mammalian chronology of the european eocene and upper miocene	he studied the mammalian chronology of the european eocene and upper miocene	0	0	0
/opt/gpfs/users/shuai/work/block-conversion-b2/OmniVoice/results_b2_final_gs3p0/seedtts_en/common_voice_en_32641373-common_voice_en_32641377.wav	0.0	there are narrow teeth on lateral margin of prothorax which are long	there are narrow teeth on lateral margin of prothorax which are long	0	0	0
/opt/gpfs/users/shuai/work/block-conversion-b2/OmniVoice/results_b2_final_gs3p0/seedtts_en/common_voice_en_32683120-common_voice_en_32683117.wav	0.0	the village is located on the right bank of the bolshaya	the village is located on the right bank of the bolshaya	0	0	0
/opt/gpfs/users/shuai/work/block-conversion-b2/OmniVoice/results_b2_final_gs3p0/seedtts_en/common_voice_en_32683120-common_voice_en_32683121.wav	0.07692307692307693	all its functions were assigned to the secretary of state for public administrations	all its functions were assigned to the secretary of state for public administration	0	0	1
/opt/gpfs/users/shuai/work/block-conversion-b2/OmniVoice/results_b2_final_gs3p0/seedtts_en/common_voice_en_32697372-common_voice_en_32697370.wav	0.0	she was one of several driven onto the beach	she was one of several driven onto the beach	0	0	0
/opt/gpfs/users/shuai/work/block-conversion-b2/OmniVoice/results_b2_final_gs3p0/seedtts_en/common_voice_en_32697372-common_voice_en_32697449.wav	0.0	the development sits on of real estate	the development sits on of real estate	0	0	0
/opt/gpfs/users/shuai/work/block-conversion-b2/OmniVoice/results_b2_final_gs3p0/seedtts_en/common_voice_en_32717587-common_voice_en_32717583.wav	0.0	this version of thor was marketed as party thor	this version of thor was marketed as party thor	0	0	0
/opt/gpfs/users/shuai/work/block-conversion-b2/OmniVoice/results_b2_final_gs3p0/seedtts_en/common_voice_en_32717587-common_voice_en_32717586.wav	0.0	mabuchi is known for introducing the mabuchi functional	mabuchi is known for introducing the mabuchi functional	0	0	0
/opt/gpfs/users/shuai/work/block-conversion-b2/OmniVoice/results_b2_final_gs3p0/seedtts_en/common_voice_en_32734226-common_voice_en_32734228.wav	0.0	the first office was in the basement of the presbyterian church's university campus ministry	the first office was in the basement of the presbyterian church's university campus ministry	0	0	0
/opt/gpfs/users/shuai/work/block-conversion-b2/OmniVoice/results_b2_final_gs3p0/seedtts_en/common_voice_en_32764846-common_voice_en_32764847.wav	0.07142857142857142	by the final part of the nineteenth century her work had been largely forgotten	by the final part of the 19th century her work had been largely forgotten	0	0	1
/opt/gpfs/users/shuai/work/block-conversion-b2/OmniVoice/results_b2_final_gs3p0/seedtts_en/common_voice_en_32764846-common_voice_en_32764849.wav	0.0	each of these rotundas has eight windows	each of these rotundas has eight windows	0	0	0
/opt/gpfs/users/shuai/work/block-conversion-b2/OmniVoice/results_b2_final_gs3p0/seedtts_en/common_voice_en_32767770-common_voice_en_32767778.wav	0.08333333333333333	the conservative party regained control of the council from no overall control	the conservative party regained control of the council from no overall control ah	1	0	0
/opt/gpfs/users/shuai/work/block-conversion-b2/OmniVoice/results_b2_final_gs3p0/seedtts_en/common_voice_en_32883407-common_voice_en_32883443.wav	0.0	he remained in the air force reserve after retiring from active duty	he remained in the air force reserve after retiring from active duty	0	0	0
/opt/gpfs/users/shuai/work/block-conversion-b2/OmniVoice/results_b2_final_gs3p0/seedtts_en/common_voice_en_33322125-common_voice_en_33322126.wav	0.0	additional promotion included coverage of the book by yahoo	additional promotion included coverage of the book by yahoo	0	0	0
/opt/gpfs/users/shuai/work/block-conversion-b2/OmniVoice/results_b2_final_gs3p0/seedtts_en/common_voice_en_33322125-common_voice_en_33322130.wav	0.0	her parents were modest russian jewish immigrants who had no background in music	her parents were modest russian jewish immigrants who had no background in music	0	0	0
/opt/gpfs/users/shuai/work/block-conversion-b2/OmniVoice/results_b2_final_gs3p0/seedtts_en/common_voice_en_33563095-common_voice_en_33563096.wav	0.07142857142857142	he was born to an illustrious family that produced notable people in several fields	he was born to an illustrious family that produced notable people in several fields oh	1	0	0
/opt/gpfs/users/shuai/work/block-conversion-b2/OmniVoice/results_b2_final_gs3p0/seedtts_en/common_voice_en_33563095-common_voice_en_33563097.wav	0.07692307692307693	in may of the same year he was made chaplain to the king	in may of the same year he was made chaplain to the kings	0	0	1
/opt/gpfs/users/shuai/work/block-conversion-b2/OmniVoice/results_b2_final_gs3p0/seedtts_en/common_voice_en_33604595-common_voice_en_33604556.wav	0.0	she was then appointed lecturer in psychology at the university	she was then appointed lecturer in psychology at the university	0	0	0
/opt/gpfs/users/shuai/work/block-conversion-b2/OmniVoice/results_b2_final_gs3p0/seedtts_en/common_voice_en_33907-common_voice_en_33906.wav	0.0	the black dog is wearing a blue jacket and playing with a toy	the black dog is wearing a blue jacket and playing with a toy	0	0	0
/opt/gpfs/users/shuai/work/block-conversion-b2/OmniVoice/results_b2_final_gs3p0/seedtts_en/common_voice_en_33907-common_voice_en_33908.wav	0.0	the lady in the red car is crossing the bridge	the lady in the red car is crossing the bridge	0	0	0
/opt/gpfs/users/shuai/work/block-conversion-b2/OmniVoice/results_b2_final_gs3p0/seedtts_en/common_voice_en_33966405-common_voice_en_33966407.wav	0.0	estherville defeated fort dodge in the finals to capture the championship	estherville defeated fort dodge in the finals to capture the championship	0	0	0
/opt/gpfs/users/shuai/work/block-conversion-b2/OmniVoice/results_b2_final_gs3p0/seedtts_en/common_voice_en_33966405-common_voice_en_33966447.wav	0.09090909090909091	its most prominent representatives gathered in the manes fine arts association	its most prominent representatives gathered in the maine's fine arts association	0	0	1
/opt/gpfs/users/shuai/work/block-conversion-b2/OmniVoice/results_b2_final_gs3p0/seedtts_en/common_voice_en_33985575-common_voice_en_33985578.wav	0.0	he joined the marine raiders and was soon promoted to first lieutenant	he joined the marine raiders and was soon promoted to first lieutenant	0	0	0
/opt/gpfs/users/shuai/work/block-conversion-b2/OmniVoice/results_b2_final_gs3p0/seedtts_en/common_voice_en_33985575-common_voice_en_33985579.wav	0.0	the series was written by howard overman	the series was written by howard overman	0	0	0
/opt/gpfs/users/shuai/work/block-conversion-b2/OmniVoice/results_b2_final_gs3p0/seedtts_en/common_voice_en_34054471-common_voice_en_34054473.wav	0.0	the brigade would have mustered at liverpool in time of war	the brigade would have mustered at liverpool in time of war	0	0	0
/opt/gpfs/users/shuai/work/block-conversion-b2/OmniVoice/results_b2_final_gs3p0/seedtts_en/common_voice_en_34184701-common_voice_en_34184697.wav	0.0	he was also state champion in cross country	he was also state champion in cross country	0	0	0
/opt/gpfs/users/shuai/work/block-conversion-b2/OmniVoice/results_b2_final_gs3p0/seedtts_en/common_voice_en_34184701-common_voice_en_34184700.wav	0.14285714285714285	the race was won by rohan dennis	the race was won by rohan dennis ah	1	0	0
/opt/gpfs/users/shuai/work/block-conversion-b2/OmniVoice/results_b2_final_gs3p0/seedtts_en/common_voice_en_34321814-common_voice_en_34321811.wav	0.0	the area includes steep forestry land where dogs have been regularly rescued	the area includes steep forestry land where dogs have been regularly rescued	0	0	0
/opt/gpfs/users/shuai/work/block-conversion-b2/OmniVoice/results_b2_final_gs3p0/seedtts_en/common_voice_en_34321814-common_voice_en_34321812.wav	0.16666666666666666	he was replaced before the end of the month by jess cox	oh he was replaced before the end of the month by jess cox oh	2	0	0
/opt/gpfs/users/shuai/work/block-conversion-b2/OmniVoice/results_b2_final_gs3p0/seedtts_en/common_voice_en_34980363-common_voice_en_34980360.wav	0.0	the township includes the unincorporated community of middle lancaster	the township includes the unincorporated community of middle lancaster	0	0	0
/opt/gpfs/users/shuai/work/block-conversion-b2/OmniVoice/results_b2_final_gs3p0/seedtts_en/common_voice_en_34980363-common_voice_en_34980362.wav	0.07692307692307693	it's not war we should fear but what the germans do in peace	it's not war we should fear but what the germans do in peace ah	1	0	0
/opt/gpfs/users/shuai/work/block-conversion-b2/OmniVoice/results_b2_final_gs3p0/seedtts_en/common_voice_en_35042682-common_voice_en_35042683.wav	0.0	upon retiring he became a coach at chelsea	upon retiring he became a coach at chelsea	0	0	0
/opt/gpfs/users/shuai/work/block-conversion-b2/OmniVoice/results_b2_final_gs3p0/seedtts_en/common_voice_en_35042682-common_voice_en_35042750.wav	0.0	it never did as it was deemed inappropriate after the japanese attack	it never did as it was deemed inappropriate after the japanese attack	0	0	0
/opt/gpfs/users/shuai/work/block-conversion-b2/OmniVoice/results_b2_final_gs3p0/seedtts_en/common_voice_en_35130119-common_voice_en_35130116.wav	0.2727272727272727	a classic and well established explanation is based on clar's rule	a classic and wellestablished explanation is based on klar's rule	0	1	2
/opt/gpfs/users/shuai/work/block-conversion-b2/OmniVoice/results_b2_final_gs3p0/seedtts_en/common_voice_en_35299046-common_voice_en_35299043.wav	0.0	curling was educated at seneca college and at york university in toronto	curling was educated at seneca college and at york university in toronto	0	0	0
/opt/gpfs/users/shuai/work/block-conversion-b2/OmniVoice/results_b2_final_gs3p0/seedtts_en/common_voice_en_35299046-common_voice_en_35299049.wav	0.0	women with an abdominal pregnancy will not go into labor	women with an abdominal pregnancy will not go into labor	0	0	0
/opt/gpfs/users/shuai/work/block-conversion-b2/OmniVoice/results_b2_final_gs3p0/seedtts_en/common_voice_en_35734335-common_voice_en_35734342.wav	0.0	we do not know what rash expressions it may have contained	we do not know what rash expressions it may have contained	0	0	0
/opt/gpfs/users/shuai/work/block-conversion-b2/OmniVoice/results_b2_final_gs3p0/seedtts_en/common_voice_en_36068063-common_voice_en_36068064.wav	0.14285714285714285	the sylvester family has a sports tradition	the sylvester family has a sports tradition not	1	0	0
/opt/gpfs/users/shuai/work/block-conversion-b2/OmniVoice/results_b2_final_gs3p0/seedtts_en/common_voice_en_36069016-common_voice_en_36069015.wav	0.0	they were the first known people to have fished for the arctic char	they were the first known people to have fished for the arctic char	0	0	0
/opt/gpfs/users/shuai/work/block-conversion-b2/OmniVoice/results_b2_final_gs3p0/seedtts_en/common_voice_en_36069016-common_voice_en_36069018.wav	0.0	they are elongated fish although not as much so as the true eels	they are elongated fish although not as much so as the true eels	0	0	0
/opt/gpfs/users/shuai/work/block-conversion-b2/OmniVoice/results_b2_final_gs3p0/seedtts_en/common_voice_en_36074033-common_voice_en_36073874.wav	0.0	the poles are then hammered into the ground and a windbreak is formed	the poles are then hammered into the ground and a windbreak is formed	0	0	0
/opt/gpfs/users/shuai/work/block-conversion-b2/OmniVoice/results_b2_final_gs3p0/seedtts_en/common_voice_en_36074033-common_voice_en_36074034.wav	0.0	there is some argument as to when and why the wall was built	there is some argument as to when and why the wall was built	0	0	0
/opt/gpfs/users/shuai/work/block-conversion-b2/OmniVoice/results_b2_final_gs3p0/seedtts_en/common_voice_en_364081-common_voice_en_364079.wav	0.0	a sip of tea revives his tired friend	a sip of tea revives his tired friend	0	0	0
/opt/gpfs/users/shuai/work/block-conversion-b2/OmniVoice/results_b2_final_gs3p0/seedtts_en/common_voice_en_364081-common_voice_en_364080.wav	0.0	pedro hugged his teddy as hard as he could	pedro hugged his teddy as hard as he could	0	0	0
/opt/gpfs/users/shuai/work/block-conversion-b2/OmniVoice/results_b2_final_gs3p0/seedtts_en/common_voice_en_36516974-common_voice_en_36516976.wav	0.0	he is best remembered as friend and mentor to his pupil charles darwin	he is best remembered as friend and mentor to his pupil charles darwin	0	0	0
/opt/gpfs/users/shuai/work/block-conversion-b2/OmniVoice/results_b2_final_gs3p0/seedtts_en/common_voice_en_36516974-common_voice_en_36516979.wav	0.0	in many cases such as france no distinct regional substructures have been employed	in many cases such as france no distinct regional substructures have been employed	0	0	0
/opt/gpfs/users/shuai/work/block-conversion-b2/OmniVoice/results_b2_final_gs3p0/seedtts_en/common_voice_en_36537421-common_voice_en_36537432.wav	0.09090909090909091	both washington and fraser recommended this to braddock but he demurred	both washington and fraser recommended this to braddock but he demurred uh	1	0	0
/opt/gpfs/users/shuai/work/block-conversion-b2/OmniVoice/results_b2_final_gs3p0/seedtts_en/common_voice_en_36537421-common_voice_en_36537433.wav	0.1	by very dexterous military and diplomatic operations vitellius succeeded completely	by very dexterous military and diplomatic operations vitellius succeeded completely ah	1	0	0
/opt/gpfs/users/shuai/work/block-conversion-b2/OmniVoice/results_b2_final_gs3p0/seedtts_en/common_voice_en_36558935-common_voice_en_36558813.wav	0.0	exports fell after the name became closely associated with terrorist attacks	exports fell after the name became closely associated with terrorist attacks	0	0	0
/opt/gpfs/users/shuai/work/block-conversion-b2/OmniVoice/results_b2_final_gs3p0/seedtts_en/common_voice_en_36558935-common_voice_en_36558933.wav	0.09090909090909091	at the end of each level players must defeat a boss	at the end of each level players must defeat a	0	1	0
/opt/gpfs/users/shuai/work/block-conversion-b2/OmniVoice/results_b2_final_gs3p0/seedtts_en/common_voice_en_36705534-common_voice_en_36705530.wav	0.0	its name is from a cherokee word meaning edible tree	its name is from a cherokee word meaning edible tree	0	0	0
/opt/gpfs/users/shuai/work/block-conversion-b2/OmniVoice/results_b2_final_gs3p0/seedtts_en/common_voice_en_36705534-common_voice_en_36705545.wav	0.0	we don't pay taxes because our land is poor	we don't pay taxes because our land is poor	0	0	0
/opt/gpfs/users/shuai/work/block-conversion-b2/OmniVoice/results_b2_final_gs3p0/seedtts_en/common_voice_en_36990355-common_voice_en_36990357.wav	0.0	incorporation would also permit central high to apply for municipal grants	incorporation would also permit central high to apply for municipal grants	0	0	0
/opt/gpfs/users/shuai/work/block-conversion-b2/OmniVoice/results_b2_final_gs3p0/seedtts_en/common_voice_en_36990355-common_voice_en_36990358.wav	0.0	in fact i considered it a financial detriment	in fact i considered it a financial detriment	0	0	0
/opt/gpfs/users/shuai/work/block-conversion-b2/OmniVoice/results_b2_final_gs3p0/seedtts_en/common_voice_en_37047577-common_voice_en_37047572.wav	0.0	they are the native speakers of the tulu language	they are the native speakers of the tulu language	0	0	0
/opt/gpfs/users/shuai/work/block-conversion-b2/OmniVoice/results_b2_final_gs3p0/seedtts_en/common_voice_en_37133940-common_voice_en_37133871.wav	0.0	the naked stage festival has two principal goals	the naked stage festival has two principal goals	0	0	0
/opt/gpfs/users/shuai/work/block-conversion-b2/OmniVoice/results_b2_final_gs3p0/seedtts_en/common_voice_en_37133940-common_voice_en_37134010.wav	0.0	his halfbrother richard ainley was also an actor	his halfbrother richard ainley was also an actor	0	0	0
/opt/gpfs/users/shuai/work/block-conversion-b2/OmniVoice/results_b2_final_gs3p0/seedtts_en/common_voice_en_37203804-common_voice_en_37203803.wav	0.0	by concluding this agreement japan formally recognized the soviet union	by concluding this agreement japan formally recognized the soviet union	0	0	0
/opt/gpfs/users/shuai/work/block-conversion-b2/OmniVoice/results_b2_final_gs3p0/seedtts_en/common_voice_en_37232389-common_voice_en_37190783.wav	0.0	will you be happy when i am in the earth	will you be happy when i am in the earth	0	0	0
/opt/gpfs/users/shuai/work/block-conversion-b2/OmniVoice/results_b2_final_gs3p0/seedtts_en/common_voice_en_37232389-common_voice_en_37190784.wav	0.0	she searched until she found him	she searched until she found him	0	0	0
/opt/gpfs/users/shuai/work/block-conversion-b2/OmniVoice/results_b2_final_gs3p0/seedtts_en/common_voice_en_37237245-common_voice_en_37237243.wav	0.0	another option is to get a professional certification from a national association	another option is to get a professional certification from a national association	0	0	0
/opt/gpfs/users/shuai/work/block-conversion-b2/OmniVoice/results_b2_final_gs3p0/seedtts_en/common_voice_en_37237245-common_voice_en_37237247.wav	0.0	today the old observatory is no longer used for research	today the old observatory is no longer used for research	0	0	0
/opt/gpfs/users/shuai/work/block-conversion-b2/OmniVoice/results_b2_final_gs3p0/seedtts_en/common_voice_en_37238105-common_voice_en_37238104.wav	0.1	thus regional hierarchies exist embedded into the larger international hierarchy	thus regional hierarchies exist embedded into the larger international hierarchy ah	1	0	0
/opt/gpfs/users/shuai/work/block-conversion-b2/OmniVoice/results_b2_final_gs3p0/seedtts_en/common_voice_en_37238105-common_voice_en_37238106.wav	0.0	it is a generalization of horner's method for evaluating a linear combination of monomials	it is a generalization of horner's method for evaluating a linear combination of monomials	0	0	0
/opt/gpfs/users/shuai/work/block-conversion-b2/OmniVoice/results_b2_final_gs3p0/seedtts_en/common_voice_en_37251984-common_voice_en_37251986.wav	0.0	its main building is a huge pyramid containing an entire city inside	its main building is a huge pyramid containing an entire city inside	0	0	0
/opt/gpfs/users/shuai/work/block-conversion-b2/OmniVoice/results_b2_final_gs3p0/seedtts_en/common_voice_en_37251984-common_voice_en_37251991.wav	0.0	he last served as a member of parliament from the opposition	he last served as a member of parliament from the opposition	0	0	0
/opt/gpfs/users/shuai/work/block-conversion-b2/OmniVoice/results_b2_final_gs3p0/seedtts_en/common_voice_en_37262846-common_voice_en_37262842.wav	0.07142857142857142	he was also involved in canadian international development agency programs to develop fisheries abroard	he was also involved in canadian international development agency programs to develop fisheries abroad	0	0	1
/opt/gpfs/users/shuai/work/block-conversion-b2/OmniVoice/results_b2_final_gs3p0/seedtts_en/common_voice_en_37360566-common_voice_en_37360560.wav	0.0	the conservation of the wooden artifacts is an ongoing problem	the conservation of the wooden artifacts is an ongoing problem	0	0	0
/opt/gpfs/users/shuai/work/block-conversion-b2/OmniVoice/results_b2_final_gs3p0/seedtts_en/common_voice_en_37360566-common_voice_en_37360564.wav	0.0	the reservoir is also home to bartley sailing club	the reservoir is also home to bartley sailing club	0	0	0
/opt/gpfs/users/shuai/work/block-conversion-b2/OmniVoice/results_b2_final_gs3p0/seedtts_en/common_voice_en_37368335-common_voice_en_37368333.wav	0.0	the first season continues to rerun in many territories	the first season continues to rerun in many territories	0	0	0
/opt/gpfs/users/shuai/work/block-conversion-b2/OmniVoice/results_b2_final_gs3p0/seedtts_en/common_voice_en_37368335-common_voice_en_37368338.wav	0.0	these awards are aired live every year from nashville tennessee	these awards are aired live every year from nashville tennessee	0	0	0
/opt/gpfs/users/shuai/work/block-conversion-b2/OmniVoice/results_b2_final_gs3p0/seedtts_en/common_voice_en_37457199-common_voice_en_37457214.wav	0.23076923076923078	stevenson is also the director of music ministries at angeles mesa presbyterian church	ah stevenson is also the director of music ministries at angelus mesa presbyterian church ah	2	0	1
/opt/gpfs/users/shuai/work/block-conversion-b2/OmniVoice/results_b2_final_gs3p0/seedtts_en/common_voice_en_37457199-common_voice_en_37457235.wav	1.0	why born enslaved	i	0	2	1
/opt/gpfs/users/shuai/work/block-conversion-b2/OmniVoice/results_b2_final_gs3p0/seedtts_en/common_voice_en_37470753-common_voice_en_37470743.wav	0.0	marches and rallies held by the organization were usually attended by several hundred people	marches and rallies held by the organization were usually attended by several hundred people	0	0	0
/opt/gpfs/users/shuai/work/block-conversion-b2/OmniVoice/results_b2_final_gs3p0/seedtts_en/common_voice_en_37470753-common_voice_en_37470745.wav	0.0	carson greatly admired the talents of hank williams	carson greatly admired the talents of hank williams	0	0	0
/opt/gpfs/users/shuai/work/block-conversion-b2/OmniVoice/results_b2_final_gs3p0/seedtts_en/common_voice_en_37481059-common_voice_en_37481085.wav	0.0	he declared himself ruler with no opposition	he declared himself ruler with no opposition	0	0	0
/opt/gpfs/users/shuai/work/block-conversion-b2/OmniVoice/results_b2_final_gs3p0/seedtts_en/common_voice_en_37793802-common_voice_en_37793803.wav	0.0	the equipment needed to do this includes rock saws and polishers	the equipment needed to do this includes rock saws and polishers	0	0	0
/opt/gpfs/users/shuai/work/block-conversion-b2/OmniVoice/results_b2_final_gs3p0/seedtts_en/common_voice_en_37793802-common_voice_en_37793816.wav	0.0	the giants participated in the cactus league during spring training	the giants participated in the cactus league during spring training	0	0	0
/opt/gpfs/users/shuai/work/block-conversion-b2/OmniVoice/results_b2_final_gs3p0/seedtts_en/common_voice_en_38573-common_voice_en_38570.wav	0.0	it's easy and yet i've never done it before he thought	it's easy and yet i've never done it before he thought	0	0	0
/opt/gpfs/users/shuai/work/block-conversion-b2/OmniVoice/results_b2_final_gs3p0/seedtts_en/common_voice_en_38573-common_voice_en_38572.wav	0.0	the desert with its endless monotony put him to dreaming	the desert with its endless monotony put him to dreaming	0	0	0
/opt/gpfs/users/shuai/work/block-conversion-b2/OmniVoice/results_b2_final_gs3p0/seedtts_en/common_voice_en_46083-common_voice_en_46084.wav	0.0	can you help me find preaching to the perverted	can you help me find preaching to the perverted	0	0	0
/opt/gpfs/users/shuai/work/block-conversion-b2/OmniVoice/results_b2_final_gs3p0/seedtts_en/common_voice_en_479422-common_voice_en_479426.wav	0.3333333333333333	grumbling makes the loaf no larger	uh grumbling makes the loaf no larger uh	2	0	0
/opt/gpfs/users/shuai/work/block-conversion-b2/OmniVoice/results_b2_final_gs3p0/seedtts_en/common_voice_en_484174-common_voice_en_484173.wav	0.0	i'm trying to explain to my mother how to get pictures off her phone	i'm trying to explain to my mother how to get pictures off her phone	0	0	0
/opt/gpfs/users/shuai/work/block-conversion-b2/OmniVoice/results_b2_final_gs3p0/seedtts_en/common_voice_en_484174-common_voice_en_484175.wav	0.08333333333333333	sometimes it's better to be with the sheep who don't say anything	sometimes it's better to be with the sheep who don't say	0	1	0
/opt/gpfs/users/shuai/work/block-conversion-b2/OmniVoice/results_b2_final_gs3p0/seedtts_en/common_voice_en_485101-common_voice_en_485099.wav	0.0	elsa knitted furiously	elsa knitted furiously	0	0	0
/opt/gpfs/users/shuai/work/block-conversion-b2/OmniVoice/results_b2_final_gs3p0/seedtts_en/common_voice_en_485101-common_voice_en_485100.wav	0.0	i'll always let you down	i'll always let you down	0	0	0
/opt/gpfs/users/shuai/work/block-conversion-b2/OmniVoice/results_b2_final_gs3p0/seedtts_en/common_voice_en_487077-common_voice_en_487076.wav	0.09090909090909091	the runway seems way to short for this type of plane	the runway seems way too short for this type of plane	0	0	1
/opt/gpfs/users/shuai/work/block-conversion-b2/OmniVoice/results_b2_final_gs3p0/seedtts_en/common_voice_en_487077-common_voice_en_487079.wav	1.0	i feel sick what should i do	fee	0	6	1
/opt/gpfs/users/shuai/work/block-conversion-b2/OmniVoice/results_b2_final_gs3p0/seedtts_en/common_voice_en_489724-common_voice_en_489725.wav	0.0	she walked across the street wearing stereo headphones and staring at her smartphone	she walked across the street wearing stereo headphones and staring at her smartphone	0	0	0
/opt/gpfs/users/shuai/work/block-conversion-b2/OmniVoice/results_b2_final_gs3p0/seedtts_en/common_voice_en_489724-common_voice_en_489726.wav	0.0	nobody ever received the nobel prize for the invention of chewing tobacco	nobody ever received the nobel prize for the invention of chewing tobacco	0	0	0
/opt/gpfs/users/shuai/work/block-conversion-b2/OmniVoice/results_b2_final_gs3p0/seedtts_en/common_voice_en_490614-common_voice_en_490613.wav	0.0	i was scared but wasted no time in going out and crossing the bridge to the sand pits	i was scared but wasted no time in going out and crossing the bridge to the sand pits	0	0	0
/opt/gpfs/users/shuai/work/block-conversion-b2/OmniVoice/results_b2_final_gs3p0/seedtts_en/common_voice_en_490614-common_voice_en_490618.wav	0.0	it must have fallen while i was sitting over there	it must have fallen while i was sitting over there	0	0	0
/opt/gpfs/users/shuai/work/block-conversion-b2/OmniVoice/results_b2_final_gs3p0/seedtts_en/common_voice_en_493276-common_voice_en_493277.wav	0.0	i need to sell some wool the boy told the merchant	i need to sell some wool the boy told the merchant	0	0	0
/opt/gpfs/users/shuai/work/block-conversion-b2/OmniVoice/results_b2_final_gs3p0/seedtts_en/common_voice_en_493740-common_voice_en_493738.wav	0.125	mrs lewis was selected as the new commissioner	mrs lewis was selected as the new commissioner hmm	1	0	0
/opt/gpfs/users/shuai/work/block-conversion-b2/OmniVoice/results_b2_final_gs3p0/seedtts_en/common_voice_en_497961-common_voice_en_497960.wav	0.0	a little boy in a striped shirt jumps from a blue slide	a little boy in a striped shirt jumps from a blue slide	0	0	0
/opt/gpfs/users/shuai/work/block-conversion-b2/OmniVoice/results_b2_final_gs3p0/seedtts_en/common_voice_en_502839-common_voice_en_502843.wav	0.0	vanessa cannot undo her mistake	vanessa cannot undo her mistake	0	0	0
/opt/gpfs/users/shuai/work/block-conversion-b2/OmniVoice/results_b2_final_gs3p0/seedtts_en/common_voice_en_508059-common_voice_en_508057.wav	0.0	all that time the martians must have been getting ready	all that time the martians must have been getting ready	0	0	0
/opt/gpfs/users/shuai/work/block-conversion-b2/OmniVoice/results_b2_final_gs3p0/seedtts_en/common_voice_en_509177-common_voice_en_509176.wav	0.0	this artful creation is more than just a picture it's a statement by the artist	this artful creation is more than just a picture it's a statement by the artist	0	0	0
/opt/gpfs/users/shuai/work/block-conversion-b2/OmniVoice/results_b2_final_gs3p0/seedtts_en/common_voice_en_509177-common_voice_en_509186.wav	0.0	they climbed a tall crane without securing themselves and filmed it for their youtube channel	they climbed a tall crane without securing themselves and filmed it for their youtube channel	0	0	0
/opt/gpfs/users/shuai/work/block-conversion-b2/OmniVoice/results_b2_final_gs3p0/seedtts_en/common_voice_en_519777-common_voice_en_519776.wav	0.09090909090909091	in biology we study plants and animals in their natural environment	in biology we study plants and animals in their natural environment right	1	0	0
/opt/gpfs/users/shuai/work/block-conversion-b2/OmniVoice/results_b2_final_gs3p0/seedtts_en/common_voice_en_519777-common_voice_en_519780.wav	0.0	a stone flounder is the textbook definition of effective camouflage	a stone flounder is the textbook definition of effective camouflage	0	0	0
/opt/gpfs/users/shuai/work/block-conversion-b2/OmniVoice/results_b2_final_gs3p0/seedtts_en/common_voice_en_523215-common_voice_en_523218.wav	0.0	when i first started using dragon i was bummed to be restricted to windows	when i first started using dragon i was bummed to be restricted to windows	0	0	0
/opt/gpfs/users/shuai/work/block-conversion-b2/OmniVoice/results_b2_final_gs3p0/seedtts_en/common_voice_en_523215-common_voice_en_523219.wav	0.07692307692307693	she needed to be pretty observant to have noticed such a small crack	she needed to be pretty observant to have noticed such a small crack oh	1	0	0
/opt/gpfs/users/shuai/work/block-conversion-b2/OmniVoice/results_b2_final_gs3p0/seedtts_en/common_voice_en_524057-common_voice_en_524059.wav	0.1111111111111111	my dog is an alsatian we call her 'poppy'	my dog is an alsatian we call her poppy	0	0	1
/opt/gpfs/users/shuai/work/block-conversion-b2/OmniVoice/results_b2_final_gs3p0/seedtts_en/common_voice_en_524057-common_voice_en_524061.wav	0.0	her achievements will never be forgotten	her achievements will never be forgotten	0	0	0
/opt/gpfs/users/shuai/work/block-conversion-b2/OmniVoice/results_b2_final_gs3p0/seedtts_en/common_voice_en_528625-common_voice_en_528628.wav	0.0	it registers to save locations and jump to them quickly later	it registers to save locations and jump to them quickly later	0	0	0
/opt/gpfs/users/shuai/work/block-conversion-b2/OmniVoice/results_b2_final_gs3p0/seedtts_en/common_voice_en_530085-common_voice_en_530083.wav	0.0	he had found where his treasure was and was frightened at what might happen	he had found where his treasure was and was frightened at what might happen	0	0	0
/opt/gpfs/users/shuai/work/block-conversion-b2/OmniVoice/results_b2_final_gs3p0/seedtts_en/common_voice_en_530085-common_voice_en_530084.wav	0.0	the boy began again to read his book but he was no longer able to concentrate	the boy began again to read his book but he was no longer able to concentrate	0	0	0
/opt/gpfs/users/shuai/work/block-conversion-b2/OmniVoice/results_b2_final_gs3p0/seedtts_en/common_voice_en_537760-common_voice_en_537763.wav	0.0	i have watched the caravan as it crossed the desert he said	i have watched the caravan as it crossed the desert he said	0	0	0
/opt/gpfs/users/shuai/work/block-conversion-b2/OmniVoice/results_b2_final_gs3p0/seedtts_en/common_voice_en_537766-common_voice_en_537767.wav	0.0	the heather was on fire and you could see a thin blue smoke rising up slowly	the heather was on fire and you could see a thin blue smoke rising up slowly	0	0	0
/opt/gpfs/users/shuai/work/block-conversion-b2/OmniVoice/results_b2_final_gs3p0/seedtts_en/common_voice_en_537766-common_voice_en_537768.wav	0.0	i pointed out mars a bright dot of light	i pointed out mars a bright dot of light	0	0	0
/opt/gpfs/users/shuai/work/block-conversion-b2/OmniVoice/results_b2_final_gs3p0/seedtts_en/common_voice_en_541573-common_voice_en_541571.wav	0.14285714285714285	there the flood mark is ten inches	there the flood mark is 10 inches	0	0	1
/opt/gpfs/users/shuai/work/block-conversion-b2/OmniVoice/results_b2_final_gs3p0/seedtts_en/common_voice_en_550301-common_voice_en_550302.wav	0.1	the snake slithered toward the shaded boulders under the cliff	the snake slithered toward the shaded boulders under the cliff ah	1	0	0
/opt/gpfs/users/shuai/work/block-conversion-b2/OmniVoice/results_b2_final_gs3p0/seedtts_en/common_voice_en_550301-common_voice_en_550303.wav	0.0	the weight of the package was seen on the high scale	the weight of the package was seen on the high scale	0	0	0
/opt/gpfs/users/shuai/work/block-conversion-b2/OmniVoice/results_b2_final_gs3p0/seedtts_en/common_voice_en_554379-common_voice_en_554380.wav	0.18181818181818182	i got drunk yesterday and thought i built a super computer	i got drunk yesterday and thought i built a supercomputer	0	1	1
/opt/gpfs/users/shuai/work/block-conversion-b2/OmniVoice/results_b2_final_gs3p0/seedtts_en/common_voice_en_557392-common_voice_en_557393.wav	0.0	he did find it soon after dawn and not far from the sand pits	he did find it soon after dawn and not far from the sand pits	0	0	0
/opt/gpfs/users/shuai/work/block-conversion-b2/OmniVoice/results_b2_final_gs3p0/seedtts_en/common_voice_en_557392-common_voice_en_557395.wav	0.0	this was the strangest of all things that ever came to earth from outer space	this was the strangest of all things that ever came to earth from outer space	0	0	0
/opt/gpfs/users/shuai/work/block-conversion-b2/OmniVoice/results_b2_final_gs3p0/seedtts_en/common_voice_en_557458-common_voice_en_557459.wav	0.0	the heather was on fire and you could see a thin blue smoke rising up slowly	the heather was on fire and you could see a thin blue smoke rising up slowly	0	0	0
/opt/gpfs/users/shuai/work/block-conversion-b2/OmniVoice/results_b2_final_gs3p0/seedtts_en/common_voice_en_557458-common_voice_en_557460.wav	0.0	it left a greenish streak that glowed for some seconds	it left a greenish streak that glowed for some seconds	0	0	0
/opt/gpfs/users/shuai/work/block-conversion-b2/OmniVoice/results_b2_final_gs3p0/seedtts_en/common_voice_en_56141-common_voice_en_56142.wav	0.0	the panama canal connects the pacific ocean with the atlantic ocean	the panama canal connects the pacific ocean with the atlantic ocean	0	0	0
/opt/gpfs/users/shuai/work/block-conversion-b2/OmniVoice/results_b2_final_gs3p0/seedtts_en/common_voice_en_563060-common_voice_en_563063.wav	0.0	there was no way for everybody to know about alchemy	there was no way for everybody to know about alchemy	0	0	0
/opt/gpfs/users/shuai/work/block-conversion-b2/OmniVoice/results_b2_final_gs3p0/seedtts_en/common_voice_en_563060-common_voice_en_563064.wav	0.0	the men of the desert were already familiar with that wind	the men of the desert were already familiar with that wind	0	0	0
/opt/gpfs/users/shuai/work/block-conversion-b2/OmniVoice/results_b2_final_gs3p0/seedtts_en/common_voice_en_564578-common_voice_en_564576.wav	0.0	strike while the iron is hot make hay while the sun shines	strike while the iron is hot make hay while the sun shines	0	0	0
/opt/gpfs/users/shuai/work/block-conversion-b2/OmniVoice/results_b2_final_gs3p0/seedtts_en/common_voice_en_564578-common_voice_en_564579.wav	0.0	as they began to decorate the hallway a silhouette appeared in the doorway	as they began to decorate the hallway a silhouette appeared in the doorway	0	0	0
/opt/gpfs/users/shuai/work/block-conversion-b2/OmniVoice/results_b2_final_gs3p0/seedtts_en/common_voice_en_565900-common_voice_en_565901.wav	0.0	he told them all to be seated	he told them all to be seated	0	0	0
/opt/gpfs/users/shuai/work/block-conversion-b2/OmniVoice/results_b2_final_gs3p0/seedtts_en/common_voice_en_565900-common_voice_en_565902.wav	0.07142857142857142	it said that the darkest hour of the night came just before the dawn	it's said that the darkest hour of the night came just before the dawn	0	0	1
/opt/gpfs/users/shuai/work/block-conversion-b2/OmniVoice/results_b2_final_gs3p0/seedtts_en/common_voice_en_566283-common_voice_en_566281.wav	0.0	a thin man lies against the side of the street with his shirt and a shoe off and bags nearby	a thin man lies against the side of the street with his shirt and a shoe off and bags nearby	0	0	0
/opt/gpfs/users/shuai/work/block-conversion-b2/OmniVoice/results_b2_final_gs3p0/seedtts_en/common_voice_en_566283-common_voice_en_566282.wav	0.0	a group of people are at a gathering where there is a large colorful flag	a group of people are at a gathering where there is a large colorful flag	0	0	0
/opt/gpfs/users/shuai/work/block-conversion-b2/OmniVoice/results_b2_final_gs3p0/seedtts_en/common_voice_en_568078-common_voice_en_568079.wav	0.0	it's a long way to tipperary it's a long way to go	it's a long way to tipperary it's a long way to go	0	0	0
/opt/gpfs/users/shuai/work/block-conversion-b2/OmniVoice/results_b2_final_gs3p0/seedtts_en/common_voice_en_568078-common_voice_en_568080.wav	0.0	you can choose either yes or nope	you can choose either yes or nope	0	0	0
/opt/gpfs/users/shuai/work/block-conversion-b2/OmniVoice/results_b2_final_gs3p0/seedtts_en/common_voice_en_570615-common_voice_en_570616.wav	0.0	the bark of the pine tree was shiny and dark	the bark of the pine tree was shiny and dark	0	0	0
/opt/gpfs/users/shuai/work/block-conversion-b2/OmniVoice/results_b2_final_gs3p0/seedtts_en/common_voice_en_570619-common_voice_en_570620.wav	0.0	a woman sits as she shows the designs she has made in the floor	a woman sits as she shows the designs she has made in the floor	0	0	0
/opt/gpfs/users/shuai/work/block-conversion-b2/OmniVoice/results_b2_final_gs3p0/seedtts_en/common_voice_en_570619-common_voice_en_570622.wav	0.2	a large column of bicyclists is cycling down a road	large column of bicyclists is cycling down a road uh	1	1	0
/opt/gpfs/users/shuai/work/block-conversion-b2/OmniVoice/results_b2_final_gs3p0/seedtts_en/common_voice_en_571544-common_voice_en_571546.wav	0.0	now i will drift gently off to dreamland	now i will drift gently off to dreamland	0	0	0
/opt/gpfs/users/shuai/work/block-conversion-b2/OmniVoice/results_b2_final_gs3p0/seedtts_en/common_voice_en_571544-common_voice_en_571548.wav	0.16666666666666666	strange images passed through my mind	strange images pass through my mind	0	0	1
/opt/gpfs/users/shuai/work/block-conversion-b2/OmniVoice/results_b2_final_gs3p0/seedtts_en/common_voice_en_573135-common_voice_en_573137.wav	0.0	it was the first time either had touched the other	it was the first time either had touched the other	0	0	0
/opt/gpfs/users/shuai/work/block-conversion-b2/OmniVoice/results_b2_final_gs3p0/seedtts_en/common_voice_en_573135-common_voice_en_573138.wav	0.0	i've never had one before the merchant answered	i've never had one before the merchant answered	0	0	0
/opt/gpfs/users/shuai/work/block-conversion-b2/OmniVoice/results_b2_final_gs3p0/seedtts_en/common_voice_en_575287-common_voice_en_575288.wav	0.0	a young child is enjoying a drink at the supermarket	a young child is enjoying a drink at the supermarket	0	0	0
/opt/gpfs/users/shuai/work/block-conversion-b2/OmniVoice/results_b2_final_gs3p0/seedtts_en/common_voice_en_578084-common_voice_en_578101.wav	0.0	the loafers and golf caddies were used to hanging out near the railway station	the loafers and golf caddies were used to hanging out near the railway station	0	0	0
/opt/gpfs/users/shuai/work/block-conversion-b2/OmniVoice/results_b2_final_gs3p0/seedtts_en/common_voice_en_578084-common_voice_en_578102.wav	0.0	it was only when i got this close to it that the strangeness of it was at all evident to me	it was only when i got this close to it that the strangeness of it was at all evident to me	0	0	0
/opt/gpfs/users/shuai/work/block-conversion-b2/OmniVoice/results_b2_final_gs3p0/seedtts_en/common_voice_en_581024-common_voice_en_581027.wav	0.0	epilepsy is a condition which sends the sufferer into uncontrollable convulsions	epilepsy is a condition which sends the sufferer into uncontrollable convulsions	0	0	0
/opt/gpfs/users/shuai/work/block-conversion-b2/OmniVoice/results_b2_final_gs3p0/seedtts_en/common_voice_en_581024-common_voice_en_581028.wav	0.0	i still say that this john doe person is a myth	i still say that this john doe person is a myth	0	0	0
/opt/gpfs/users/shuai/work/block-conversion-b2/OmniVoice/results_b2_final_gs3p0/seedtts_en/common_voice_en_586741-common_voice_en_586737.wav	0.0	please search the best of steely dan then and now saga	please search the best of steely dan then and now saga	0	0	0
/opt/gpfs/users/shuai/work/block-conversion-b2/OmniVoice/results_b2_final_gs3p0/seedtts_en/common_voice_en_586741-common_voice_en_586742.wav	0.0	do unto others as you would have them do to you	do unto others as you would have them do to you	0	0	0
/opt/gpfs/users/shuai/work/block-conversion-b2/OmniVoice/results_b2_final_gs3p0/seedtts_en/common_voice_en_588627-common_voice_en_588628.wav	0.0	a cloud of dust stung his tender eyes	a cloud of dust stung his tender eyes	0	0	0
/opt/gpfs/users/shuai/work/block-conversion-b2/OmniVoice/results_b2_final_gs3p0/seedtts_en/common_voice_en_588627-common_voice_en_588631.wav	0.0	they mocked him by imitating all of his actions	they mocked him by imitating all of his actions	0	0	0
/opt/gpfs/users/shuai/work/block-conversion-b2/OmniVoice/results_b2_final_gs3p0/seedtts_en/common_voice_en_589496-common_voice_en_589494.wav	0.0	the man looked at him without responding	the man looked at him without responding	0	0	0
/opt/gpfs/users/shuai/work/block-conversion-b2/OmniVoice/results_b2_final_gs3p0/seedtts_en/common_voice_en_589496-common_voice_en_589495.wav	0.0	i'm afraid that if my dream is realized i'll have no reason to go on living	i'm afraid that if my dream is realized i'll have no reason to go on living	0	0	0
/opt/gpfs/users/shuai/work/block-conversion-b2/OmniVoice/results_b2_final_gs3p0/seedtts_en/common_voice_en_590785-common_voice_en_590791.wav	0.0	angela is pregnant she told me	angela is pregnant she told me	0	0	0
/opt/gpfs/users/shuai/work/block-conversion-b2/OmniVoice/results_b2_final_gs3p0/seedtts_en/common_voice_en_590785-common_voice_en_590794.wav	0.0	did you write it or didn't you	did you write it or didn't you	0	0	0
/opt/gpfs/users/shuai/work/block-conversion-b2/OmniVoice/results_b2_final_gs3p0/seedtts_en/common_voice_en_591530-common_voice_en_591529.wav	0.0	outdoor area crowded with jeeps packed with people seen from behind	outdoor area crowded with jeeps packed with people seen from behind	0	0	0
/opt/gpfs/users/shuai/work/block-conversion-b2/OmniVoice/results_b2_final_gs3p0/seedtts_en/common_voice_en_591530-common_voice_en_591531.wav	0.0	a soccer player gets ready for a corner kick	a soccer player gets ready for a corner kick	0	0	0
/opt/gpfs/users/shuai/work/block-conversion-b2/OmniVoice/results_b2_final_gs3p0/seedtts_en/common_voice_en_593372-common_voice_en_593370.wav	0.0	i had a memo from art today	i had a memo from art today	0	0	0
/opt/gpfs/users/shuai/work/block-conversion-b2/OmniVoice/results_b2_final_gs3p0/seedtts_en/common_voice_en_593372-common_voice_en_593374.wav	1.0	i'm terribly sorry she isn't here	nah	0	5	1
/opt/gpfs/users/shuai/work/block-conversion-b2/OmniVoice/results_b2_final_gs3p0/seedtts_en/common_voice_en_597578-common_voice_en_597577.wav	0.0	i can't get back in and it's starting to snow	i can't get back in and it's starting to snow	0	0	0
/opt/gpfs/users/shuai/work/block-conversion-b2/OmniVoice/results_b2_final_gs3p0/seedtts_en/common_voice_en_597578-common_voice_en_597583.wav	0.0	wilma's gone cat sitting again for the weekend if you want to come over	wilma's gone cat sitting again for the weekend if you want to come over	0	0	0
/opt/gpfs/users/shuai/work/block-conversion-b2/OmniVoice/results_b2_final_gs3p0/seedtts_en/common_voice_en_599060-common_voice_en_599063.wav	0.0	a woman raises a flag in front of a barricade and police	a woman raises a flag in front of a barricade and police	0	0	0
/opt/gpfs/users/shuai/work/block-conversion-b2/OmniVoice/results_b2_final_gs3p0/seedtts_en/common_voice_en_599060-common_voice_en_599064.wav	0.0	a sweaty drummer feels the music as he drums away	a sweaty drummer feels the music as he drums away	0	0	0
/opt/gpfs/users/shuai/work/block-conversion-b2/OmniVoice/results_b2_final_gs3p0/seedtts_en/common_voice_en_603760-common_voice_en_603759.wav	0.0	he remembered something his grandfather had once told him that butterflies were a good omen	he remembered something his grandfather had once told him that butterflies were a good omen	0	0	0
/opt/gpfs/users/shuai/work/block-conversion-b2/OmniVoice/results_b2_final_gs3p0/seedtts_en/common_voice_en_603760-common_voice_en_603762.wav	0.0625	the alchemist erased the circle in the sand and the snake slithered away among the rocks	the alchemist erased the circle in the sand and the snake slithered away among the rocks oh	1	0	0
/opt/gpfs/users/shuai/work/block-conversion-b2/OmniVoice/results_b2_final_gs3p0/seedtts_en/common_voice_en_605765-common_voice_en_605766.wav	0.09090909090909091	i can't very well leave without a pair of water wings	i can't very well leave without a pair of water wings ah	1	0	0
/opt/gpfs/users/shuai/work/block-conversion-b2/OmniVoice/results_b2_final_gs3p0/seedtts_en/common_voice_en_605765-common_voice_en_605777.wav	0.0	still a better love story than twilight he commented on the porn movie	still a better love story than twilight he commented on the porn movie	0	0	0
/opt/gpfs/users/shuai/work/block-conversion-b2/OmniVoice/results_b2_final_gs3p0/seedtts_en/common_voice_en_606373-common_voice_en_606376.wav	0.0	so what should i do now the boy asked	so what should i do now the boy asked	0	0	0
/opt/gpfs/users/shuai/work/block-conversion-b2/OmniVoice/results_b2_final_gs3p0/seedtts_en/common_voice_en_606373-common_voice_en_606378.wav	0.2727272727272727	it's not easy to find the philosopher's stone said the englishman	it's not easy to find the philosopher's stone says the english translator	1	0	2
/opt/gpfs/users/shuai/work/block-conversion-b2/OmniVoice/results_b2_final_gs3p0/seedtts_en/common_voice_en_613849-common_voice_en_613850.wav	0.0	an led was indicating the proximity detector was working properly	an led was indicating the proximity detector was working properly	0	0	0
/opt/gpfs/users/shuai/work/block-conversion-b2/OmniVoice/results_b2_final_gs3p0/seedtts_en/common_voice_en_615162-common_voice_en_615158.wav	0.0	we must get some of that serum as soon as possible	we must get some of that serum as soon as possible	0	0	0
/opt/gpfs/users/shuai/work/block-conversion-b2/OmniVoice/results_b2_final_gs3p0/seedtts_en/common_voice_en_615162-common_voice_en_615165.wav	0.0	in the past i've had trouble prioritizing stuff in this list	in the past i've had trouble prioritizing stuff in this list	0	0	0
/opt/gpfs/users/shuai/work/block-conversion-b2/OmniVoice/results_b2_final_gs3p0/seedtts_en/common_voice_en_621521-common_voice_en_621522.wav	0.0	a lot of patience but shepherds know all about patience	a lot of patience but shepherds know all about patience	0	0	0
/opt/gpfs/users/shuai/work/block-conversion-b2/OmniVoice/results_b2_final_gs3p0/seedtts_en/common_voice_en_628642-common_voice_en_628644.wav	0.0	there's nothing in it	there's nothing in it	0	0	0
/opt/gpfs/users/shuai/work/block-conversion-b2/OmniVoice/results_b2_final_gs3p0/seedtts_en/common_voice_en_628642-common_voice_en_628645.wav	0.0	we have already met but it would be nice to see him again	we have already met but it would be nice to see him again	0	0	0
/opt/gpfs/users/shuai/work/block-conversion-b2/OmniVoice/results_b2_final_gs3p0/seedtts_en/common_voice_en_631730-common_voice_en_631729.wav	0.09090909090909091	there is no wine in this country the young man said	there is no wine in this country the young man said ah	1	0	0
/opt/gpfs/users/shuai/work/block-conversion-b2/OmniVoice/results_b2_final_gs3p0/seedtts_en/common_voice_en_631730-common_voice_en_631731.wav	0.0	how strange africa is thought the boy	how strange africa is thought the boy	0	0	0
/opt/gpfs/users/shuai/work/block-conversion-b2/OmniVoice/results_b2_final_gs3p0/seedtts_en/common_voice_en_63703-common_voice_en_63702.wav	0.0	now go upstairs and see what little christina wants	now go upstairs and see what little christina wants	0	0	0
/opt/gpfs/users/shuai/work/block-conversion-b2/OmniVoice/results_b2_final_gs3p0/seedtts_en/common_voice_en_63703-common_voice_en_63704.wav	0.0	what's this the end of the eighth	what's this the end of the eighth	0	0	0
/opt/gpfs/users/shuai/work/block-conversion-b2/OmniVoice/results_b2_final_gs3p0/seedtts_en/common_voice_en_64065-common_voice_en_64062.wav	0.0	i'm never more aware of a room's acoustics than when i'm trying to enjoy a snack i have no intention of sharing	i'm never more aware of a room's acoustics than when i'm trying to enjoy a snack i have no intention of sharing	0	0	0
/opt/gpfs/users/shuai/work/block-conversion-b2/OmniVoice/results_b2_final_gs3p0/seedtts_en/common_voice_en_64065-common_voice_en_64063.wav	0.08333333333333333	it was however still so hot from its flight through the air	it was however still so hot from its flight through the air ah	1	0	0
/opt/gpfs/users/shuai/work/block-conversion-b2/OmniVoice/results_b2_final_gs3p0/seedtts_en/common_voice_en_647713-common_voice_en_647712.wav	0.0	nobody is born as a hero but everyone can become a hero	nobody is born as a hero but everyone can become a hero	0	0	0
/opt/gpfs/users/shuai/work/block-conversion-b2/OmniVoice/results_b2_final_gs3p0/seedtts_en/common_voice_en_647713-common_voice_en_647717.wav	0.2	eddy current brakes are not suitable for locking a wheel	any current brakes are not suitable for locking a wheel ah	1	0	1
/opt/gpfs/users/shuai/work/block-conversion-b2/OmniVoice/results_b2_final_gs3p0/seedtts_en/common_voice_en_648428-common_voice_en_648427.wav	0.0	and he hadn't perceived them because he had become accustomed to them	and he hadn't perceived them because he had become accustomed to them	0	0	0
/opt/gpfs/users/shuai/work/block-conversion-b2/OmniVoice/results_b2_final_gs3p0/seedtts_en/common_voice_en_648428-common_voice_en_648429.wav	0.0	a young arab also loaded down with baggage entered and greeted the englishman	a young arab also loaded down with baggage entered and greeted the englishman	0	0	0
/opt/gpfs/users/shuai/work/block-conversion-b2/OmniVoice/results_b2_final_gs3p0/seedtts_en/common_voice_en_650392-common_voice_en_650389.wav	0.14285714285714285	soldier sitting on top of jeep holding a machine gun and soldier sitting inside	soldiers sitting on top of jeep holding a machine gun and soldiers sitting inside	0	0	2
/opt/gpfs/users/shuai/work/block-conversion-b2/OmniVoice/results_b2_final_gs3p0/seedtts_en/common_voice_en_650392-common_voice_en_650390.wav	0.1	kids and adults walk down path in a tree farm	kids and adults walk down path in a tree farm uh	1	0	0
/opt/gpfs/users/shuai/work/block-conversion-b2/OmniVoice/results_b2_final_gs3p0/seedtts_en/common_voice_en_652024-common_voice_en_652023.wav	0.0	add autry inman to my hanging out and relaxing playlist	add autry inman to my hanging out and relaxing playlist	0	0	0
/opt/gpfs/users/shuai/work/block-conversion-b2/OmniVoice/results_b2_final_gs3p0/seedtts_en/common_voice_en_652024-common_voice_en_652027.wav	0.1	the dragon breathed a stream of fire thirty feet long	the dragon breathed a stream of fire 30 feet long	0	0	1
/opt/gpfs/users/shuai/work/block-conversion-b2/OmniVoice/results_b2_final_gs3p0/seedtts_en/common_voice_en_653337-common_voice_en_653336.wav	0.0	we lit the lantern and walked over to his house	we lit the lantern and walked over to his house	0	0	0
/opt/gpfs/users/shuai/work/block-conversion-b2/OmniVoice/results_b2_final_gs3p0/seedtts_en/common_voice_en_657467-common_voice_en_657468.wav	0.0	the football game ended with neither team scoring a single point	the football game ended with neither team scoring a single point	0	0	0
/opt/gpfs/users/shuai/work/block-conversion-b2/OmniVoice/results_b2_final_gs3p0/seedtts_en/common_voice_en_664748-common_voice_en_664751.wav	0.0	lots of places sell tea around here the merchant said	lots of places sell tea around here the merchant said	0	0	0
/opt/gpfs/users/shuai/work/block-conversion-b2/OmniVoice/results_b2_final_gs3p0/seedtts_en/common_voice_en_664748-common_voice_en_664753.wav	0.0	advancing slowly they searched among the stones	advancing slowly they searched among the stones	0	0	0
/opt/gpfs/users/shuai/work/block-conversion-b2/OmniVoice/results_b2_final_gs3p0/seedtts_en/common_voice_en_667155-common_voice_en_667153.wav	0.2222222222222222	he must be disguised to avoid encounters with thieves	uh he must be disguised to avoid encounters with thieves uh	2	0	0
/opt/gpfs/users/shuai/work/block-conversion-b2/OmniVoice/results_b2_final_gs3p0/seedtts_en/common_voice_en_667155-common_voice_en_667154.wav	0.0	i'm afraid that if my dream is realized i'll have no reason to go on living	i'm afraid that if my dream is realized i'll have no reason to go on living	0	0	0
/opt/gpfs/users/shuai/work/block-conversion-b2/OmniVoice/results_b2_final_gs3p0/seedtts_en/common_voice_en_673471-common_voice_en_673472.wav	0.07692307692307693	i would have won the junior olympics if not for those medaling kids	i would have won the junior olympics if not for those meddling kids	0	0	1
/opt/gpfs/users/shuai/work/block-conversion-b2/OmniVoice/results_b2_final_gs3p0/seedtts_en/common_voice_en_673471-common_voice_en_673473.wav	0.0	and at that i told him and he took my place	and at that i told him and he took my place	0	0	0
/opt/gpfs/users/shuai/work/block-conversion-b2/OmniVoice/results_b2_final_gs3p0/seedtts_en/common_voice_en_674100-common_voice_en_674112.wav	0.0	then he dropped his spade picked up his jacket and came out into the road	then he dropped his spade picked up his jacket and came out into the road	0	0	0
/opt/gpfs/users/shuai/work/block-conversion-b2/OmniVoice/results_b2_final_gs3p0/seedtts_en/common_voice_en_674100-common_voice_en_674114.wav	0.0	revenge is not my style but obviously accidents will happen	revenge is not my style but obviously accidents will happen	0	0	0
/opt/gpfs/users/shuai/work/block-conversion-b2/OmniVoice/results_b2_final_gs3p0/seedtts_en/common_voice_en_678682-common_voice_en_678679.wav	0.0	i think they perceived that nothing was to be done at the moment	i think they perceived that nothing was to be done at the moment	0	0	0
/opt/gpfs/users/shuai/work/block-conversion-b2/OmniVoice/results_b2_final_gs3p0/seedtts_en/common_voice_en_678682-common_voice_en_678684.wav	0.0	i'm trying to explain to my mother how to get pictures off her phone	i'm trying to explain to my mother how to get pictures off her phone	0	0	0
/opt/gpfs/users/shuai/work/block-conversion-b2/OmniVoice/results_b2_final_gs3p0/seedtts_en/common_voice_en_682528-common_voice_en_682530.wav	0.0	before guns were invented armies had to throw bullets at each other and if a bullet touched you you had to sit out until the next war	before guns were invented armies had to throw bullets at each other and if a bullet touched you you had to sit out until the next war	0	0	0
/opt/gpfs/users/shuai/work/block-conversion-b2/OmniVoice/results_b2_final_gs3p0/seedtts_en/common_voice_en_682528-common_voice_en_682536.wav	0.0	and the girl pointed to the south indicating that it was there the strange man lived	and the girl pointed to the south indicating that it was there the strange man lived	0	0	0
/opt/gpfs/users/shuai/work/block-conversion-b2/OmniVoice/results_b2_final_gs3p0/seedtts_en/common_voice_en_684395-common_voice_en_684398.wav	0.0	still after that first million before you're thirty	still after that first million before you're thirty	0	0	0
/opt/gpfs/users/shuai/work/block-conversion-b2/OmniVoice/results_b2_final_gs3p0/seedtts_en/common_voice_en_684395-common_voice_en_684399.wav	0.0	reading between the lines requires understanding	reading between the lines requires understanding	0	0	0
/opt/gpfs/users/shuai/work/block-conversion-b2/OmniVoice/results_b2_final_gs3p0/seedtts_en/common_voice_en_68569-common_voice_en_68570.wav	0.0	this was the strangest of all things that ever came to earth from outer space	this was the strangest of all things that ever came to earth from outer space	0	0	0
/opt/gpfs/users/shuai/work/block-conversion-b2/OmniVoice/results_b2_final_gs3p0/seedtts_en/common_voice_en_68569-common_voice_en_68571.wav	0.0	a large piece suddenly came off and fell with a loud and sharp noise	a large piece suddenly came off and fell with a loud and sharp noise	0	0	0
/opt/gpfs/users/shuai/work/block-conversion-b2/OmniVoice/results_b2_final_gs3p0/seedtts_en/common_voice_en_691043-common_voice_en_691044.wav	0.0	a man with glasses and a beard shaves his beard with a shaver	a man with glasses and a beard shaves his beard with a shaver	0	0	0
/opt/gpfs/users/shuai/work/block-conversion-b2/OmniVoice/results_b2_final_gs3p0/seedtts_en/common_voice_en_691678-common_voice_en_691680.wav	0.0	revenge is not my style but obviously accidents will happen	revenge is not my style but obviously accidents will happen	0	0	0
/opt/gpfs/users/shuai/work/block-conversion-b2/OmniVoice/results_b2_final_gs3p0/seedtts_en/common_voice_en_691678-common_voice_en_691681.wav	0.18181818181818182	i have the diet of a kid who found twenty dollars	i have the diet of a kid who found 20	0	1	1
/opt/gpfs/users/shuai/work/block-conversion-b2/OmniVoice/results_b2_final_gs3p0/seedtts_en/common_voice_en_699384-common_voice_en_699385.wav	0.0	of course the two were unable to do anything	of course the two were unable to do anything	0	0	0
/opt/gpfs/users/shuai/work/block-conversion-b2/OmniVoice/results_b2_final_gs3p0/seedtts_en/common_voice_en_699384-common_voice_en_699386.wav	0.0	dense clouds of smoke or dust can be seen through a powerful telescope	dense clouds of smoke or dust can be seen through a powerful telescope	0	0	0
/opt/gpfs/users/shuai/work/block-conversion-b2/OmniVoice/results_b2_final_gs3p0/seedtts_en/common_voice_en_71427-common_voice_en_71423.wav	0.0	a couple walks through an asian restaurant	a couple walks through an asian restaurant	0	0	0
/opt/gpfs/users/shuai/work/block-conversion-b2/OmniVoice/results_b2_final_gs3p0/seedtts_en/common_voice_en_71427-common_voice_en_71425.wav	0.0	a man in a green and red shirt and blue shorts jumps a hurdle on a track	a man in a green and red shirt and blue shorts jumps a hurdle on a track	0	0	0
/opt/gpfs/users/shuai/work/block-conversion-b2/OmniVoice/results_b2_final_gs3p0/seedtts_en/common_voice_en_75329-common_voice_en_75330.wav	0.0625	looking through the telescope i saw a circle of deep blue and the little round planet	looking through the telescope i saw a circle of deep blue and a little round planet	0	0	1
/opt/gpfs/users/shuai/work/block-conversion-b2/OmniVoice/results_b2_final_gs3p0/seedtts_en/common_voice_en_75329-common_voice_en_75332.wav	0.18181818181818182	i have the diet of a kid who found twenty dollars	i have the diet of a kid who found 20	0	1	1
/opt/gpfs/users/shuai/work/block-conversion-b2/OmniVoice/results_b2_final_gs3p0/seedtts_en/common_voice_en_79862-common_voice_en_79860.wav	0.0	the hunter was alerted by the sound of rustling vegetation behind her	the hunter was alerted by the sound of rustling vegetation behind her	0	0	0
/opt/gpfs/users/shuai/work/block-conversion-b2/OmniVoice/results_b2_final_gs3p0/seedtts_en/common_voice_en_86172-common_voice_en_86171.wav	0.0	there is no universal definition of intelligence but everyone agrees that the ability of learning belongs to it	there is no universal definition of intelligence but everyone agrees that the ability of learning belongs to it	0	0	0
/opt/gpfs/users/shuai/work/block-conversion-b2/OmniVoice/results_b2_final_gs3p0/seedtts_en/common_voice_en_86172-common_voice_en_86173.wav	0.0	even if you're an expert reading all of it is often not feasible due to lack of time	even if you're an expert reading all of it is often not feasible due to lack of time	0	0	0
/opt/gpfs/users/shuai/work/block-conversion-b2/OmniVoice/results_b2_final_gs3p0/seedtts_en/common_voice_en_86363-common_voice_en_86360.wav	0.0	i'm interested only in the present	i'm interested only in the present	0	0	0
/opt/gpfs/users/shuai/work/block-conversion-b2/OmniVoice/results_b2_final_gs3p0/seedtts_en/common_voice_en_86363-common_voice_en_86365.wav	0.0625	before the boy could reply a butterfly appeared and fluttered between him and the old man	before the boy could reply a butterfly appeared and fluttered between him and the old man ah	1	0	0
/opt/gpfs/users/shuai/work/block-conversion-b2/OmniVoice/results_b2_final_gs3p0/seedtts_en/common_voice_en_8805512-common_voice_en_8805513.wav	0.0	a lantern lit up the trees	a lantern lit up the trees	0	0	0
/opt/gpfs/users/shuai/work/block-conversion-b2/OmniVoice/results_b2_final_gs3p0/seedtts_en/common_voice_en_93674-common_voice_en_93672.wav	0.0	he had never imagined that questions about life would be of such importance to a shepherd	he had never imagined that questions about life would be of such importance to a shepherd	0	0	0
/opt/gpfs/users/shuai/work/block-conversion-b2/OmniVoice/results_b2_final_gs3p0/seedtts_en/common_voice_en_93674-common_voice_en_93675.wav	0.0	she would never know the difference because she didn't know how to read	she would never know the difference because she didn't know how to read	0	0	0
/opt/gpfs/users/shuai/work/block-conversion-b2/OmniVoice/results_b2_final_gs3p0/seedtts_en/common_voice_en_9559-common_voice_en_9560.wav	0.0	he didn't consider mending the hole the stones could fall through any time they wanted	he didn't consider mending the hole the stones could fall through any time they wanted	0	0	0
/opt/gpfs/users/shuai/work/block-conversion-b2/OmniVoice/results_b2_final_gs3p0/seedtts_en/common_voice_en_9559-common_voice_en_9562.wav	0.1	this wasn't a strange place it was a new one	this wasn't a strange place it was a new one ha	1	0	0
/opt/gpfs/users/shuai/work/block-conversion-b2/OmniVoice/results_b2_final_gs3p0/seedtts_en/common_voice_en_96260-common_voice_en_96263.wav	0.0	he got up early with the idea of finding it	he got up early with the idea of finding it	0	0	0
Seed-TTS WER (Avg of WERs): 3.96%
WER (Weighted): 3.59%
Errors: 147.0 ins, 113.0 del, 164.0 sub / 11806 words
Name	WER	Truth	Hypothesis	Insertions	Deletions	Substitutions
/opt/gpfs/users/shuai/work/block-conversion-b2/OmniVoice/results_b2_final_gs3p0/seedtts_zh/10002287-00000095.wav	0.045454545454545456	简 单 地 说 这 相 当 于 惠 普 把 消 费 领 域 市 场 拱 手 相 让 了	简   单   的   说   这   相   当   于   惠   普   把   消   费   领   域   市   场   拱   手   相   让   了	0	0	1
/opt/gpfs/users/shuai/work/block-conversion-b2/OmniVoice/results_b2_final_gs3p0/seedtts_zh/10002287-00000099.wav	0.13636363636363635	可 是 对 另 外 两 台 音 调 失 准 怪 声 怪 气 的 琴 他 束 手 窝 策	呃   可   是   对   另   外   两   台   音   调   湿   准   怪   声   怪   气   的   琴   他   束   手   倭   策	1	0	2
/opt/gpfs/users/shuai/work/block-conversion-b2/OmniVoice/results_b2_final_gs3p0/seedtts_zh/10002290-00000102.wav	0.09523809523809523	说 说 你 们 在 京 藏 高 速 怀 安 段 堵 车 现 场 看 到 的 情 况	呃   说   说   你   们   在   京   藏   高   速   淮   安   段   堵   车   现   场   看   到   的   情   况	1	0	1
/opt/gpfs/users/shuai/work/block-conversion-b2/OmniVoice/results_b2_final_gs3p0/seedtts_zh/10002290-00000011.wav	0.0	自 动 驾 驶 将 大 幅 提 升 出 行 安 全 效 率	自   动   驾   驶   将   大   幅   提   升   出   行   安   全   效   率	0	0	0
/opt/gpfs/users/shuai/work/block-conversion-b2/OmniVoice/results_b2_final_gs3p0/seedtts_zh/10002298-00000016.wav	0.0	共 同 建 设 面 向 未 来 的 交 通 和 出 行 服 务 新 生 态	共   同   建   设   面   向   未   来   的   交   通   和   出   行   服   务   新   生   态	0	0	0
/opt/gpfs/users/shuai/work/block-conversion-b2/OmniVoice/results_b2_final_gs3p0/seedtts_zh/10002298-00000019.wav	0.0	我 们 将 为 全 球 城 市 的 可 持 续 发 展 贡 献 力 量	我   们   将   为   全   球   城   市   的   可   持   续   发   展   贡   献   力   量	0	0	0
/opt/gpfs/users/shuai/work/block-conversion-b2/OmniVoice/results_b2_final_gs3p0/seedtts_zh/10002309-00000033.wav	0.0625	目 前 中 国 互 联 网 国 际 化 还 在 开 拓 阶 段	啊   目   前   中   国   互   联   网   国   际   化   还   在   开   拓   阶   段	1	0	0
/opt/gpfs/users/shuai/work/block-conversion-b2/OmniVoice/results_b2_final_gs3p0/seedtts_zh/10002309-00000011.wav	0.0	自 动 驾 驶 将 大 幅 提 升 出 行 安 全 效 率	自   动   驾   驶   将   大   幅   提   升   出   行   安   全   效   率	0	0	0
/opt/gpfs/users/shuai/work/block-conversion-b2/OmniVoice/results_b2_final_gs3p0/seedtts_zh/10002334-00000041.wav	0.0	经 济 发 展 是 城 市 高 效 宜 居 发 展 的 基 石	经   济   发   展   是   城   市   高   效   宜   居   发   展   的   基   石	0	0	0
/opt/gpfs/users/shuai/work/block-conversion-b2/OmniVoice/results_b2_final_gs3p0/seedtts_zh/10002334-00000043.wav	0.0	经 济 发 展 的 不 平 不 充 分 问 题 日 益 突 出	经   济   发   展   的   不   平   不   充   分   问   题   日   益   突   出	0	0	0
/opt/gpfs/users/shuai/work/block-conversion-b2/OmniVoice/results_b2_final_gs3p0/seedtts_zh/10002352-00000005.wav	0.0	女 性 可 以 成 为 成 功 的 科 学 家 工 程 师 和 程 序 员	女   性   可   以   成   为   成   功   的   科   学   家   工   程   师   和   程   序   员	0	0	0
/opt/gpfs/users/shuai/work/block-conversion-b2/OmniVoice/results_b2_final_gs3p0/seedtts_zh/10002352-00000049.wav	0.0	互 联 网 已 经 成 为 一 种 解 决 方 案 的 应 用 层	互   联   网   已   经   成   为   一   种   解   决   方   案   的   应   用   层	0	0	0
/opt/gpfs/users/shuai/work/block-conversion-b2/OmniVoice/results_b2_final_gs3p0/seedtts_zh/10002394-00000006.wav	0.782608695652174	只 有 当 科 技 为 本 地 社 群 创 造 价 值 的 时 候 才 真 正 有 意 义	啊   只   有   当   本   地   才	1	17	0
/opt/gpfs/users/shuai/work/block-conversion-b2/OmniVoice/results_b2_final_gs3p0/seedtts_zh/10002394-00000011.wav	0.0	自 动 驾 驶 将 大 幅 提 升 出 行 安 全 效 率	自   动   驾   驶   将   大   幅   提   升   出   行   安   全   效   率	0	0	0
/opt/gpfs/users/shuai/work/block-conversion-b2/OmniVoice/results_b2_final_gs3p0/seedtts_zh/10002430-00000053.wav	0.058823529411764705	媒 体 迅 速 把 丰 田 的 颓 势 与 日 本 衰 落 挂 钩	啊   媒   体   迅   速   把   丰   田   的   颓   势   与   日   本   衰   落   挂   钩	1	0	0
/opt/gpfs/users/shuai/work/block-conversion-b2/OmniVoice/results_b2_final_gs3p0/seedtts_zh/10002430-00000015.wav	0.0	目 前 共 享 出 行 市 场 处 于 高 速 增 长 阶 段	目   前   共   享   出   行   市   场   处   于   高   速   增   长   阶   段	0	0	0
/opt/gpfs/users/shuai/work/block-conversion-b2/OmniVoice/results_b2_final_gs3p0/seedtts_zh/10002481-00000044.wav	0.0	北 京 在 出 行 规 模 城 市 影 响 力 方 面 表 现 优 异	北   京   在   出   行   规   模   城   市   影   响   力   方   面   表   现   优   异	0	0	0
/opt/gpfs/users/shuai/work/block-conversion-b2/OmniVoice/results_b2_final_gs3p0/seedtts_zh/10002481-00000105.wav	0.09090909090909091	就 在 营 救 进 行 的 同 时 楼 下 却 不 断 地 发 出 欢 呼 起 哄 声	呃   就   在   营   救   进   行   的   同   时   楼   下   却   不   断   的   发   出   欢   呼   起   哄   声	1	0	1
/opt/gpfs/users/shuai/work/block-conversion-b2/OmniVoice/results_b2_final_gs3p0/seedtts_zh/10002508-00000049.wav	0.0	互 联 网 已 经 成 为 一 种 解 决 方 案 的 应 用 层	互   联   网   已   经   成   为   一   种   解   决   方   案   的   应   用   层	0	0	0
/opt/gpfs/users/shuai/work/block-conversion-b2/OmniVoice/results_b2_final_gs3p0/seedtts_zh/10002508-00000062.wav	0.0	值 班 警 长 陈 真 和 同 事 立 即 赶 往 事 发 地 工 商 银 行	值   班   警   长   陈   真   和   同   事   立   即   赶   往   事   发   地   工   商   银   行	0	0	0
/opt/gpfs/users/shuai/work/block-conversion-b2/OmniVoice/results_b2_final_gs3p0/seedtts_zh/10002526-00000044.wav	0.0	北 京 在 出 行 规 模 城 市 影 响 力 方 面 表 现 优 异	北   京   在   出   行   规   模   城   市   影   响   力   方   面   表   现   优   异	0	0	0
/opt/gpfs/users/shuai/work/block-conversion-b2/OmniVoice/results_b2_final_gs3p0/seedtts_zh/10002526-00000012.wav	0.0	产 业 互 联 网 时 代 面 临 很 多 安 全 挑 战	产   业   互   联   网   时   代   面   临   很   多   安   全   挑   战	0	0	0
/opt/gpfs/users/shuai/work/block-conversion-b2/OmniVoice/results_b2_final_gs3p0/seedtts_zh/10002536-00000011.wav	0.0	自 动 驾 驶 将 大 幅 提 升 出 行 安 全 效 率	自   动   驾   驶   将   大   幅   提   升   出   行   安   全   效   率	0	0	0
/opt/gpfs/users/shuai/work/block-conversion-b2/OmniVoice/results_b2_final_gs3p0/seedtts_zh/10002536-00000061.wav	0.0	晃 眼 的 人 民 币 旁 更 多 的 是 生 命 的 无 奈	晃   眼   的   人   民   币   旁   更   多   的   是   生   命   的   无   奈	0	0	0
/opt/gpfs/users/shuai/work/block-conversion-b2/OmniVoice/results_b2_final_gs3p0/seedtts_zh/10002539-00000018.wav	0.0	打 造 更 贴 心 更 细 致 的 个 性 化 服 务	打   造   更   贴   心   更   细   致   的   个   性   化   服   务	0	0	0
/opt/gpfs/users/shuai/work/block-conversion-b2/OmniVoice/results_b2_final_gs3p0/seedtts_zh/10002539-00000054.wav	0.0625	第 一 天 去 前 几 个 小 时 很 尴 尬 孤 零 零 的	啊   第   一   天   去   前   几   个   小   时   很   尴   尬   孤   零   零   的	1	0	0
/opt/gpfs/users/shuai/work/block-conversion-b2/OmniVoice/results_b2_final_gs3p0/seedtts_zh/10002570-00000010.wav	0.0	真 正 落 地 成 为 产 品 服 务 进 入 每 个 人 的 生 活	真   正   落   地   成   为   产   品   服   务   进   入   每   个   人   的   生   活	0	0	0
/opt/gpfs/users/shuai/work/block-conversion-b2/OmniVoice/results_b2_final_gs3p0/seedtts_zh/10002570-00000006.wav	0.0	只 有 当 科 技 为 本 地 社 群 创 造 价 值 时 候 才 能 真 正 有 意 义	只   有   当   科   技   为   本   地   社   群   创   造   价   值   时   候   才   能   真   正   有   意   义	0	0	0
/opt/gpfs/users/shuai/work/block-conversion-b2/OmniVoice/results_b2_final_gs3p0/seedtts_zh/10002698-00000092.wav	0.0	通 过 调 查 将 筛 选 出 一 批 口 味 令 消 费 者 满 意 的 产 品	通   过   调   查   将   筛   选   出   一   批   口   味   令   消   费   者   满   意   的   产   品	0	0	0
/opt/gpfs/users/shuai/work/block-conversion-b2/OmniVoice/results_b2_final_gs3p0/seedtts_zh/10002698-00000106.wav	0.0	此 外 还 有 毒 蛇 蟒 蛇 经 常 出 现 给 发 展 生 造 成 许 多 困 难	此   外   还   有   毒   蛇   蟒   蛇   经   常   出   现   给   发   展   生   造   成   许   多   困   难	0	0	0
/opt/gpfs/users/shuai/work/block-conversion-b2/OmniVoice/results_b2_final_gs3p0/seedtts_zh/10002702-00000051.wav	0.0	这 些 医 疗 队 的 医 生 们 克 服 高 寒 缺 氧 交 通 不 便 等 困 难	这   些   医   疗   队   的   医   生   们   克   服   高   寒   缺   氧   交   通   不   便   等   困   难	0	0	0
/opt/gpfs/users/shuai/work/block-conversion-b2/OmniVoice/results_b2_final_gs3p0/seedtts_zh/10002702-00000007.wav	0.0	创 业 需 要 激 情 更 需 要 强 烈 的 社 会 责 任 感	创   业   需   要   激   情   更   需   要   强   烈   的   社   会   责   任   感	0	0	0
/opt/gpfs/users/shuai/work/block-conversion-b2/OmniVoice/results_b2_final_gs3p0/seedtts_zh/10002730-00000043.wav	0.0	经 济 发 展 的 不 平 衡 不 充 分 问 题 日 益 突 出	经   济   发   展   的   不   平   衡   不   充   分   问   题   日   益   突   出	0	0	0
/opt/gpfs/users/shuai/work/block-conversion-b2/OmniVoice/results_b2_final_gs3p0/seedtts_zh/10002730-00000095.wav	0.0	但 是 这 个 大 坝 仍 然 不 排 除 垮 坝 的 可 能 性	但   是   这   个   大   坝   仍   然   不   排   除   垮   坝   的   可   能   性	0	0	0
/opt/gpfs/users/shuai/work/block-conversion-b2/OmniVoice/results_b2_final_gs3p0/seedtts_zh/10002733-00000021.wav	0.0	导 航 开 始 全 程 二 十 五 公 里 预 计 需 要 十 二 分 钟	导   航   开   始   全   程   二   十   五   公   里   预   计   需   要   十   二   分   钟	0	0	0
/opt/gpfs/users/shuai/work/block-conversion-b2/OmniVoice/results_b2_final_gs3p0/seedtts_zh/10002733-00000009.wav	0.0	通 过 创 新 技 术 让 未 来 出 行 更 加 安 全 高 效	通   过   创   新   技   术   让   未   来   出   行   更   加   安   全   高   效	0	0	0
/opt/gpfs/users/shuai/work/block-conversion-b2/OmniVoice/results_b2_final_gs3p0/seedtts_zh/10002739-00000011.wav	0.0	自 动 驾 驶 将 大 幅 提 升 出 行 安 全 效 率	自   动   驾   驶   将   大   幅   提   升   出   行   安   全   效   率	0	0	0
/opt/gpfs/users/shuai/work/block-conversion-b2/OmniVoice/results_b2_final_gs3p0/seedtts_zh/10002739-00000101.wav	0.0	这 不 是 变 魔 术 而 是 添 加 剂 让 腐 朽 变 神 奇	这   不   是   变   魔   术   而   是   添   加   剂   让   腐   朽   变   神   奇	0	0	0
/opt/gpfs/users/shuai/work/block-conversion-b2/OmniVoice/results_b2_final_gs3p0/seedtts_zh/10002740-00000016.wav	0.0	共 同 建 设 面 向 未 来 的 交 通 和 出 行 服 务 新 生 态	共   同   建   设   面   向   未   来   的   交   通   和   出   行   服   务   新   生   态	0	0	0
/opt/gpfs/users/shuai/work/block-conversion-b2/OmniVoice/results_b2_final_gs3p0/seedtts_zh/10002740-00000052.wav	0.0	他 们 脱 掉 笨 重 的 冬 衣 走 起 路 来 腰 杆 挺 直 步 履 轻 盈	他   们   脱   掉   笨   重   的   冬   衣   走   起   路   来   腰   杆   挺   直   步   履   轻   盈	0	0	0
/opt/gpfs/users/shuai/work/block-conversion-b2/OmniVoice/results_b2_final_gs3p0/seedtts_zh/10002743-00000102.wav	0.13636363636363635	近 三 周 来 他 凭 着 一 股 倔 脾 气 对 这 个 动 作 练 得 特 别 狠	啊   近   三   周   来   他   凭   着   一   股   倔   脾   气   对   这   个   动   作   练   的   特   别   狠   嗯	2	0	1
/opt/gpfs/users/shuai/work/block-conversion-b2/OmniVoice/results_b2_final_gs3p0/seedtts_zh/10002743-00000006.wav	0.0	只 有 当 科 技 为 本 地 社 群 创 造 价 值 的 时 候 才 真 正 有 意 义	只   有   当   科   技   为   本   地   社   群   创   造   价   值   的   时   候   才   真   正   有   意   义	0	0	0
/opt/gpfs/users/shuai/work/block-conversion-b2/OmniVoice/results_b2_final_gs3p0/seedtts_zh/10002745-00000009.wav	0.0	通 过 创 新 技 术 让 未 来 出 行 更 加 安 全 高 效	通   过   创   新   技   术   让   未   来   出   行   更   加   安   全   高   效	0	0	0
/opt/gpfs/users/shuai/work/block-conversion-b2/OmniVoice/results_b2_final_gs3p0/seedtts_zh/10002745-00000044.wav	0.0	北 京 在 出 行 规 模 城 市 影 响 力 方 面 表 现 优 异	北   京   在   出   行   规   模   城   市   影   响   力   方   面   表   现   优   异	0	0	0
/opt/gpfs/users/shuai/work/block-conversion-b2/OmniVoice/results_b2_final_gs3p0/seedtts_zh/10002750-00000099.wav	0.0	认 为 它 可 能 是 唯 一 能 打 破 微 软 垄 断 地 位 的 操 作 系 统	认   为   它   可   能   是   唯   一   能   打   破   微   软   垄   断   地   位   的   操   作   系   统	0	0	0
/opt/gpfs/users/shuai/work/block-conversion-b2/OmniVoice/results_b2_final_gs3p0/seedtts_zh/10002750-00000006.wav	0.08695652173913043	只 有 当 科 技 为 本 地 社 群 创 造 价 值 的 时 候 才 真 正 有 意 义	哦   只   有   当   科   技   为   本   地   社   群   创   造   价   值   的   时   候   才   真   正   有   意   义   哦	2	0	0
/opt/gpfs/users/shuai/work/block-conversion-b2/OmniVoice/results_b2_final_gs3p0/seedtts_zh/10002751-00000060.wav	0.045454545454545456	我 开 始 跟 随 周 老 从 事 了 长 达 数 十 年 的 喘 流 研 究 工 作	我   我   开   始   跟   随   周   老   从   事   了   长   达   数   十   年   的   喘   流   研   究   工   作	1	0	0
/opt/gpfs/users/shuai/work/block-conversion-b2/OmniVoice/results_b2_final_gs3p0/seedtts_zh/10002751-00000071.wav	0.045454545454545456	只 要 狗 一 叫 耿 素 林 就 得 起 来 瞅 瞅 看 是 不 是 来 了 外 人	啊   只   要   狗   一   叫   耿   素   林   就   得   起   来   瞅   瞅   看   是   不   是   来   了   外   人	1	0	0
/opt/gpfs/users/shuai/work/block-conversion-b2/OmniVoice/results_b2_final_gs3p0/seedtts_zh/10002752-00000033.wav	0.0	目 前 中 国 互 联 网 国 际 化 还 在 开 拓 阶 段	目   前   中   国   互   联   网   国   际   化   还   在   开   拓   阶   段	0	0	0
/opt/gpfs/users/shuai/work/block-conversion-b2/OmniVoice/results_b2_final_gs3p0/seedtts_zh/10002752-00000006.wav	0.0	只 有 当 科 技 为 本 地 社 群 创 造 价 值 的 时 候 才 真 正 有 意 义	只   有   当   科   技   为   本   地   社   群   创   造   价   值   的   时   候   才   真   正   有   意   义	0	0	0
/opt/gpfs/users/shuai/work/block-conversion-b2/OmniVoice/results_b2_final_gs3p0/seedtts_zh/10002753-00000006.wav	0.043478260869565216	只 有 当 科 技 为 本 地 社 群 创 造 价 值 的 时 候 才 真 正 有 意 义	呃   只   有   当   科   技   为   本   地   社   群   创   造   价   值   的   时   候   才   真   正   有   意   义	1	0	0
/opt/gpfs/users/shuai/work/block-conversion-b2/OmniVoice/results_b2_final_gs3p0/seedtts_zh/10002753-00000069.wav	0.043478260869565216	我 们 当 迎 着 阳 光 辛 勤 耕 作 去 摘 取 去 制 作 去 品 尝 去 馈 赠	我   我   们   当   迎   着   阳   光   辛   勤   耕   作   去   摘   取   去   制   作   去   品   尝   去   馈   赠	1	0	0
/opt/gpfs/users/shuai/work/block-conversion-b2/OmniVoice/results_b2_final_gs3p0/seedtts_zh/10002754-00000006.wav	0.0	只 有 当 科 技 为 本 地 社 群 创 造 价 值 的 时 候 才 真 正 有 意 义	只   有   当   科   技   为   本   地   社   群   创   造   价   值   的   时   候   才   真   正   有   意   义	0	0	0
/opt/gpfs/users/shuai/work/block-conversion-b2/OmniVoice/results_b2_final_gs3p0/seedtts_zh/10002754-00000100.wav	0.0	一 副 巨 大 的 对 联 贴 在 拉 萨 市 水 泥 厂 礼 堂 的 门 柱 上	一   副   巨   大   的   对   联   贴   在   拉   萨   市   水   泥   厂   礼   堂   的   门   柱   上	0	0	0
/opt/gpfs/users/shuai/work/block-conversion-b2/OmniVoice/results_b2_final_gs3p0/seedtts_zh/10002756-00000021.wav	0.05263157894736842	导 航 开 始 全 程 二 十 五 公 里 预 计 需 要 十 二 分 钟	哦   导   航   开   始   全   程   二   十   五   公   里   预   计   需   要   十   二   分   钟	1	0	0
/opt/gpfs/users/shuai/work/block-conversion-b2/OmniVoice/results_b2_final_gs3p0/seedtts_zh/10002756-00000074.wav	0.0	大 坝 另 一 端 的 黄 河 三 峡 高 峡 平 湖 气 象 万 千	大   坝   另   一   端   的   黄   河   三   峡   高   峡   平   湖   气   象   万   千	0	0	0
/opt/gpfs/users/shuai/work/block-conversion-b2/OmniVoice/results_b2_final_gs3p0/seedtts_zh/10002823-00000012.wav	0.0	产 业 互 联 网 时 代 面 临 很 多 安 全 挑 战	产   业   互   联   网   时   代   面   临   很   多   安   全   挑   战	0	0	0
/opt/gpfs/users/shuai/work/block-conversion-b2/OmniVoice/results_b2_final_gs3p0/seedtts_zh/10002823-00000011.wav	0.0	自 动 驾 驶 将 大 幅 提 升 出 行 安 全 效 率	自   动   驾   驶   将   大   幅   提   升   出   行   安   全   效   率	0	0	0
/opt/gpfs/users/shuai/work/block-conversion-b2/OmniVoice/results_b2_final_gs3p0/seedtts_zh/10002829-00000016.wav	0.0	共 同 建 设 面 向 未 来 的 交 通 和 出 行 服 务 新 生 态	共   同   建   设   面   向   未   来   的   交   通   和   出   行   服   务   新   生   态	0	0	0
/opt/gpfs/users/shuai/work/block-conversion-b2/OmniVoice/results_b2_final_gs3p0/seedtts_zh/10002829-00000062.wav	0.0	他 就 想 把 大 家 聚 在 一 起 吐 槽 说 说 工 作 中 的 问 题	他   就   想   把   大   家   聚   在   一   起   吐   槽   说   说   工   作   中   的   问   题	0	0	0
/opt/gpfs/users/shuai/work/block-conversion-b2/OmniVoice/results_b2_final_gs3p0/seedtts_zh/10002830-00000090.wav	0.05263157894736842	他 拿 起 柴 刀 胡 乱 挥 舞 凶 猛 的 藏 獒 躲 到 了 一 边	他   拿   起   柴   刀   胡   乱   挥   舞   凶   猛   的   藏   獒   躲   到   了   一   边   儿	1	0	0
/opt/gpfs/users/shuai/work/block-conversion-b2/OmniVoice/results_b2_final_gs3p0/seedtts_zh/10002830-00000039.wav	0.0	全 球 每 年 有 超 过 一 百 三 十 五 万 人 因 交 通 事 故 而 死 亡	全   球   每   年   有   超   过   一   百   三   十   五   万   人   因   交   通   事   故   而   死   亡	0	0	0
/opt/gpfs/users/shuai/work/block-conversion-b2/OmniVoice/results_b2_final_gs3p0/seedtts_zh/10002831-00000075.wav	0.047619047619047616	烟 雨 弥 漫 下 山 环 绕 着 水 耸 立 着 水 环 绕 着 山 流 淌 着	啊   烟   雨   弥   漫   下   山   环   绕   着   水   耸   立   着   水   环   绕   着   山   流   淌   着	1	0	0
/opt/gpfs/users/shuai/work/block-conversion-b2/OmniVoice/results_b2_final_gs3p0/seedtts_zh/10002831-00000090.wav	0.05263157894736842	他 拿 起 柴 刀 胡 乱 挥 舞 凶 猛 的 藏 獒 躲 到 了 一 边	啊   他   拿   起   柴   刀   胡   乱   挥   舞   凶   猛   的   藏   獒   躲   到   了   一   边	1	0	0
/opt/gpfs/users/shuai/work/block-conversion-b2/OmniVoice/results_b2_final_gs3p0/seedtts_zh/10002832-00000021.wav	0.09523809523809523	导 航 导 航 开 始 全 程 二 十 五 公 里 预 计 需 要 十 二 分 钟	导   航   开   始   全   程   二   十   五   公   里   预   计   需   要   十   二   分   钟	0	2	0
/opt/gpfs/users/shuai/work/block-conversion-b2/OmniVoice/results_b2_final_gs3p0/seedtts_zh/10002832-00000056.wav	0.0	金 沙 江 内 水 位 虽 然 不 是 很 高 但 浑 浊 的 江 水 依 依 然 湍 急	金   沙   江   内   水   位   虽   然   不   是   很   高   但   浑   浊   的   江   水   依   依   然   湍   急	0	0	0
/opt/gpfs/users/shuai/work/block-conversion-b2/OmniVoice/results_b2_final_gs3p0/seedtts_zh/10002833-00000104.wav	0.0	遗 憾 的 是 看 不 见 窗 外 的 景 致	遗   憾   的   是   看   不   见   窗   外   的   景   致	0	0	0
/opt/gpfs/users/shuai/work/block-conversion-b2/OmniVoice/results_b2_final_gs3p0/seedtts_zh/10002833-00000060.wav	0.0	喜 欢 爬 树 玩 球 还 是 捉 蝴 蝶	喜   欢   爬   树   玩   球   还   是   捉   蝴   蝶	0	0	0
/opt/gpfs/users/shuai/work/block-conversion-b2/OmniVoice/results_b2_final_gs3p0/seedtts_zh/10002834-00000005.wav	0.0	女 性 可 以 成 为 成 功 的 科 学 家 工 程 师 和 程 序 员	女   性   可   以   成   为   成   功   的   科   学   家   工   程   师   和   程   序   员	0	0	0
/opt/gpfs/users/shuai/work/block-conversion-b2/OmniVoice/results_b2_final_gs3p0/seedtts_zh/10002834-00000009.wav	0.0	通 过 创 新 技 术 让 未 来 出 行 更 加 安 全 高 效	通   过   创   新   技   术   让   未   来   出   行   更   加   安   全   高   效	0	0	0
/opt/gpfs/users/shuai/work/block-conversion-b2/OmniVoice/results_b2_final_gs3p0/seedtts_zh/10002841-00000006.wav	0.0	只 有 当 科 技 为 本 地 社 群 创 造 价 值 的 时 候 才 真 正 有 意 义	只   有   当   科   技   为   本   地   社   群   创   造   价   值   的   时   候   才   真   正   有   意   义	0	0	0
/opt/gpfs/users/shuai/work/block-conversion-b2/OmniVoice/results_b2_final_gs3p0/seedtts_zh/10002841-00000044.wav	0.0	北 京 在 出 行 规 模 城 市 影 响 力 方 面 表 现 优 异	北   京   在   出   行   规   模   城   市   影   响   力   方   面   表   现   优   异	0	0	0
/opt/gpfs/users/shuai/work/block-conversion-b2/OmniVoice/results_b2_final_gs3p0/seedtts_zh/10002842-00000052.wav	0.0	有 多 少 次 急 于 用 款 的 企 业 主 拿 着 所 谓 回 扣 找 左 慧 英	有   多   少   次   急   于   用   款   的   企   业   主   拿   着   所   谓   回   扣   找   左   慧   英	0	0	0
/opt/gpfs/users/shuai/work/block-conversion-b2/OmniVoice/results_b2_final_gs3p0/seedtts_zh/10002842-00000072.wav	0.0	就 在 营 救 进 行 的 同 时 楼 下 却 不 断 地 发 出 欢 呼 起 哄 声	就   在   营   救   进   行   的   同   时   楼   下   却   不   断   地   发   出   欢   呼   起   哄   声	0	0	0
/opt/gpfs/users/shuai/work/block-conversion-b2/OmniVoice/results_b2_final_gs3p0/seedtts_zh/10002844-00000016.wav	0.0	共 同 建 设 面 向 未 来 的 交 通 和 出 行 服 务 新 生 态	共   同   建   设   面   向   未   来   的   交   通   和   出   行   服   务   新   生   态	0	0	0
/opt/gpfs/users/shuai/work/block-conversion-b2/OmniVoice/results_b2_final_gs3p0/seedtts_zh/10002844-00000006.wav	0.0	只 有 当 科 技 为 本 地 社 群 创 造 价 值 的 时 候 才 真 正 有 意 义	只   有   当   科   技   为   本   地   社   群   创   造   价   值   的   时   候   才   真   正   有   意   义	0	0	0
/opt/gpfs/users/shuai/work/block-conversion-b2/OmniVoice/results_b2_final_gs3p0/seedtts_zh/10002846-00000051.wav	0.0	民 警 觉 得 这 简 直 是 在 开 玩 笑 他 转 身 去 打 电 话	民   警   觉   得   这   简   直   是   在   开   玩   笑   他   转   身   去   打   电   话	0	0	0
/opt/gpfs/users/shuai/work/block-conversion-b2/OmniVoice/results_b2_final_gs3p0/seedtts_zh/10002846-00000078.wav	0.0	有 朋 友 告 诫 我 地 铁 里 常 有 抢 劫 案 发 生 一 定 要 多 加 防 备	有   朋   友   告   诫   我   地   铁   里   常   有   抢   劫   案   发   生   一   定   要   多   加   防   备	0	0	0
/opt/gpfs/users/shuai/work/block-conversion-b2/OmniVoice/results_b2_final_gs3p0/seedtts_zh/10002848-00000088.wav	0.0	通 过 调 查 将 筛 选 出 一 批 口 味 令 人 消 费 者 满 意 的 产 品	通   过   调   查   将   筛   选   出   一   批   口   味   令   人   消   费   者   满   意   的   产   品	0	0	0
/opt/gpfs/users/shuai/work/block-conversion-b2/OmniVoice/results_b2_final_gs3p0/seedtts_zh/10002848-00000018.wav	0.0	打 造 更 贴 心 更 细 致 的 个 人 性 化 服 务	打   造   更   贴   心   更   细   致   的   个   人   性   化   服   务	0	0	0
/opt/gpfs/users/shuai/work/block-conversion-b2/OmniVoice/results_b2_final_gs3p0/seedtts_zh/10002850-00000039.wav	0.0	全 球 每 年 有 超 过 一 百 三 十 五 万 人 因 交 通 事 故 而 死 亡	全   球   每   年   有   超   过   一   百   三   十   五   万   人   因   交   通   事   故   而   死   亡	0	0	0
/opt/gpfs/users/shuai/work/block-conversion-b2/OmniVoice/results_b2_final_gs3p0/seedtts_zh/10002850-00000016.wav	0.0	共 同 建 设 面 向 未 来 的 交 通 和 出 行 服 务 新 生 态	共   同   建   设   面   向   未   来   的   交   通   和   出   行   服   务   新   生   态	0	0	0
/opt/gpfs/users/shuai/work/block-conversion-b2/OmniVoice/results_b2_final_gs3p0/seedtts_zh/10002852-00000009.wav	0.058823529411764705	通 过 创 新 技 术 让 未 来 出 行 更 加 安 全 高 效	呃   通   过   创   新   技   术   让   未   来   出   行   更   加   安   全   高   效	1	0	0
/opt/gpfs/users/shuai/work/block-conversion-b2/OmniVoice/results_b2_final_gs3p0/seedtts_zh/10002852-00000035.wav	0.06666666666666667	体 验 是 用 户 感 知 是 主 观 的 用 户 价 值	呃   体   验   是   用   户   感   知   是   主   观   的   用   户   价   值	1	0	0
/opt/gpfs/users/shuai/work/block-conversion-b2/OmniVoice/results_b2_final_gs3p0/seedtts_zh/10002853-00000067.wav	0.0	小 数 点 问 题 不 是 政 府 的 责 任 是 专 家 学 者 的 责 任	小   数   点   问   题   不   是   政   府   的   责   任   是   专   家   学   者   的   责   任	0	0	0
/opt/gpfs/users/shuai/work/block-conversion-b2/OmniVoice/results_b2_final_gs3p0/seedtts_zh/10002853-00000010.wav	0.0	真 正 落 地 成 为 产 品 服 务 进 入 每 个 人 的 生 活	真   正   落   地   成   为   产   品   服   务   进   入   每   个   人   的   生   活	0	0	0
/opt/gpfs/users/shuai/work/block-conversion-b2/OmniVoice/results_b2_final_gs3p0/seedtts_zh/10002854-00000077.wav	0.17647058823529413	他 笑 着 说 江 苏 现 在 是 一 半 火 焰 一 半 海 水	他   笑   着   说   江   苏   现   在   是   一   半   儿   火   焰   半   儿   海   水	1	0	2
/opt/gpfs/users/shuai/work/block-conversion-b2/OmniVoice/results_b2_final_gs3p0/seedtts_zh/10002854-00000019.wav	0.0	我 们 将 为 全 球 城 市 的 可 持 续 发 展 贡 献 力 量	我   们   将   为   全   球   城   市   的   可   持   续   发   展   贡   献   力   量	0	0	0
/opt/gpfs/users/shuai/work/block-conversion-b2/OmniVoice/results_b2_final_gs3p0/seedtts_zh/10002858-00000038.wav	0.0	拼 车 将 会 是 解 决 交 通 拥 堵 非 常 有 效 的 方 式	拼   车   将   会   是   解   决   交   通   拥   堵   非   常   有   效   的   方   式	0	0	0
/opt/gpfs/users/shuai/work/block-conversion-b2/OmniVoice/results_b2_final_gs3p0/seedtts_zh/10002858-00000098.wav	0.0	希 望 他 会 悔 改 吧 人 的 忍 耐 都 是 有 限 度 的	希   望   他   会   悔   改   吧   人   的   忍   耐   都   是   有   限   度   的	0	0	0
/opt/gpfs/users/shuai/work/block-conversion-b2/OmniVoice/results_b2_final_gs3p0/seedtts_zh/10002893-00000016.wav	0.0	共 同 建 设 面 向 未 来 的 交 通 和 出 行 服 务 新 生 态	共   同   建   设   面   向   未   来   的   交   通   和   出   行   服   务   新   生   态	0	0	0
/opt/gpfs/users/shuai/work/block-conversion-b2/OmniVoice/results_b2_final_gs3p0/seedtts_zh/10002893-00000098.wav	0.0	各 级 领 导 部 门 连 夜 统 计 本 单 位 参 加 抢 救 的 人 员 名 单	各   级   领   导   部   门   连   夜   统   计   本   单   位   参   加   抢   救   的   人   员   名   单	0	0	0
/opt/gpfs/users/shuai/work/block-conversion-b2/OmniVoice/results_b2_final_gs3p0/seedtts_zh/10002895-00000099.wav	0.0	反 季 了 姚 大 叔 想 在 他 的 绿 色 大 棚 再 种 些 番 茄	反   季   了   姚   大   叔   想   在   他   的   绿   色   大   棚   再   种   些   番   茄	0	0	0
/opt/gpfs/users/shuai/work/block-conversion-b2/OmniVoice/results_b2_final_gs3p0/seedtts_zh/10002895-00000015.wav	0.0	目 前 共 享 出 行 市 场 处 于 高 速 增 长 阶 段	目   前   共   享   出   行   市   场   处   于   高   速   增   长   阶   段	0	0	0
/opt/gpfs/users/shuai/work/block-conversion-b2/OmniVoice/results_b2_final_gs3p0/seedtts_zh/10002896-00000021.wav	0.0	导 航 开 始 全 程 二 十 五 公 里 预 计 需 要 十 二 分 钟	导   航   开   始   全   程   二   十   五   公   里   预   计   需   要   十   二   分   钟	0	0	0
/opt/gpfs/users/shuai/work/block-conversion-b2/OmniVoice/results_b2_final_gs3p0/seedtts_zh/10002896-00000065.wav	0.0	横 祸 来 临 后 他 正 在 上 高 三 的 儿 女 不 得 不 辍 学 打 工	横   祸   来   临   后   他   正   在   上   高   三   的   儿   女   不   得   不   辍   学   打   工	0	0	0
/opt/gpfs/users/shuai/work/block-conversion-b2/OmniVoice/results_b2_final_gs3p0/seedtts_zh/10002899-00000084.wav	0.0	烧 猪 肉 水 煮 马 铃 薯 油 煎 香 菇 醋 溜 鱼 片 和 火 腿 冬 瓜 汤	烧   猪   肉   水   煮   马   铃   薯   油   煎   香   菇   醋   溜   鱼   片   和   火   腿   冬   瓜   汤	0	0	0
/opt/gpfs/users/shuai/work/block-conversion-b2/OmniVoice/results_b2_final_gs3p0/seedtts_zh/10002899-00000021.wav	0.05263157894736842	导 航 开 始 全 程 二 十 五 公 里 预 计 需 要 十 二 分 钟	航   开   始   全   程   二   十   五   公   里   预   计   需   要   十   二   分   钟	0	1	0
/opt/gpfs/users/shuai/work/block-conversion-b2/OmniVoice/results_b2_final_gs3p0/seedtts_zh/10002905-00000006.wav	0.041666666666666664	只 有 当 科 科 技 为 本 地 社 群 创 造 价 值 的 时 候 才 真 正 有 意 义	啊   只   有   当   科   科   技   为   本   地   社   群   创   造   价   值   的   时   候   才   真   正   有   意   义	1	0	0
/opt/gpfs/users/shuai/work/block-conversion-b2/OmniVoice/results_b2_final_gs3p0/seedtts_zh/10002905-00000010.wav	0.05555555555555555	真 正 落 地 成 为 产 品 服 务 进 入 每 个 人 的 生 活	啊   真   正   落   地   成   为   产   品   服   务   进   入   每   个   人   的   生   活	1	0	0
/opt/gpfs/users/shuai/work/block-conversion-b2/OmniVoice/results_b2_final_gs3p0/seedtts_zh/10002925-00000049.wav	0.0	互 联 网 已 经 成 为 一 种 解 决 方 案 的 应 用 层	互   联   网   已   经   成   为   一   种   解   决   方   案   的   应   用   层	0	0	0
/opt/gpfs/users/shuai/work/block-conversion-b2/OmniVoice/results_b2_final_gs3p0/seedtts_zh/10002925-00000001.wav	0.0	顺 风 时 提 高 警 惕 逆 风 时 笃 定 前 行	顺   风   时   提   高   警   惕   逆   风   时   笃   定   前   行	0	0	0
/opt/gpfs/users/shuai/work/block-conversion-b2/OmniVoice/results_b2_final_gs3p0/seedtts_zh/10002995-00000058.wav	0.0	人 们 也 可 以 知 道 戏 快 要 开 演 了	人   们   也   可   以   知   道   戏   快   要   开   演   了	0	0	0
/opt/gpfs/users/shuai/work/block-conversion-b2/OmniVoice/results_b2_final_gs3p0/seedtts_zh/10002995-00000038.wav	0.0	拼 车 将 会 是 解 决 交 通 拥 堵 非 常 有 效 的 方 式	拼   车   将   会   是   解   决   交   通   拥   堵   非   常   有   效   的   方   式	0	0	0
/opt/gpfs/users/shuai/work/block-conversion-b2/OmniVoice/results_b2_final_gs3p0/seedtts_zh/10002996-00000016.wav	0.0	共 同 建 设 面 向 未 来 的 交 通 和 出 行 服 务 新 生 态	共   同   建   设   面   向   未   来   的   交   通   和   出   行   服   务   新   生   态	0	0	0
/opt/gpfs/users/shuai/work/block-conversion-b2/OmniVoice/results_b2_final_gs3p0/seedtts_zh/10002996-00000051.wav	0.0	其 中 住 宅 类 土 地 成 交 额 环 比 大 涨 百 分 之 一 百 零 一 点 一	其   中   住   宅   类   土   地   成   交   额   环   比   大   涨   百   分   之   一   百   零   一   点   一	0	0	0
/opt/gpfs/users/shuai/work/block-conversion-b2/OmniVoice/results_b2_final_gs3p0/seedtts_zh/10003094-00000006.wav	0.0	只 有 当 科 技 为 本 地 社 群 创 造 价 值 的 时 候 才 能 真 正 有 意 义	只   有   当   科   技   为   本   地   社   群   创   造   价   值   的   时   候   才   能   真   正   有   意   义	0	0	0
/opt/gpfs/users/shuai/work/block-conversion-b2/OmniVoice/results_b2_final_gs3p0/seedtts_zh/10003094-00000044.wav	0.0	北 京 在 出 行 规 模 城 市 影 响 力 方 面 表 现 异 常 优 异	北   京   在   出   行   规   模   城   市   影   响   力   方   面   表   现   异   常   优   异	0	0	0
/opt/gpfs/users/shuai/work/block-conversion-b2/OmniVoice/results_b2_final_gs3p0/seedtts_zh/10003102-00000076.wav	0.0	看 来 我 是 唯 一 不 写 博 客 的 人	看   来   我   是   唯   一   不   写   博   客   的   人	0	0	0
/opt/gpfs/users/shuai/work/block-conversion-b2/OmniVoice/results_b2_final_gs3p0/seedtts_zh/10003102-00000038.wav	0.0	拼 车 将 会 是 解 决 交 通 拥 堵 非 常 有 效 的 方 式	拼   车   将   会   是   解   决   交   通   拥   堵   非   常   有   效   的   方   式	0	0	0
/opt/gpfs/users/shuai/work/block-conversion-b2/OmniVoice/results_b2_final_gs3p0/seedtts_zh/10003152-00000039.wav	0.043478260869565216	全 球 每 年 有 超 过 一 百 三 十 五 万 人 因 交 通 故 事 故 而 死 亡	全   球   每   年   有   超   过   一   百   三   十   五   万   人   因   交   通   故   事   故   而   死   亡   啊	1	0	0
/opt/gpfs/users/shuai/work/block-conversion-b2/OmniVoice/results_b2_final_gs3p0/seedtts_zh/10003152-00000108.wav	0.05263157894736842	传 统 吃 法 是 白 切 口 感 清 淡 肉 质 滑 嫩 原 汁 原 味	呃   传   统   吃   法   是   白   切   口   感   清   淡   肉   质   滑   嫩   原   汁   原   味	1	0	0
/opt/gpfs/users/shuai/work/block-conversion-b2/OmniVoice/results_b2_final_gs3p0/seedtts_zh/10003217-00000065.wav	0.0	射 门 区 是 对 方 球 门 前 的 一 个 大 致 呈 半 圆 形 的 区 域	射   门   区   是   对   方   球   门   前   的   一   个   大   致   呈   半   圆   形   的   区   域	0	0	0
/opt/gpfs/users/shuai/work/block-conversion-b2/OmniVoice/results_b2_final_gs3p0/seedtts_zh/10003217-00000016.wav	0.05263157894736842	共 同 建 设 面 向 未 来 的 交 通 和 出 行 服 务 新 生 态	呃   共   同   建   设   面   向   未   来   的   交   通   和   出   行   服   务   新   生   态	1	0	0
/opt/gpfs/users/shuai/work/block-conversion-b2/OmniVoice/results_b2_final_gs3p0/seedtts_zh/10003220-00000046.wav	0.16666666666666666	要 保 持 独 立 思 独 立 思 独 立 思 考 结 构 化 思 维	要   保   持   独   立   思   独   立   思   考   结   构   化   思   维	0	3	0
/opt/gpfs/users/shuai/work/block-conversion-b2/OmniVoice/results_b2_final_gs3p0/seedtts_zh/10003220-00000036.wav	0.0	确 验 确 实 是 主 观 的 无 法 被 量 化	确   验   确   实   是   主   观   的   无   法   被   量   化	0	0	0
/opt/gpfs/users/shuai/work/block-conversion-b2/OmniVoice/results_b2_final_gs3p0/seedtts_zh/10003229-00000051.wav	0.0	他 们 第 一 时 间 就 把 六 七 楼 的 客 人 救 下 去 了	他   们   第   一   时   间   就   把   六   七   楼   的   客   人   救   下   去   了	0	0	0
/opt/gpfs/users/shuai/work/block-conversion-b2/OmniVoice/results_b2_final_gs3p0/seedtts_zh/10003229-00000056.wav	0.0	上 下 班 耗 费 的 时 间 影 响 着 人 们 对 工 作 的 满 意 度	上   下   班   耗   费   的   时   间   影   响   着   人   们   对   工   作   的   满   意   度	0	0	0
/opt/gpfs/users/shuai/work/block-conversion-b2/OmniVoice/results_b2_final_gs3p0/seedtts_zh/10003241-00000061.wav	0.0	但 三 国 志 中 的 曹 操 不 念 旧 恶 坦 坦 荡 荡	但   三   国   志   中   的   曹   操   不   念   旧   恶   坦   坦   荡   荡	0	0	0
/opt/gpfs/users/shuai/work/block-conversion-b2/OmniVoice/results_b2_final_gs3p0/seedtts_zh/10003241-00000053.wav	0.0	今 早 七 点 一 到 便 有 众 多 果 粉 开 始 疯 抢	今   早   七   点   一   到   便   有   众   多   果   粉   开   始   疯   抢	0	0	0
/opt/gpfs/users/shuai/work/block-conversion-b2/OmniVoice/results_b2_final_gs3p0/seedtts_zh/10003244-00000021.wav	0.0	导 航 开 始 全 程 二 十 五 公 里 预 计 需 要 十 二 分 钟	导   航   开   始   全   程   二   十   五   公   里   预   计   需   要   十   二   分   钟	0	0	0
/opt/gpfs/users/shuai/work/block-conversion-b2/OmniVoice/results_b2_final_gs3p0/seedtts_zh/10003244-00000038.wav	0.0	拼 车 将 会 是 解 决 交 通 拥 堵 非 常 有 效 的 方 式	拼   车   将   会   是   解   决   交   通   拥   堵   非   常   有   效   的   方   式	0	0	0
/opt/gpfs/users/shuai/work/block-conversion-b2/OmniVoice/results_b2_final_gs3p0/seedtts_zh/10003252-00000007.wav	0.058823529411764705	创 业 需 要 激 情 更 需 要 强 烈 的 社 会 责 任 感	啊   创   业   需   要   激   情   更   需   要   强   烈   的   社   会   责   任   感	1	0	0
/opt/gpfs/users/shuai/work/block-conversion-b2/OmniVoice/results_b2_final_gs3p0/seedtts_zh/10003252-00000021.wav	0.10526315789473684	导 航 开 始 全 程 二 十 五 公 里 预 计 需 要 十 二 分 钟	开   始   全   程   二   十   五   公   里   预   计   需   要   十   二   分   钟	0	2	0
/opt/gpfs/users/shuai/work/block-conversion-b2/OmniVoice/results_b2_final_gs3p0/seedtts_zh/10003253-00000011.wav	0.0	自 动 驾 驶 将 大 幅 提 升 出 出 行 安 全 效 率	自   动   驾   驶   将   大   幅   提   升   出   出   行   安   全   效   率	0	0	0
/opt/gpfs/users/shuai/work/block-conversion-b2/OmniVoice/results_b2_final_gs3p0/seedtts_zh/10003253-00000019.wav	0.0	我 们 将 为 全 球 市 场 的 可 持 续 发 展 贡 献 力 量	我   们   将   为   全   球   市   场   的   可   持   续   发   展   贡   献   力   量	0	0	0
/opt/gpfs/users/shuai/work/block-conversion-b2/OmniVoice/results_b2_final_gs3p0/seedtts_zh/10003257-00000033.wav	0.0	目 前 中 国 互 联 网 国 际 化 还 在 开 拓 阶 段	目   前   中   国   互   联   网   国   际   化   还   在   开   拓   阶   段	0	0	0
/opt/gpfs/users/shuai/work/block-conversion-b2/OmniVoice/results_b2_final_gs3p0/seedtts_zh/10003257-00000044.wav	0.0	北 京 在 出 行 规 模 城 市 影 响 力 方 面 表 现 优 异	北   京   在   出   行   规   模   城   市   影   响   力   方   面   表   现   优   异	0	0	0
/opt/gpfs/users/shuai/work/block-conversion-b2/OmniVoice/results_b2_final_gs3p0/seedtts_zh/10003259-00000005.wav	0.0	女 性 可 以 成 为 成 功 的 科 学 家 工 程 师 和 程 序 员	女   性   可   以   成   为   成   功   的   科   学   家   工   程   师   和   程   序   员	0	0	0
/opt/gpfs/users/shuai/work/block-conversion-b2/OmniVoice/results_b2_final_gs3p0/seedtts_zh/10003259-00000009.wav	0.0	通 过 创 新 技 术 让 未 来 出 行 更 加 安 全 高 效	通   过   创   新   技   术   让   未   来   出   行   更   加   安   全   高   效	0	0	0
/opt/gpfs/users/shuai/work/block-conversion-b2/OmniVoice/results_b2_final_gs3p0/seedtts_zh/10003277-00000067.wav	0.0	传 统 吃 法 是 白 切 口 感 清 淡 肉 质 滑 嫩 原 汁 原 味	传   统   吃   法   是   白   切   口   感   清   淡   肉   质   滑   嫩   原   汁   原   味	0	0	0
/opt/gpfs/users/shuai/work/block-conversion-b2/OmniVoice/results_b2_final_gs3p0/seedtts_zh/10003277-00000005.wav	0.13636363636363635	女 性 可 女 性 可 以 成 为 成 功 的 科 学 家 工 程 师 和 程 序 员	女   性   可   以   成   为   成   功   的   科   学   家   工   程   师   和   程   序   员	0	3	0
/opt/gpfs/users/shuai/work/block-conversion-b2/OmniVoice/results_b2_final_gs3p0/seedtts_zh/10003331-00000016.wav	0.0	共 同 建 设 面 向 未 来 的 交 通 出 行 嗯 服 务 新 生 态	共   同   建   设   面   向   未   来   的   交   通   出   行   嗯   服   务   新   生   态	0	0	0
/opt/gpfs/users/shuai/work/block-conversion-b2/OmniVoice/results_b2_final_gs3p0/seedtts_zh/10003331-00000019.wav	0.0	我 们 将 为 全 球 城 市 的 可 持 续 发 展 贡 献 力 量	我   们   将   为   全   球   城   市   的   可   持   续   发   展   贡   献   力   量	0	0	0
/opt/gpfs/users/shuai/work/block-conversion-b2/OmniVoice/results_b2_final_gs3p0/seedtts_zh/10003502-00000044.wav	0.0	北 京 在 出 行 规 模 城 市 影 响 力 方 面 表 现 优 异	北   京   在   出   行   规   模   城   市   影   响   力   方   面   表   现   优   异	0	0	0
/opt/gpfs/users/shuai/work/block-conversion-b2/OmniVoice/results_b2_final_gs3p0/seedtts_zh/10003502-00000006.wav	0.0	只 有 当 科 技 为 为 本 地 社 群 创 造 价 值 的 时 候 才 真 正 有 意 义	只   有   当   科   技   为   为   本   地   社   群   创   造   价   值   的   时   候   才   真   正   有   意   义	0	0	0
/opt/gpfs/users/shuai/work/block-conversion-b2/OmniVoice/results_b2_final_gs3p0/seedtts_zh/10003517-00000017.wav	0.0	提 升 服 务 标 准 持 续 为 用 户 创 造 价 值	提   升   服   务   标   准   持   续   为   用   户   创   造   价   值	0	0	0
/opt/gpfs/users/shuai/work/block-conversion-b2/OmniVoice/results_b2_final_gs3p0/seedtts_zh/10003517-00000050.wav	0.06666666666666667	优 秀 的 产 品 经 理 要 逐 步 变 得 更 综 合	啊   优   秀   的   产   品   经   理   要   逐   步   变   得   更   综   合	1	0	0
/opt/gpfs/users/shuai/work/block-conversion-b2/OmniVoice/results_b2_final_gs3p0/seedtts_zh/10003602-00000063.wav	0.0	但 是 一 批 评 完 马 上 就 拉 着 儿 子 一 起 玩 游 戏 哄 哄 孩 子	但   是   一   批   评   完   马   上   就   拉   着   儿   子   一   起   玩   游   戏   哄   哄   孩   子	0	0	0
/opt/gpfs/users/shuai/work/block-conversion-b2/OmniVoice/results_b2_final_gs3p0/seedtts_zh/10003602-00000097.wav	0.0	如 果 我 们 慢 慢 腾 腾 与 发 达 地 区 的 差 距 只 会 越 拉 越 大	如   果   我   们   慢   慢   腾   腾   与   发   达   地   区   的   差   距   只   会   越   拉   越   大	0	0	0
/opt/gpfs/users/shuai/work/block-conversion-b2/OmniVoice/results_b2_final_gs3p0/seedtts_zh/10003609-00000011.wav	0.0	自 动 驾 驶 将 大 幅 提 升 出 行 安 全 效 率	自   动   驾   驶   将   大   幅   提   升   出   行   安   全   效   率	0	0	0
/opt/gpfs/users/shuai/work/block-conversion-b2/OmniVoice/results_b2_final_gs3p0/seedtts_zh/10003609-00000095.wav	0.0	另 外 节 目 组 还 拍 到 了 保 安 阻 止 拍 摄 的 场 景	另   外   节   目   组   还   拍   到   了   保   安   阻   止   拍   摄   的   场   景	0	0	0
/opt/gpfs/users/shuai/work/block-conversion-b2/OmniVoice/results_b2_final_gs3p0/seedtts_zh/10003610-00000079.wav	0.0	轴 承 过 热 可 能 引 燃 润 滑 油 并 可 能 进 一 步 引 发 轮 胎 燃 烧	轴   承   过   热   可   能   引   燃   润   滑   油   并   可   能   进   一   步   引   发   轮   胎   燃   烧	0	0	0
/opt/gpfs/users/shuai/work/block-conversion-b2/OmniVoice/results_b2_final_gs3p0/seedtts_zh/10003610-00000019.wav	0.0	我 们 将 为 全 球 城 市 的 可 持 续 发 展 贡 献 力 量	我   们   将   为   全   球   城   市   的   可   持   续   发   展   贡   献   力   量	0	0	0
/opt/gpfs/users/shuai/work/block-conversion-b2/OmniVoice/results_b2_final_gs3p0/seedtts_zh/10003611-00000071.wav	0.0	通 过 调 查 将 筛 选 出 一 批 口 味 令 消 费 者 满 意 的 产 品	通   过   调   查   将   筛   选   出   一   批   口   味   令   消   费   者   满   意   的   产   品	0	0	0
/opt/gpfs/users/shuai/work/block-conversion-b2/OmniVoice/results_b2_final_gs3p0/seedtts_zh/10003611-00000101.wav	0.043478260869565216	加 上 城 市 道 路 上 的 下 凹 式 立 交 桥 多 极 端 天 气 时 易 积 水	加   上   城   市   道   路   上   的   下   凹   市   立   交   桥   多   极   端   天   气   时   易   积   水	0	0	1
/opt/gpfs/users/shuai/work/block-conversion-b2/OmniVoice/results_b2_final_gs3p0/seedtts_zh/10003613-00000062.wav	0.0	有 位 朋 友 不 太 爱 体 育 每 四 年 逢 奥 运 会 才 看 上 两 眼	有   位   朋   友   不   太   爱   体   育   每   四   年   逢   奥   运   会   才   看   上   两   眼	0	0	0
/opt/gpfs/users/shuai/work/block-conversion-b2/OmniVoice/results_b2_final_gs3p0/seedtts_zh/10003613-00000039.wav	0.0	全 球 每 年 有 超 过 一 一 百 三 十 五 万 人 因 交 通 事 故 而 死 亡	全   球   每   年   有   超   过   一   一   百   三   十   五   万   人   因   交   通   事   故   而   死   亡	0	0	0
/opt/gpfs/users/shuai/work/block-conversion-b2/OmniVoice/results_b2_final_gs3p0/seedtts_zh/10003614-00000062.wav	0.0	有 位 朋 友 不 太 爱 体 育 每 四 年 逢 奥 运 会 才 瞧 上 两 眼	有   位   朋   友   不   太   爱   体   育   每   四   年   逢   奥   运   会   才   瞧   上   两   眼	0	0	0
/opt/gpfs/users/shuai/work/block-conversion-b2/OmniVoice/results_b2_final_gs3p0/seedtts_zh/10003614-00000104.wav	0.0	面 对 外 来 者 的 竞 争 美 国 自 然 不 肯 拱 手 相 让	面   对   外   来   者   的   竞   争   美   国   自   然   不   肯   拱   手   相   让	0	0	0
/opt/gpfs/users/shuai/work/block-conversion-b2/OmniVoice/results_b2_final_gs3p0/seedtts_zh/10003615-00000044.wav	0.0	北 京 在 出 行 规 模 城 市 影 响 力 方 面 表 现 优 异	北   京   在   出   行   规   模   城   市   影   响   力   方   面   表   现   优   异	0	0	0
/opt/gpfs/users/shuai/work/block-conversion-b2/OmniVoice/results_b2_final_gs3p0/seedtts_zh/10003615-00000019.wav	0.0	我 们 将 为 全 球 城 市 的 可 持 续 发 展 贡 献 力 量	我   们   将   为   全   球   城   市   的   可   持   续   发   展   贡   献   力   量	0	0	0
/opt/gpfs/users/shuai/work/block-conversion-b2/OmniVoice/results_b2_final_gs3p0/seedtts_zh/10003617-00000068.wav	0.05	上 下 班 耗 费 的 时 间 影 响 着 人 们 对 工 作 的 满 意 度	啊   上   下   班   耗   费   的   时   间   影   响   着   人   们   对   工   作   的   满   意   度	1	0	0
/opt/gpfs/users/shuai/work/block-conversion-b2/OmniVoice/results_b2_final_gs3p0/seedtts_zh/10003617-00000021.wav	0.10526315789473684	导 航 开 始 全 程 二 十 五 公 里 预 计 需 要 十 二 分 钟	啊   好   开   始   全   程   二   十   五   公   里   预   计   需   要   十   二   分   钟	0	0	2
/opt/gpfs/users/shuai/work/block-conversion-b2/OmniVoice/results_b2_final_gs3p0/seedtts_zh/10003618-00000006.wav	0.043478260869565216	只 有 当 科 技 为 本 地 社 群 创 造 价 值 的 时 候 才 真 正 有 意 义	只   有   当   科   技   为   本   地   社   群   创   造   价   值   的   时   候   才   真   正   有   意   义   嗯	1	0	0
/opt/gpfs/users/shuai/work/block-conversion-b2/OmniVoice/results_b2_final_gs3p0/seedtts_zh/10003618-00000048.wav	0.0	产 品 经 理 其 实 是 随 着 互 联 网 发 展 应 运 而 生 的	产   品   经   理   其   实   是   随   着   互   联   网   发   展   应   运   而   生   的	0	0	0
/opt/gpfs/users/shuai/work/block-conversion-b2/OmniVoice/results_b2_final_gs3p0/seedtts_zh/10003619-00000074.wav	0.0	他 们 第 一 时 间 就 把 六 七 楼 的 客 人 救 下 去 了	他   们   第   一   时   间   就   把   六   七   楼   的   客   人   救   下   去   了	0	0	0
/opt/gpfs/users/shuai/work/block-conversion-b2/OmniVoice/results_b2_final_gs3p0/seedtts_zh/10003619-00000015.wav	0.0625	目 前 共 享 出 行 市 场 处 于 高 速 增 长 阶 段	呃   目   前   共   享   出   行   市   场   处   于   高   速   增   长   阶   段	1	0	0
/opt/gpfs/users/shuai/work/block-conversion-b2/OmniVoice/results_b2_final_gs3p0/seedtts_zh/10003646-00000097.wav	0.0625	深 冬 里 雪 飘 飘 风 萧 萧 一 树 梅 花 独 妖 娆	山   冬   里   雪   飘   飘   风   萧   萧   一   树   梅   花   独   妖   娆	0	0	1
/opt/gpfs/users/shuai/work/block-conversion-b2/OmniVoice/results_b2_final_gs3p0/seedtts_zh/10003646-00000009.wav	0.0	通 过 创 新 技 术 让 未 来 出 行 更 加 安 全 高 效	通   过   创   新   技   术   让   未   来   出   行   更   加   安   全   高   效	0	0	0
/opt/gpfs/users/shuai/work/block-conversion-b2/OmniVoice/results_b2_final_gs3p0/seedtts_zh/10003649-00000068.wav	0.0	几 个 女 儿 都 结 婚 成 家 外 孙 外 孙 女 都 吵 着 要 见 姥 姥	几   个   女   儿   都   结   婚   成   家   外   孙   外   孙   女   都   吵   着   要   见   姥   姥	0	0	0
/opt/gpfs/users/shuai/work/block-conversion-b2/OmniVoice/results_b2_final_gs3p0/seedtts_zh/10003649-00000081.wav	0.0	此 外 还 有 毒 蛇 蟒 蛇 经 常 出 现 给 发 展 生 产 造 成 许 多 困 难	此   外   还   有   毒   蛇   蟒   蛇   经   常   出   现   给   发   展   生   产   造   成   许   多   困   难	0	0	0
/opt/gpfs/users/shuai/work/block-conversion-b2/OmniVoice/results_b2_final_gs3p0/seedtts_zh/10003656-00000020.wav	0.0	一 点 五 公 里 后 右 转 驶 入 京 藏 高 速 辅 路	一   点   五   公   里   后   右   转   驶   入   京   藏   高   速   辅   路	0	0	0
/opt/gpfs/users/shuai/work/block-conversion-b2/OmniVoice/results_b2_final_gs3p0/seedtts_zh/10003656-00000056.wav	0.0	他 们 第 一 时 间 就 把 六 七 楼 的 客 人 救 下 去 了	他   们   第   一   时   间   就   把   六   七   楼   的   客   人   救   下   去   了	0	0	0
/opt/gpfs/users/shuai/work/block-conversion-b2/OmniVoice/results_b2_final_gs3p0/seedtts_zh/10003658-00000110.wav	0.043478260869565216	该 赢 的 都 赢 了 就 连 尼 日 利 亚 胜 西 班 牙 也 不 能 算 作 冷 门	该   赢   的   都   赢   了   就   连   尼   日   利   亚   圣   西   班   牙   也   不   能   算   作   冷   门	0	0	1
/opt/gpfs/users/shuai/work/block-conversion-b2/OmniVoice/results_b2_final_gs3p0/seedtts_zh/10003658-00000060.wav	0.043478260869565216	这 些 医 医 疗 队 的 医 生 们 克 服 高 寒 缺 氧 交 通 不 便 等 困 难	这   些   医   疗   队   的   医   生   们   克   服   高   寒   缺   氧   交   通   不   便   等   困   难	0	1	0
/opt/gpfs/users/shuai/work/block-conversion-b2/OmniVoice/results_b2_final_gs3p0/seedtts_zh/10003660-00000006.wav	0.0	只 有 当 科 技 为 本 地 社 群 创 造 价 值 的 时 候 才 真 正 有 意 义	只   有   当   科   技   为   本   地   社   群   创   造   价   值   的   时   候   才   真   正   有   意   义	0	0	0
/opt/gpfs/users/shuai/work/block-conversion-b2/OmniVoice/results_b2_final_gs3p0/seedtts_zh/10003660-00000091.wav	0.0	河 南 省 总 吸 烟 率 高 达 百 分 之 四 十 一 点 五 居 全 国 之 首	河   南   省   总   吸   烟   率   高   达   百   分   之   四   十   一   点   五   居   全   国   之   首	0	0	0
/opt/gpfs/users/shuai/work/block-conversion-b2/OmniVoice/results_b2_final_gs3p0/seedtts_zh/10003661-00000098.wav	0.0	在 这 种 时 候 他 能 睡 一 天 把 苦 恼 交 给 了 梦	在   这   种   时   候   他   能   睡   一   天   把   苦   恼   交   给   了   梦	0	0	0
/opt/gpfs/users/shuai/work/block-conversion-b2/OmniVoice/results_b2_final_gs3p0/seedtts_zh/10003661-00000039.wav	0.09090909090909091	全 球 每 年 有 超 过 一 百 三 十 五 万 人 因 交 通 事 故 而 死 亡	呃   全   球   每   年   有   超   过   一   百   三   十   五   万   人   因   交   通   事   故   而   死   亡   哦	2	0	0
/opt/gpfs/users/shuai/work/block-conversion-b2/OmniVoice/results_b2_final_gs3p0/seedtts_zh/10003663-00000019.wav	0.1111111111111111	我 们 将 为 全 球 城 市 的 可 持 续 发 展 贡 献 力 量	呃   我   们   将   为   全   球   城   市   的   可   持   续   发   展   贡   献   力	1	1	0
/opt/gpfs/users/shuai/work/block-conversion-b2/OmniVoice/results_b2_final_gs3p0/seedtts_zh/10003663-00000039.wav	0.045454545454545456	全 球 每 年 有 超 过 一 百 三 十 五 万 人 因 交 通 事 故 而 死 亡	啊   全   球   每   年   有   超   过   一   百   三   十   五   万   人   因   交   通   事   故   而   死   亡	1	0	0
/opt/gpfs/users/shuai/work/block-conversion-b2/OmniVoice/results_b2_final_gs3p0/seedtts_zh/10003665-00000103.wav	0.0	他 拿 起 柴 刀 胡 乱 挥 舞 凶 猛 的 藏 獒 躲 到 了 一 边	他   拿   起   柴   刀   胡   乱   挥   舞   凶   猛   的   藏   獒   躲   到   了   一   边	0	0	0
/opt/gpfs/users/shuai/work/block-conversion-b2/OmniVoice/results_b2_final_gs3p0/seedtts_zh/10003665-00000048.wav	0.05263157894736842	产 品 经 理 其 实 是 随 着 互 联 网 发 展 应 运 而 生 的	呃   产   品   经   理   其   实   是   随   着   互   联   网   发   展   应   运   而   生   的	1	0	0
/opt/gpfs/users/shuai/work/block-conversion-b2/OmniVoice/results_b2_final_gs3p0/seedtts_zh/10003667-00000039.wav	0.0	全 球 每 年 有 超 过 一 百 三 十 五 万 人 因 交 通 事 故 而 死 亡	全   球   每   年   有   超   过   一   百   三   十   五   万   人   因   交   通   事   故   而   死   亡	0	0	0
/opt/gpfs/users/shuai/work/block-conversion-b2/OmniVoice/results_b2_final_gs3p0/seedtts_zh/10003667-00000089.wav	0.0	同 时 筹 建 半 年 的 钱 学 森 展 览 馆 开 馆	同   时   筹   建   半   年   的   钱   学   森   展   览   馆   开   馆	0	0	0
/opt/gpfs/users/shuai/work/block-conversion-b2/OmniVoice/results_b2_final_gs3p0/seedtts_zh/10004109-00000102.wav	0.0	烟 雨 弥 漫 下 山 环 绕 着 水 耸 立 着 水 环 绕 着 山 流 淌 着	烟   雨   弥   漫   下   山   环   绕   着   水   耸   立   着   水   环   绕   着   山   流   淌   着	0	0	0
/opt/gpfs/users/shuai/work/block-conversion-b2/OmniVoice/results_b2_final_gs3p0/seedtts_zh/10004109-00000038.wav	0.0	拼 车 将 会 是 解 决 交 通 堵 拥 堵 非 常 有 效 的 方 式	拼   车   将   会   是   解   决   交   通   堵   拥   堵   非   常   有   效   的   方   式	0	0	0
/opt/gpfs/users/shuai/work/block-conversion-b2/OmniVoice/results_b2_final_gs3p0/seedtts_zh/10004126-00000109.wav	0.0	在 这 种 时 候 他 能 睡 一 天 把 苦 恼 交 给 了 梦	在   这   种   时   候   他   能   睡   一   天   把   苦   恼   交   给   了   梦	0	0	0
/opt/gpfs/users/shuai/work/block-conversion-b2/OmniVoice/results_b2_final_gs3p0/seedtts_zh/10004126-00000019.wav	0.0	我 们 将 为 全 球 城 市 可 持 续 发 展 贡 献 力 量	我   们   将   为   全   球   城   市   可   持   续   发   展   贡   献   力   量	0	0	0
/opt/gpfs/users/shuai/work/block-conversion-b2/OmniVoice/results_b2_final_gs3p0/seedtts_zh/10004143-00000056.wav	0.045454545454545456	捆 在 一 起 就 要 把 激 励 和 约 束 机 制 联 系 起 来 健 全 起 来	哦   捆   在   一   起   就   要   把   激   励   和   约   束   机   制   联   系   起   来   健   全   起   来	1	0	0
/opt/gpfs/users/shuai/work/block-conversion-b2/OmniVoice/results_b2_final_gs3p0/seedtts_zh/10004143-00000109.wav	0.047619047619047616	说 善 论 恶 有 科 学 与 伪 科 学 之 分 有 真 理 与 谬 误 之 分	啊   说   善   论   恶   有   科   学   与   伪   科   学   之   分   有   真   理   与   谬   误   之   分	1	0	0
/opt/gpfs/users/shuai/work/block-conversion-b2/OmniVoice/results_b2_final_gs3p0/seedtts_zh/10004152-00000044.wav	0.1111111111111111	北 京 在 出 行 规 模 城 市 影 响 力 方 面 表 现 优 异	啊   北   京   在   出   行   规   模   城   市   影   响   力   方   面   表   现   优   异   啊	2	0	0
/opt/gpfs/users/shuai/work/block-conversion-b2/OmniVoice/results_b2_final_gs3p0/seedtts_zh/10004152-00000007.wav	0.0	创 业 需 要 激 情 更 需 要 强 烈 的 社 会 责 任 感	创   业   需   要   激   情   更   需   要   强   烈   的   社   会   责   任   感	0	0	0
/opt/gpfs/users/shuai/work/block-conversion-b2/OmniVoice/results_b2_final_gs3p0/seedtts_zh/10004328-00000104.wav	0.0	经 过 调 查 将 筛 选 出 一 批 口 味 令 消 费 者 满 意 的 产 品	经   过   调   查   将   筛   选   出   一   批   口   味   令   消   费   者   满   意   的   产   品	0	0	0
/opt/gpfs/users/shuai/work/block-conversion-b2/OmniVoice/results_b2_final_gs3p0/seedtts_zh/10004328-00000039.wav	0.0	全 球 每 年 有 超 过 一 百 三 十 五 万 人 因 交 通 事 故 而 死 亡	全   球   每   年   有   超   过   一   百   三   十   五   万   人   因   交   通   事   故   而   死   亡	0	0	0
/opt/gpfs/users/shuai/work/block-conversion-b2/OmniVoice/results_b2_final_gs3p0/seedtts_zh/10004345-00000020.wav	0.0	一 点 五 公 里 后 右 转 驶 入 京 藏 高 速 辅 路	一   点   五   公   里   后   右   转   驶   入   京   藏   高   速   辅   路	0	0	0
/opt/gpfs/users/shuai/work/block-conversion-b2/OmniVoice/results_b2_final_gs3p0/seedtts_zh/10004345-00000007.wav	0.0	创 业 需 要 激 情 更 需 要 强 烈 的 社 会 责 任 感	创   业   需   要   激   情   更   需   要   强   烈   的   社   会   责   任   感	0	0	0
/opt/gpfs/users/shuai/work/block-conversion-b2/OmniVoice/results_b2_final_gs3p0/seedtts_zh/10004360-00000035.wav	0.0	体 验 是 用 户 感 知 是 主 观 的 用 户 价 值	体   验   是   用   户   感   知   是   主   观   的   用   户   价   值	0	0	0
/opt/gpfs/users/shuai/work/block-conversion-b2/OmniVoice/results_b2_final_gs3p0/seedtts_zh/10004360-00000048.wav	0.0	产 品 经 理 其 实 是 随 着 互 联 网 发 展 应 用 而 生 的	产   品   经   理   其   实   是   随   着   互   联   网   发   展   应   用   而   生   的	0	0	0
/opt/gpfs/users/shuai/work/block-conversion-b2/OmniVoice/results_b2_final_gs3p0/seedtts_zh/10004383-00000009.wav	0.0	通 过 创 新 技 术 让 未 来 的 未 来 出 行 更 加 安 全 高 效	通   过   创   新   技   术   让   未   来   的   未   来   出   行   更   加   安   全   高   效	0	0	0
/opt/gpfs/users/shuai/work/block-conversion-b2/OmniVoice/results_b2_final_gs3p0/seedtts_zh/10004383-00000079.wav	0.0	排 查 完 毕 民 警 却 发 现 赌 场 老 板 杜 某 不 在 其 中	排   查   完   毕   民   警   却   发   现   赌   场   老   板   杜   某   不   在   其   中	0	0	0
/opt/gpfs/users/shuai/work/block-conversion-b2/OmniVoice/results_b2_final_gs3p0/seedtts_zh/10004392-00000077.wav	0.045454545454545456	烧 猪 肉 水 煮 马 铃 薯 油 煎 香 菇 醋 溜 鱼 片 和 火 腿 冬 瓜 汤	呃   烧   猪   肉   水   煮   马   铃   薯   油   煎   香   菇   醋   溜   鱼   片   和   火   腿   冬   瓜   汤	1	0	0
/opt/gpfs/users/shuai/work/block-conversion-b2/OmniVoice/results_b2_final_gs3p0/seedtts_zh/10004392-00000040.wav	0.0	自 动 驾 驶 将 为 现 有 的 司 机 运 力 提 供 补 充	自   动   驾   驶   将   为   现   有   的   司   机   运   力   提   供   补   充	0	0	0
/opt/gpfs/users/shuai/work/block-conversion-b2/OmniVoice/results_b2_final_gs3p0/seedtts_zh/10004412-00000001.wav	0.0	顺 风 时 提 高 警 惕 逆 风 时 笃 定 前 行	顺   风   时   提   高   警   惕   逆   风   时   笃   定   前   行	0	0	0
/opt/gpfs/users/shuai/work/block-conversion-b2/OmniVoice/results_b2_final_gs3p0/seedtts_zh/10004412-00000016.wav	0.0	共 同 建 设 面 向 未 来 的 交 通 和 出 行 服 务 新 生 态	共   同   建   设   面   向   未   来   的   交   通   和   出   行   服   务   新   生   态	0	0	0
/opt/gpfs/users/shuai/work/block-conversion-b2/OmniVoice/results_b2_final_gs3p0/seedtts_zh/10004413-00000005.wav	0.0	女 性 可 以 成 为 成 功 的 科 学 家 工 程 师 和 程 序 员	女   性   可   以   成   为   成   功   的   科   学   家   工   程   师   和   程   序   员	0	0	0
/opt/gpfs/users/shuai/work/block-conversion-b2/OmniVoice/results_b2_final_gs3p0/seedtts_zh/10004413-00000011.wav	0.06666666666666667	自 动 驾 驶 将 大 幅 提 升 出 行 安 全 效 率	自   动   驾   驶   将   大   幅   提   升   出   行   安   全   效	0	1	0
/opt/gpfs/users/shuai/work/block-conversion-b2/OmniVoice/results_b2_final_gs3p0/seedtts_zh/10004414-00000049.wav	0.0	互 联 网 已 经 成 为 一 种 解 决 方 案 的 应 用 层	互   联   网   已   经   成   为   一   种   解   决   方   案   的   应   用   层	0	0	0
/opt/gpfs/users/shuai/work/block-conversion-b2/OmniVoice/results_b2_final_gs3p0/seedtts_zh/10004414-00000047.wav	0.0	核 心 是 点 核 心 要 点 是 不 断 了 解 自 身 理 清 目 标	核   心   是   点   核   心   要   点   是   不   断   了   解   自   身   理   清   目   标	0	0	0
/opt/gpfs/users/shuai/work/block-conversion-b2/OmniVoice/results_b2_final_gs3p0/seedtts_zh/10004422-00000045.wav	0.05555555555555555	珠 三 角 城 市 经 在 经 济 发 展 方 面 现 表 现 抢 眼	呃   珠   三   角   城   市   经   在   经   济   发   展   方   面   现   表   现   抢   眼	1	0	0
/opt/gpfs/users/shuai/work/block-conversion-b2/OmniVoice/results_b2_final_gs3p0/seedtts_zh/10004422-00000060.wav	0.07142857142857142	别 看 藏 獒 凶 猛 但 做 警 犬 智 商 不 够	呃   别   看   藏   獒   凶   猛   但   做   警   犬   智   商   不   够	1	0	0
/opt/gpfs/users/shuai/work/block-conversion-b2/OmniVoice/results_b2_final_gs3p0/seedtts_zh/10004423-00000048.wav	0.0	产 品 经 理 其 实 是 随 着 互 联 互 联 网 发 展 应 用 而 生 的	产   品   经   理   其   实   是   随   着   互   联   互   联   网   发   展   应   用   而   生   的	0	0	0
/opt/gpfs/users/shuai/work/block-conversion-b2/OmniVoice/results_b2_final_gs3p0/seedtts_zh/10004423-00000021.wav	0.05263157894736842	导 航 开 始 全 程 二 十 五 公 里 预 计 需 要 十 二 分 钟	航   开   始   全   程   二   十   五   公   里   预   计   需   要   十   二   分   钟	0	1	0
/opt/gpfs/users/shuai/work/block-conversion-b2/OmniVoice/results_b2_final_gs3p0/seedtts_zh/10004424-00000092.wav	0.0	机 电 系 统 举 行 迎 亚 运 晚 会 向 亚 运 捧 上 一 颗 火 红 的 心	机   电   系   统   举   行   迎   亚   运   晚   会   向   亚   运   捧   上   一   颗   火   红   的   心	0	0	0
/opt/gpfs/users/shuai/work/block-conversion-b2/OmniVoice/results_b2_final_gs3p0/seedtts_zh/10004424-00000005.wav	0.0	女 性 可 以 成 为 成 功 的 科 学 家 工 程 师 和 程 序 员	女   性   可   以   成   为   成   功   的   科   学   家   工   程   师   和   程   序   员	0	0	0
/opt/gpfs/users/shuai/work/block-conversion-b2/OmniVoice/results_b2_final_gs3p0/seedtts_zh/10004471-00000044.wav	0.05263157894736842	北 京 在 出 行 规 模 城 市 影 响 力 方 面 表 表 现 优 异	呃   北   京   在   出   行   规   模   城   市   影   响   力   方   面   表   表   现   优   异	1	0	0
/opt/gpfs/users/shuai/work/block-conversion-b2/OmniVoice/results_b2_final_gs3p0/seedtts_zh/10004471-00000053.wav	1.0	现 在 的 男 孩 子 大 大 咧 咧 惯 惯 了 生 活 大 多 粗 枝 大 叶	啊	0	20	1
/opt/gpfs/users/shuai/work/block-conversion-b2/OmniVoice/results_b2_final_gs3p0/seedtts_zh/10004481-00000061.wav	0.0	在 半 决 赛 美 国 女 排 险 胜 古 巴 闯 入 决 赛 最 终 收 获 银 牌	在   半   决   赛   美   国   女   排   险   胜   古   巴   闯   入   决   赛   最   终   收   获   银   牌	0	0	0
/opt/gpfs/users/shuai/work/block-conversion-b2/OmniVoice/results_b2_final_gs3p0/seedtts_zh/10004481-00000009.wav	0.0	通 过 创 新 技 术 让 未 来 出 行 更 加 安 全 高 效	通   过   创   新   技   术   让   未   来   出   行   更   加   安   全   高   效	0	0	0
/opt/gpfs/users/shuai/work/block-conversion-b2/OmniVoice/results_b2_final_gs3p0/seedtts_zh/00103215-00000216.wav	0.05263157894736842	之 后 他 考 取 导 游 证 成 为 拱 北 口 岸 中 旅 的 导 游	呃   之   后   他   考   取   导   游   证   成   为   拱   北   口   岸   中   旅   的   导   游	1	0	0
/opt/gpfs/users/shuai/work/block-conversion-b2/OmniVoice/results_b2_final_gs3p0/seedtts_zh/00103215-00000021.wav	0.05263157894736842	导 航 开 始 全 程 二 十 五 公 里 预 计 需 要 十 二 分 钟	呃   导   航   开   始   全   程   二   十   五   公   里   预   计   需   要   十   二   分   钟	1	0	0
/opt/gpfs/users/shuai/work/block-conversion-b2/OmniVoice/results_b2_final_gs3p0/seedtts_zh/00103467-00000009.wav	0.0	通 过 创 新 技 术 让 未 来 出 行 更 加 安 全 高 效	通   过   创   新   技   术   让   未   来   出   行   更   加   安   全   高   效	0	0	0
/opt/gpfs/users/shuai/work/block-conversion-b2/OmniVoice/results_b2_final_gs3p0/seedtts_zh/00103467-00000124.wav	0.0	目 前 火 场 有 两 千 余 名 军 警 民 正 在 清 理 火 场 扑 灭 暗 火	目   前   火   场   有   两   千   余   名   军   警   民   正   在   清   理   火   场   扑   灭   暗   火	0	0	0
/opt/gpfs/users/shuai/work/block-conversion-b2/OmniVoice/results_b2_final_gs3p0/seedtts_zh/00105855-00000977.wav	0.0	家 庭 成 员 一 般 在 除 夕 夜 聚 会 吃 年 夜 饭 庆 祝	家   庭   成   员   一   般   在   除   夕   夜   聚   会   吃   年   夜   饭   庆   祝	0	0	0
/opt/gpfs/users/shuai/work/block-conversion-b2/OmniVoice/results_b2_final_gs3p0/seedtts_zh/00105855-00000976.wav	0.0	北 京 周 三 限 号 尾 数 为 二 和 七	北   京   周   三   限   号   尾   数   为   二   和   七	0	0	0
/opt/gpfs/users/shuai/work/block-conversion-b2/OmniVoice/results_b2_final_gs3p0/seedtts_zh/00106136-00000140.wav	0.09090909090909091	在 妙 手 盘 丝 环 节 中 男 嘉 宾 需 要 为 两 位 尖 果 选 拔 盘 发	呃   在   妙   手   盘   丝   环   节   中   男   嘉   宾   需   要   为   两   位   坚   果   选   拔   盘   发	1	0	1
/opt/gpfs/users/shuai/work/block-conversion-b2/OmniVoice/results_b2_final_gs3p0/seedtts_zh/00106136-00000090.wav	0.09523809523809523	说 说 你 们 在 京 藏 高 速 怀 安 段 堵 车 现 场 看 到 的 情 况	哦   说   说   你   们   在   京   藏   高   速   淮   安   段   堵   车   现   场   看   到   的   情   况	1	0	1
/opt/gpfs/users/shuai/work/block-conversion-b2/OmniVoice/results_b2_final_gs3p0/seedtts_zh/00107414-00000016.wav	0.0	共 同 建 设 面 向 未 来 的 交 通 和 出 行 服 务 新 生 态	共   同   建   设   面   向   未   来   的   交   通   和   出   行   服   务   新   生   态	0	0	0
/opt/gpfs/users/shuai/work/block-conversion-b2/OmniVoice/results_b2_final_gs3p0/seedtts_zh/00107414-00000010.wav	0.0	真 正 落 地 成 为 产 品 服 务 进 入 每 个 人 的 生 活	真   正   落   地   成   为   产   品   服   务   进   入   每   个   人   的   生   活	0	0	0
/opt/gpfs/users/shuai/work/block-conversion-b2/OmniVoice/results_b2_final_gs3p0/seedtts_zh/00107946-00000038.wav	0.0	拼 车 将 会 是 解 决 交 通 拥 堵 非 常 有 效 的 方 式	拼   车   将   会   是   解   决   交   通   拥   堵   非   常   有   效   的   方   式	0	0	0
/opt/gpfs/users/shuai/work/block-conversion-b2/OmniVoice/results_b2_final_gs3p0/seedtts_zh/00107946-00000148.wav	0.0	阿 联 酋 人 民 爱 养 鹰 更 爱 猎 鹰 的 聪 慧 敏 捷 悍 猛 的 性 格	阿   联   酋   人   民   爱   养   鹰   更   爱   猎   鹰   的   聪   慧   敏   捷   悍   猛   的   性   格	0	0	0
/opt/gpfs/users/shuai/work/block-conversion-b2/OmniVoice/results_b2_final_gs3p0/seedtts_zh/00107947-00000016.wav	0.05263157894736842	共 同 建 设 面 向 未 来 的 交 通 和 出 行 服 务 新 生 态	啊   共   同   建   设   面   向   未   来   的   交   通   和   出   行   服   务   新   生   态	1	0	0
/opt/gpfs/users/shuai/work/block-conversion-b2/OmniVoice/results_b2_final_gs3p0/seedtts_zh/00107947-00000263.wav	0.0	他 拿 起 柴 刀 胡 乱 挥 舞 凶 猛 的 藏 獒 躲 到 了 一 边	他   拿   起   柴   刀   胡   乱   挥   舞   凶   猛   的   藏   獒   躲   到   了   一   边	0	0	0
/opt/gpfs/users/shuai/work/block-conversion-b2/OmniVoice/results_b2_final_gs3p0/seedtts_zh/00107970-00000648.wav	0.0	传 统 吃 法 是 白 切 口 感 清 淡 肉 质 滑 嫩 原 汁 原 味	传   统   吃   法   是   白   切   口   感   清   淡   肉   质   滑   嫩   原   汁   原   味	0	0	0
/opt/gpfs/users/shuai/work/block-conversion-b2/OmniVoice/results_b2_final_gs3p0/seedtts_zh/00107970-00000539.wav	0.0	这 里 每 年 都 要 办 好 几 场 展 销 会 价 格 非 常 便 宜	这   里   每   年   都   要   办   好   几   场   展   销   会   价   格   非   常   便   宜	0	0	0
/opt/gpfs/users/shuai/work/block-conversion-b2/OmniVoice/results_b2_final_gs3p0/seedtts_zh/00010823-00000151.wav	0.043478260869565216	在 供 应 广 东 菜 的 餐 馆 儿 里 我 们 一 顿 饭 通 常 从 喝 汤 开 始	在   供   应   广   东   菜   的   餐   馆   里   我   们   一   顿   饭   通   常   从   喝   汤   开   始	0	1	0
/opt/gpfs/users/shuai/work/block-conversion-b2/OmniVoice/results_b2_final_gs3p0/seedtts_zh/00010823-00000044.wav	0.0	北 京 在 出 行 模 式 城 市 影 响 力 方 面 表 现 优 异	北   京   在   出   行   模   式   城   市   影   响   力   方   面   表   现   优   异	0	0	0
/opt/gpfs/users/shuai/work/block-conversion-b2/OmniVoice/results_b2_final_gs3p0/seedtts_zh/00108373-00000021.wav	0.10526315789473684	导 航 开 始 全 程 二 十 五 分 钟 预 计 需 要 十 二 分 钟	开   始   全   程   二   十   五   分   钟   预   计   需   要   十   二   分   钟	0	2	0
/opt/gpfs/users/shuai/work/block-conversion-b2/OmniVoice/results_b2_final_gs3p0/seedtts_zh/00108373-00000444.wav	0.0	良 药 苦 口 利 于 病 忠 言 逆 耳 利 于 行	良   药   苦   口   利   于   病   忠   言   逆   耳   利   于   行	0	0	0
/opt/gpfs/users/shuai/work/block-conversion-b2/OmniVoice/results_b2_final_gs3p0/seedtts_zh/00108524-00000154.wav	0.0	在 半 决 赛 美 国 女 排 险 胜 古 巴 闯 入 决 赛 最 终 收 获 银 牌	在   半   决   赛   美   国   女   排   险   胜   古   巴   闯   入   决   赛   最   终   收   获   银   牌	0	0	0
/opt/gpfs/users/shuai/work/block-conversion-b2/OmniVoice/results_b2_final_gs3p0/seedtts_zh/00108524-00000038.wav	0.0	拼 车 将 会 是 解 决 交 通 拥 堵 非 常 有 效 的 方 式	拼   车   将   会   是   解   决   交   通   拥   堵   非   常   有   效   的   方   式	0	0	0
/opt/gpfs/users/shuai/work/block-conversion-b2/OmniVoice/results_b2_final_gs3p0/seedtts_zh/00110375-00000039.wav	0.0	全 球 每 年 有 超 过 一 百 三 十 五 万 人 因 交 通 事 故 而 死 亡	全   球   每   年   有   超   过   一   百   三   十   五   万   人   因   交   通   事   故   而   死   亡	0	0	0
/opt/gpfs/users/shuai/work/block-conversion-b2/OmniVoice/results_b2_final_gs3p0/seedtts_zh/00110375-00000539.wav	0.0	这 里 每 年 都 要 办 好 几 场 展 销 会 价 格 非 常 便 宜	这   里   每   年   都   要   办   好   几   场   展   销   会   价   格   非   常   便   宜	0	0	0
/opt/gpfs/users/shuai/work/block-conversion-b2/OmniVoice/results_b2_final_gs3p0/seedtts_zh/00110690-00000532.wav	0.0	涮 墩 布 拖 地 也 是 用 洗 完 衣 服 倒 在 桶 里 的 水	涮   墩   布   拖   地   也   是   用   洗   完   衣   服   倒   在   桶   里   的   水	0	0	0
/opt/gpfs/users/shuai/work/block-conversion-b2/OmniVoice/results_b2_final_gs3p0/seedtts_zh/00110690-00000021.wav	0.0	导 航 开 始 全 程 二 十 五 公 里 预 计 需 要 十 二 分 钟	导   航   开   始   全   程   二   十   五   公   里   预   计   需   要   十   二   分   钟	0	0	0
/opt/gpfs/users/shuai/work/block-conversion-b2/OmniVoice/results_b2_final_gs3p0/seedtts_zh/00110718-00000039.wav	0.0	全 球 每 年 有 超 过 一 百 三 十 五 万 人 因 交 通 事 故 而 死 亡	全   球   每   年   有   超   过   一   百   三   十   五   万   人   因   交   通   事   故   而   死   亡	0	0	0
/opt/gpfs/users/shuai/work/block-conversion-b2/OmniVoice/results_b2_final_gs3p0/seedtts_zh/00110718-00000640.wav	0.0	伤 不 起 啊 微 博 就 像 热 气 球 飘 上 天 大 家 都 看 得 到	伤   不   起   啊   微   博   就   像   热   气   球   飘   上   天   大   家   都   看   得   到	0	0	0
/opt/gpfs/users/shuai/work/block-conversion-b2/OmniVoice/results_b2_final_gs3p0/seedtts_zh/00110925-00000010.wav	0.0	真 正 落 地 成 为 产 品 服 务 进 入 每 个 人 的 生 活	真   正   落   地   成   为   产   品   服   务   进   入   每   个   人   的   生   活	0	0	0
/opt/gpfs/users/shuai/work/block-conversion-b2/OmniVoice/results_b2_final_gs3p0/seedtts_zh/00110925-00000724.wav	0.05263157894736842	自 愿 报 名 下 虎 山 救 孩 子 的 勇 士 已 达 到 三 千 人	呃   自   愿   报   名   下   虎   山   救   孩   子   的   勇   士   已   达   到   三   千   人	1	0	0
/opt/gpfs/users/shuai/work/block-conversion-b2/OmniVoice/results_b2_final_gs3p0/seedtts_zh/00111002-00000071.wav	0.0	射 门 区 是 对 方 球 门 前 的 一 个 大 致 呈 半 圆 形 的 区 域	射   门   区   是   对   方   球   门   前   的   一   个   大   致   呈   半   圆   形   的   区   域	0	0	0
/opt/gpfs/users/shuai/work/block-conversion-b2/OmniVoice/results_b2_final_gs3p0/seedtts_zh/00111002-00000019.wav	0.05555555555555555	我 们 将 为 全 球 城 市 的 可 持 续 发 展 贡 献 力 量	我   我   们   将   为   全   球   城   市   的   可   持   续   发   展   贡   献   力   量	1	0	0
/opt/gpfs/users/shuai/work/block-conversion-b2/OmniVoice/results_b2_final_gs3p0/seedtts_zh/00111094-00000135.wav	0.045454545454545456	变 捞 为 养 大 海 捞 鱼 向 来 是 海 洋 渔 业 传 统 的 作 业 方 式	哦   变   捞   为   养   大   海   捞   鱼   向   来   是   海   洋   渔   业   传   统   的   作   业   方   式	1	0	0
/opt/gpfs/users/shuai/work/block-conversion-b2/OmniVoice/results_b2_final_gs3p0/seedtts_zh/00111094-00000039.wav	0.045454545454545456	全 球 每 年 有 超 过 一 百 三 十 五 万 人 因 交 通 事 故 而 死 亡	哦   全   球   每   年   有   超   过   一   百   三   十   五   万   人   因   交   通   事   故   而   死   亡	1	0	0
/opt/gpfs/users/shuai/work/block-conversion-b2/OmniVoice/results_b2_final_gs3p0/seedtts_zh/00111553-00000040.wav	0.058823529411764705	自 动 驾 驶 将 为 现 有 的 司 机 运 力 提 供 补 充	呃   自   动   驾   驶   将   为   现   有   的   司   机   运   力   提   供   补   充	1	0	0
/opt/gpfs/users/shuai/work/block-conversion-b2/OmniVoice/results_b2_final_gs3p0/seedtts_zh/00111553-00000048.wav	0.10526315789473684	产 品 经 理 其 实 是 随 着 互 联 网 发 展 应 运 而 生 的	呃   产   品   经   理   其   实   是   随   着   互   联   网   发   展   应   运   而   生   的   呃	2	0	0
/opt/gpfs/users/shuai/work/block-conversion-b2/OmniVoice/results_b2_final_gs3p0/seedtts_zh/00111636-00000019.wav	0.05555555555555555	我 们 将 为 全 球 城 市 的 可 持 续 发 展 贡 献 力 量	呃   我   们   将   为   全   球   城   市   的   可   持   续   发   展   贡   献   力   量	1	0	0
/opt/gpfs/users/shuai/work/block-conversion-b2/OmniVoice/results_b2_final_gs3p0/seedtts_zh/00111636-00000050.wav	0.06666666666666667	优 秀 的 产 品 经 理 要 逐 步 变 得 更 综 合	啊   优   秀   的   产   品   经   理   要   逐   步   变   得   更   综   合	1	0	0
/opt/gpfs/users/shuai/work/block-conversion-b2/OmniVoice/results_b2_final_gs3p0/seedtts_zh/00111640-00000039.wav	0.045454545454545456	全 球 每 年 有 超 过 一 百 三 十 五 万 人 因 交 通 事 故 而 死 亡	呃   全   球   每   年   有   超   过   一   百   三   十   五   万   人   因   交   通   事   故   而   死   亡	1	0	0
/opt/gpfs/users/shuai/work/block-conversion-b2/OmniVoice/results_b2_final_gs3p0/seedtts_zh/00111640-00000038.wav	0.05555555555555555	拼 车 将 会 是 解 决 交 通 拥 堵 非 常 有 效 的 方 式	啊   拼   车   将   会   是   解   决   交   通   拥   堵   非   常   有   效   的   方   式	1	0	0
/opt/gpfs/users/shuai/work/block-conversion-b2/OmniVoice/results_b2_final_gs3p0/seedtts_zh/00111665-00000016.wav	0.05263157894736842	共 同 建 设 面 向 未 来 的 交 通 和 出 行 服 务 新 生 态	呃   共   同   建   设   面   向   未   来   的   交   通   和   出   行   服   务   新   生   态	1	0	0
/opt/gpfs/users/shuai/work/block-conversion-b2/OmniVoice/results_b2_final_gs3p0/seedtts_zh/00111665-00000010.wav	0.05555555555555555	真 正 落 地 成 为 产 品 服 务 进 入 每 个 人 的 生 活	呃   真   正   落   地   成   为   产   品   服   务   进   入   每   个   人   的   生   活	1	0	0
/opt/gpfs/users/shuai/work/block-conversion-b2/OmniVoice/results_b2_final_gs3p0/seedtts_zh/00111675-00000006.wav	0.0	只 有 当 科 技 为 本 地 社 群 创 造 价 值 的 时 候 才 真 正 有 意 义	只   有   当   科   技   为   本   地   社   群   创   造   价   值   的   时   候   才   真   正   有   意   义	0	0	0
/opt/gpfs/users/shuai/work/block-conversion-b2/OmniVoice/results_b2_final_gs3p0/seedtts_zh/00111675-00000192.wav	0.0	这 种 由 于 飞 机 晚 到 引 起 的 航 班 延 误 往 往 造 成 连 锁 反 应	这   种   由   于   飞   机   晚   到   引   起   的   航   班   延   误   往   往   造   成   连   锁   反   应	0	0	0
/opt/gpfs/users/shuai/work/block-conversion-b2/OmniVoice/results_b2_final_gs3p0/seedtts_zh/00111778-00000450.wav	0.0	面 对 外 来 者 的 竞 争 美 国 自 然 不 肯 拱 手 相 让	面   对   外   来   者   的   竞   争   美   国   自   然   不   肯   拱   手   相   让	0	0	0
/opt/gpfs/users/shuai/work/block-conversion-b2/OmniVoice/results_b2_final_gs3p0/seedtts_zh/00111778-00000019.wav	0.05555555555555555	我 们 将 为 全 球 城 市 的 可 持 续 发 展 贡 献 力 量	啊   我   们   将   为   全   球   城   市   的   可   持   续   发   展   贡   献   力   量	1	0	0
/opt/gpfs/users/shuai/work/block-conversion-b2/OmniVoice/results_b2_final_gs3p0/seedtts_zh/00111879-00000009.wav	0.0	通 过 创 新 技 术 让 未 来 出 行 更 加 安 全 高 效	通   过   创   新   技   术   让   未   来   出   行   更   加   安   全   高   效	0	0	0
/opt/gpfs/users/shuai/work/block-conversion-b2/OmniVoice/results_b2_final_gs3p0/seedtts_zh/00111879-00000044.wav	0.0	北 京 在 出 行 规 模 城 市 影 响 力 方 面 表 现 优 异	北   京   在   出   行   规   模   城   市   影   响   力   方   面   表   现   优   异	0	0	0
/opt/gpfs/users/shuai/work/block-conversion-b2/OmniVoice/results_b2_final_gs3p0/seedtts_zh/00112025-00000005.wav	0.0	女 性 可 以 成 为 成 功 的 科 学 家 工 程 师 和 程 序 员	女   性   可   以   成   为   成   功   的   科   学   家   工   程   师   和   程   序   员	0	0	0
/opt/gpfs/users/shuai/work/block-conversion-b2/OmniVoice/results_b2_final_gs3p0/seedtts_zh/00112025-00000177.wav	0.043478260869565216	加 上 城 市 道 路 上 的 下 凹 式 立 交 桥 多 极 端 天 气 时 易 积 水	加   上   城   市   道   路   上   的   下   凹   市   立   交   桥   多   极   端   天   气   时   易   积   水	0	0	1
/opt/gpfs/users/shuai/work/block-conversion-b2/OmniVoice/results_b2_final_gs3p0/seedtts_zh/00112048-00000045.wav	0.0	珠 三 角 城 市 群 在 经 济 发 展 方 面 表 现 抢 眼	珠   三   角   城   市   群   在   经   济   发   展   方   面   表   现   抢   眼	0	0	0
/opt/gpfs/users/shuai/work/block-conversion-b2/OmniVoice/results_b2_final_gs3p0/seedtts_zh/00112048-00000334.wav	0.05555555555555555	更 傻 眼 的 是 过 了 没 多 久 银 行 就 开 始 催 款 了	啊   更   傻   眼   的   是   过   了   没   多   久   银   行   就   开   始   催   款   了	1	0	0
/opt/gpfs/users/shuai/work/block-conversion-b2/OmniVoice/results_b2_final_gs3p0/seedtts_zh/00112103-00000009.wav	0.0	通 过 创 新 技 术 让 未 来 出 行 更 加 安 全 高 效	通   过   创   新   技   术   让   未   来   出   行   更   加   安   全   高   效	0	0	0
/opt/gpfs/users/shuai/work/block-conversion-b2/OmniVoice/results_b2_final_gs3p0/seedtts_zh/00112103-00000011.wav	0.0625	自 动 驾 驶 将 大 幅 度 提 升 出 行 安 全 效 率	啊   自   动   驾   驶   将   大   幅   度   提   升   出   行   安   全   效   率	1	0	0
/opt/gpfs/users/shuai/work/block-conversion-b2/OmniVoice/results_b2_final_gs3p0/seedtts_zh/00011425-00000727.wav	0.0	各 级 领 导 部 门 连 夜 统 计 本 单 位 参 加 抢 救 的 人 员 名 单	各   级   领   导   部   门   连   夜   统   计   本   单   位   参   加   抢   救   的   人   员   名   单	0	0	0
/opt/gpfs/users/shuai/work/block-conversion-b2/OmniVoice/results_b2_final_gs3p0/seedtts_zh/00011425-00000048.wav	0.05263157894736842	产 品 经 理 其 实 是 随 着 互 联 网 发 展 应 运 而 生 的	呃   产   品   经   理   其   实   是   随   着   互   联   网   发   展   应   运   而   生   的	1	0	0
/opt/gpfs/users/shuai/work/block-conversion-b2/OmniVoice/results_b2_final_gs3p0/seedtts_zh/00117201-00000006.wav	0.043478260869565216	只 有 当 科 技 为 本 地 社 群 创 造 价 值 的 时 候 才 真 正 有 意 义	啊   只   有   当   科   技   为   本   地   社   群   创   造   价   值   的   时   候   才   真   正   有   意   义	1	0	0
/opt/gpfs/users/shuai/work/block-conversion-b2/OmniVoice/results_b2_final_gs3p0/seedtts_zh/00117201-00000495.wav	0.0	值 班 警 长 陈 真 和 同 事 立 即 赶 往 事 发 地 工 商 银 行	值   班   警   长   陈   真   和   同   事   立   即   赶   往   事   发   地   工   商   银   行	0	0	0
/opt/gpfs/users/shuai/work/block-conversion-b2/OmniVoice/results_b2_final_gs3p0/seedtts_zh/00117977-00000041.wav	0.0625	经 济 发 展 是 城 市 高 效 宜 居 发 展 的 基 石	啊   经   济   发   展   是   城   市   高   效   宜   居   发   展   的   基   石	1	0	0
/opt/gpfs/users/shuai/work/block-conversion-b2/OmniVoice/results_b2_final_gs3p0/seedtts_zh/00117977-00000185.wav	0.08695652173913043	环 卫 三 所 现 已 采 取 三 项 措 施 一 是 调 换 不 称 职 的 管 理 员	呃   三   所   现   已   采   取   三   项   措   施   一   是   调   换   不   称   职   的   管   理   员	0	1	1
/opt/gpfs/users/shuai/work/block-conversion-b2/OmniVoice/results_b2_final_gs3p0/seedtts_zh/00118212-00000038.wav	0.1111111111111111	拼 车 将 会 是 解 决 交 通 拥 堵 非 常 有 效 的 方 式	啊   拼   车   将   会   是   解   决   交   通   拥   堵   非   常   有   效   的   方   式   啊	2	0	0
/opt/gpfs/users/shuai/work/block-conversion-b2/OmniVoice/results_b2_final_gs3p0/seedtts_zh/00118212-00000062.wav	0.05	真 丝 原 料 昂 贵 资 源 有 限 对 整 理 洗 涤 的 要 求 很 高	啊   真   丝   原   料   昂   贵   资   源   有   限   对   整   理   洗   涤   的   要   求   很   高	1	0	0
/opt/gpfs/users/shuai/work/block-conversion-b2/OmniVoice/results_b2_final_gs3p0/seedtts_zh/00118280-00000056.wav	0.0	炎 炎 夏 日 赏 冰 雕 邯 郸 永 年 广 府 古 城 冰 雕 馆 开 放	炎   炎   夏   日   赏   冰   雕   邯   郸   永   年   广   府   古   城   冰   雕   馆   开   放	0	0	0
/opt/gpfs/users/shuai/work/block-conversion-b2/OmniVoice/results_b2_final_gs3p0/seedtts_zh/00118280-00000436.wav	0.05263157894736842	这 时 同 事 才 发 现 小 曹 受 伤 了 走 路 一 瘸 一 拐 的	呃   这   时   同   事   才   发   现   小   曹   受   伤   了   走   路   一   瘸   一   拐   的	1	0	0
/opt/gpfs/users/shuai/work/block-conversion-b2/OmniVoice/results_b2_final_gs3p0/seedtts_zh/00118473-00000016.wav	0.0	共 同 建 设 面 向 未 来 的 交 通 和 出 行 服 务 新 生 态	共   同   建   设   面   向   未   来   的   交   通   和   出   行   服   务   新   生   态	0	0	0
/opt/gpfs/users/shuai/work/block-conversion-b2/OmniVoice/results_b2_final_gs3p0/seedtts_zh/00118473-00000087.wav	0.047619047619047616	一 副 巨 大 的 对 联 贴 在 拉 萨 市 水 泥 厂 礼 堂 的 门 柱 上	呃   一   副   巨   大   的   对   联   贴   在   拉   萨   市   水   泥   厂   礼   堂   的   门   柱   上	1	0	0
/opt/gpfs/users/shuai/work/block-conversion-b2/OmniVoice/results_b2_final_gs3p0/seedtts_zh/00118616-00000009.wav	0.058823529411764705	通 过 创 新 技 术 让 未 来 出 行 更 加 安 全 高 效	啊   通   过   创   新   技   术   让   未   来   出   行   更   加   安   全   高   效	1	0	0
/opt/gpfs/users/shuai/work/block-conversion-b2/OmniVoice/results_b2_final_gs3p0/seedtts_zh/00118616-00000007.wav	0.058823529411764705	创 业 需 要 激 情 更 需 要 强 烈 的 社 会 责 任 感	啊   创   业   需   要   激   情   更   需   要   强   烈   的   社   会   责   任   感	1	0	0
/opt/gpfs/users/shuai/work/block-conversion-b2/OmniVoice/results_b2_final_gs3p0/seedtts_zh/00118631-00000336.wav	0.05	如 果 卡 扎 菲 在 选 举 中 落 败 愿 意 下 台 但 不 会 流 亡	啊   如   果   卡   扎   菲   在   选   举   中   落   败   愿   意   下   台   但   不   会   流   亡	1	0	0
/opt/gpfs/users/shuai/work/block-conversion-b2/OmniVoice/results_b2_final_gs3p0/seedtts_zh/00118631-00000011.wav	0.13333333333333333	自 动 驾 驶 将 大 幅 提 升 出 行 安 全 效 率	啊   自   动   驾   驶   将   大   幅   提   升   出   行   安   全   效   率   效	2	0	0
/opt/gpfs/users/shuai/work/block-conversion-b2/OmniVoice/results_b2_final_gs3p0/seedtts_zh/00118699-00000174.wav	0.0	据 说 长 城 是 从 月 球 上 肉 眼 看 到 的 极 少 的 人 造 奇 迹 之 一	据   说   长   城   是   从   月   球   上   肉   眼   看   到   的   极   少   的   人   造   奇   迹   之   一	0	0	0
/opt/gpfs/users/shuai/work/block-conversion-b2/OmniVoice/results_b2_final_gs3p0/seedtts_zh/00118699-00000021.wav	0.10526315789473684	导 航 开 始 全 程 二 十 五 公 里 预 计 需 要 十 二 分 钟	开   始   全   程   二   十   五   公   里   预   计   需   要   十   二   分   钟	0	2	0
/opt/gpfs/users/shuai/work/block-conversion-b2/OmniVoice/results_b2_final_gs3p0/seedtts_zh/00012033-00000611.wav	0.0625	把 洗 衣 粉 泡 沫 一 捞 什 么 都 看 不 出 来 了	啊   洗   衣   粉   泡   沫   一   捞   什   么   都   看   不   出   来   了	0	0	1
/opt/gpfs/users/shuai/work/block-conversion-b2/OmniVoice/results_b2_final_gs3p0/seedtts_zh/00012033-00000049.wav	0.058823529411764705	互 联 网 已 经 成 为 一 种 解 决 方 案 的 应 用 层	呃   互   联   网   已   经   成   为   一   种   解   决   方   案   的   应   用   层	1	0	0
/opt/gpfs/users/shuai/work/block-conversion-b2/OmniVoice/results_b2_final_gs3p0/seedtts_zh/00122028-00000005.wav	0.0	女 性 可 以 成 为 成 功 的 科 学 家 工 程 师 和 程 序 员	女   性   可   以   成   为   成   功   的   科   学   家   工   程   师   和   程   序   员	0	0	0
/opt/gpfs/users/shuai/work/block-conversion-b2/OmniVoice/results_b2_final_gs3p0/seedtts_zh/00122028-00000040.wav	0.0	自 动 驾 驶 将 为 现 有 的 司 机 运 力 提 供 补 充	自   动   驾   驶   将   为   现   有   的   司   机   运   力   提   供   补   充	0	0	0
/opt/gpfs/users/shuai/work/block-conversion-b2/OmniVoice/results_b2_final_gs3p0/seedtts_zh/00122035-00000040.wav	0.0	自 动 驾 驶 将 为 现 有 的 司 机 运 力 提 供 补 充	自   动   驾   驶   将   为   现   有   的   司   机   运   力   提   供   补   充	0	0	0
/opt/gpfs/users/shuai/work/block-conversion-b2/OmniVoice/results_b2_final_gs3p0/seedtts_zh/00122035-00000044.wav	0.0	北 京 在 出 行 规 模 城 市 影 响 力 方 面 表 现 优 异	北   京   在   出   行   规   模   城   市   影   响   力   方   面   表   现   优   异	0	0	0
/opt/gpfs/users/shuai/work/block-conversion-b2/OmniVoice/results_b2_final_gs3p0/seedtts_zh/00122042-00000006.wav	0.0	只 有 当 科 技 为 本 地 社 群 创 造 价 值 的 时 候 才 真 正 有 意 义	只   有   当   科   技   为   本   地   社   群   创   造   价   值   的   时   候   才   真   正   有   意   义	0	0	0
/opt/gpfs/users/shuai/work/block-conversion-b2/OmniVoice/results_b2_final_gs3p0/seedtts_zh/00122042-00000010.wav	0.0	真 正 落 地 成 为 产 品 服 务 进 入 每 个 人 的 生 活	真   正   落   地   成   为   产   品   服   务   进   入   每   个   人   的   生   活	0	0	0
/opt/gpfs/users/shuai/work/block-conversion-b2/OmniVoice/results_b2_final_gs3p0/seedtts_zh/00122078-00000039.wav	0.0	全 球 每 年 有 超 过 一 百 三 十 五 万 人 因 交 通 事 故 而 死 亡	全   球   每   年   有   超   过   一   百   三   十   五   万   人   因   交   通   事   故   而   死   亡	0	0	0
/opt/gpfs/users/shuai/work/block-conversion-b2/OmniVoice/results_b2_final_gs3p0/seedtts_zh/00122078-00000130.wav	0.0	落 后 分 散 的 小 农 经 济 和 封 建 统 治 是 迷 信 盲 从 的 温 床	落   后   分   散   的   小   农   经   济   和   封   建   统   治   是   迷   信   盲   从   的   温   床	0	0	0
/opt/gpfs/users/shuai/work/block-conversion-b2/OmniVoice/results_b2_final_gs3p0/seedtts_zh/00012279-00000123.wav	0.045454545454545456	他 穿 白 色 裤 子 的 时 候 我 把 脏 泥 巴 弄 在 了 他 的 裤 子 上	啊   他   穿   白   色   裤   子   的   时   候   我   把   脏   泥   巴   弄   在   了   他   的   裤   子   上	1	0	0
/opt/gpfs/users/shuai/work/block-conversion-b2/OmniVoice/results_b2_final_gs3p0/seedtts_zh/00012279-00000006.wav	0.043478260869565216	只 有 当 科 技 为 本 地 社 群 创 造 价 值 的 时 候 才 真 正 有 意 义	哦   只   有   当   科   技   为   本   地   社   群   创   造   价   值   的   时   候   才   真   正   有   意   义	1	0	0
/opt/gpfs/users/shuai/work/block-conversion-b2/OmniVoice/results_b2_final_gs3p0/seedtts_zh/00012297-00000016.wav	0.05263157894736842	共 同 建 设 面 向 未 来 的 交 通 和 出 行 服 务 新 生 态	呃   共   同   建   设   面   向   未   来   的   交   通   和   出   行   服   务   新   生   态	1	0	0
/opt/gpfs/users/shuai/work/block-conversion-b2/OmniVoice/results_b2_final_gs3p0/seedtts_zh/00012297-00000029.wav	0.0	前 方 有 左 急 转 弯 请 减 速 慢 行	前   方   有   左   急   转   弯   请   减   速   慢   行	0	0	0
/opt/gpfs/users/shuai/work/block-conversion-b2/OmniVoice/results_b2_final_gs3p0/seedtts_zh/00012349-00000616.wav	0.0	报 警 人 说 绑 匪 威 胁 不 准 报 案 否 则 将 撕 票	报   警   人   说   绑   匪   威   胁   不   准   报   案   否   则   将   撕   票	0	0	0
/opt/gpfs/users/shuai/work/block-conversion-b2/OmniVoice/results_b2_final_gs3p0/seedtts_zh/00012349-00000175.wav	0.08695652173913043	该 赢 的 都 赢 了 就 连 尼 日 利 亚 胜 西 班 牙 也 不 能 算 作 冷 门	啊   该   赢   的   都   赢   了   就   连   尼   日   利   亚   圣   西   班   牙   也   不   能   算   作   冷   门	1	0	1
/opt/gpfs/users/shuai/work/block-conversion-b2/OmniVoice/results_b2_final_gs3p0/seedtts_zh/00012522-00000155.wav	0.18181818181818182	书 中 毛 泽 东 评 点 真 迹 的 两 百 多 幅 影 印 图 片 珍 贵 异 常	哦   书   中   毛   泽   东   评   点   真   迹   的   两   百   多   幅   影   映   图   片   珍   贵   印	1	1	2
/opt/gpfs/users/shuai/work/block-conversion-b2/OmniVoice/results_b2_final_gs3p0/seedtts_zh/00012522-00000156.wav	0.043478260869565216	家 属 在 井 口 为 矿 工 送 饭 送 干 衣 服 半 个 月 就 抢 修 元 完 毕	家   属   在   井   口   为   矿   工   送   饭   送   干   衣   服   半   个   月   就   抢   修   员   完   毕	0	0	1
/opt/gpfs/users/shuai/work/block-conversion-b2/OmniVoice/results_b2_final_gs3p0/seedtts_zh/00012577-00000019.wav	0.0	我 们 将 为 全 球 城 市 的 可 持 续 发 展 贡 献 力 量	我   们   将   为   全   球   城   市   的   可   持   续   发   展   贡   献   力   量	0	0	0
/opt/gpfs/users/shuai/work/block-conversion-b2/OmniVoice/results_b2_final_gs3p0/seedtts_zh/00012577-00000009.wav	0.0	通 过 创 新 技 术 让 未 来 出 行 更 加 安 全 高 效	通   过   创   新   技   术   让   未   来   出   行   更   加   安   全   高   效	0	0	0
/opt/gpfs/users/shuai/work/block-conversion-b2/OmniVoice/results_b2_final_gs3p0/seedtts_zh/00012581-00000033.wav	0.0	目 前 中 国 互 联 网 国 际 化 还 在 开 拓 阶 段	目   前   中   国   互   联   网   国   际   化   还   在   开   拓   阶   段	0	0	0
/opt/gpfs/users/shuai/work/block-conversion-b2/OmniVoice/results_b2_final_gs3p0/seedtts_zh/00012581-00000300.wav	0.0	小 偷 却 一 点 也 不 气 馁 继 续 在 抽 屉 里 翻 找	小   偷   却   一   点   也   不   气   馁   继   续   在   抽   屉   里   翻   找	0	0	0
/opt/gpfs/users/shuai/work/block-conversion-b2/OmniVoice/results_b2_final_gs3p0/seedtts_zh/00012596-00000009.wav	0.058823529411764705	通 过 创 新 技 术 让 未 来 出 行 更 加 安 全 高 效	哦   通   过   创   新   技   术   让   未   来   出   行   更   加   安   全   高   效	1	0	0
/opt/gpfs/users/shuai/work/block-conversion-b2/OmniVoice/results_b2_final_gs3p0/seedtts_zh/00012596-00000288.wav	0.058823529411764705	女 驾 驶 员 不 乐 意 了 嘴 里 开 始 骂 骂 咧 咧 的	啊   女   驾   驶   员   不   乐   意   了   嘴   里   开   始   骂   骂   咧   咧   的	1	0	0
/opt/gpfs/users/shuai/work/block-conversion-b2/OmniVoice/results_b2_final_gs3p0/seedtts_zh/00012603-00000065.wav	0.1	要 推 广 使 用 因 特 网 首 先 要 解 决 的 还 是 一 个 知 字	要   要   推   广   使   用   因   特   网   首   先   要   解   决   的   还   是   一   个   之   字	1	0	1
/opt/gpfs/users/shuai/work/block-conversion-b2/OmniVoice/results_b2_final_gs3p0/seedtts_zh/00012603-00000006.wav	0.043478260869565216	只 有 当 科 技 为 本 地 社 群 创 造 价 值 的 时 候 才 真 正 有 意 义	啊   只   有   当   科   技   为   本   地   社   群   创   造   价   值   的   时   候   才   真   正   有   意   义	1	0	0
/opt/gpfs/users/shuai/work/block-conversion-b2/OmniVoice/results_b2_final_gs3p0/seedtts_zh/00012714-00000174.wav	0.0	据 说 长 城 是 从 月 球 上 肉 眼 看 到 的 极 少 的 人 造 奇 迹 之 一	据   说   长   城   是   从   月   球   上   肉   眼   看   到   的   极   少   的   人   造   奇   迹   之   一	0	0	0
/opt/gpfs/users/shuai/work/block-conversion-b2/OmniVoice/results_b2_final_gs3p0/seedtts_zh/00012714-00000035.wav	0.0	体 验 是 用 户 感 知 是 主 观 的 用 户 价 值	体   验   是   用   户   感   知   是   主   观   的   用   户   价   值	0	0	0
/opt/gpfs/users/shuai/work/block-conversion-b2/OmniVoice/results_b2_final_gs3p0/seedtts_zh/00012910-00000018.wav	0.07142857142857142	打 造 更 贴 心 更 细 致 的 个 性 化 服 务	哦   打   造   更   贴   心   更   细   致   的   个   性   化   服   务	1	0	0
/opt/gpfs/users/shuai/work/block-conversion-b2/OmniVoice/results_b2_final_gs3p0/seedtts_zh/00012910-00000037.wav	0.06666666666666667	体 验 是 稳 定 是 和 预 期 相 符 的 确 定 性	哦   体   验   是   稳   定   是   和   预   期   相   符   的   确   定   性	1	0	0
/opt/gpfs/users/shuai/work/block-conversion-b2/OmniVoice/results_b2_final_gs3p0/seedtts_zh/00013044-00000449.wav	0.0	两 年 后 它 可 以 达 到 半 光 速 飞 出 太 阳 系	两   年   后   它   可   以   达   到   半   光   速   飞   出   太   阳   系	0	0	0
/opt/gpfs/users/shuai/work/block-conversion-b2/OmniVoice/results_b2_final_gs3p0/seedtts_zh/00013044-00000102.wav	0.09090909090909091	谢 师 傅 脑 海 中 一 片 空 白 半 天 才 缓 过 神 来 明 白 撞 车 啦	啊   谢   师   傅   脑   海   中   一   片   空   白   半   天   才   缓   过   神   来   明   白   撞   车   了	1	0	1
/opt/gpfs/users/shuai/work/block-conversion-b2/OmniVoice/results_b2_final_gs3p0/seedtts_zh/00013068-00000119.wav	0.0	要 特 别 关 爱 孤 儿 病 残 儿 童 流 浪 儿 童 等 特 殊 困 难 群 体	要   特   别   关   爱   孤   儿   病   残   儿   童   流   浪   儿   童   等   特   殊   困   难   群   体	0	0	0
/opt/gpfs/users/shuai/work/block-conversion-b2/OmniVoice/results_b2_final_gs3p0/seedtts_zh/00013068-00000048.wav	0.0	产 品 经 理 其 实 是 随 着 互 联 网 发 展 应 运 而 生 的	产   品   经   理   其   实   是   随   着   互   联   网   发   展   应   运   而   生   的	0	0	0
/opt/gpfs/users/shuai/work/block-conversion-b2/OmniVoice/results_b2_final_gs3p0/seedtts_zh/00013098-00000163.wav	0.0	但 杨 然 称 要 登 门 拜 访 将 李 某 和 菲 儿 的 事 告 诉 他 妻 子	但   杨   然   称   要   登   门   拜   访   将   李   某   和   菲   儿   的   事   告   诉   他   妻   子	0	0	0
/opt/gpfs/users/shuai/work/block-conversion-b2/OmniVoice/results_b2_final_gs3p0/seedtts_zh/00013098-00000981.wav	0.0625	或 许 你 们 俩 应 去 找 个 婚 姻 顾 问 做 咨 询	啊   或   许   你   们   俩   应   去   找   个   婚   姻   顾   问   做   咨   询	1	0	0
/opt/gpfs/users/shuai/work/block-conversion-b2/OmniVoice/results_b2_final_gs3p0/seedtts_zh/00013124-00000063.wav	0.05	类 推 可 用 于 颠 覆 惯 性 思 维 以 便 为 新 的 创 意 开 路	呃   类   推   可   用   于   颠   覆   惯   性   思   维   以   便   为   新   的   创   意   开   路	1	0	0
/opt/gpfs/users/shuai/work/block-conversion-b2/OmniVoice/results_b2_final_gs3p0/seedtts_zh/00013124-00000049.wav	0.058823529411764705	互 联 网 已 经 成 为 一 种 解 决 方 案 的 应 用 层	啊   互   联   网   已   经   成   为   一   种   解   决   方   案   的   应   用   层	1	0	0
/opt/gpfs/users/shuai/work/block-conversion-b2/OmniVoice/results_b2_final_gs3p0/seedtts_zh/00013265-00000622.wav	0.0	随 后 民 警 还 在 店 里 发 现 一 把 锤 子	随   后   民   警   还   在   店   里   发   现   一   把   锤   子	0	0	0
/opt/gpfs/users/shuai/work/block-conversion-b2/OmniVoice/results_b2_final_gs3p0/seedtts_zh/00013265-00000021.wav	0.0	导 航 开 始 全 程 二 十 五 公 里 预 计 需 要 十 二 分 钟	导   航   开   始   全   程   二   十   五   公   里   预   计   需   要   十   二   分   钟	0	0	0
/opt/gpfs/users/shuai/work/block-conversion-b2/OmniVoice/results_b2_final_gs3p0/seedtts_zh/00013281-00000301.wav	0.05	小 数 点 问 题 不 是 政 府 的 责 任 是 专 家 学 者 的 责 任	少   数   点   问   题   不   是   政   府   的   责   任   是   专   家   学   者   的   责   任	0	0	1
/opt/gpfs/users/shuai/work/block-conversion-b2/OmniVoice/results_b2_final_gs3p0/seedtts_zh/00013281-00000731.wav	0.0	你 们 让 我 在 世 界 大 赛 上 丢 了 脸	你   们   让   我   在   世   界   大   赛   上   丢   了   脸	0	0	0
/opt/gpfs/users/shuai/work/block-conversion-b2/OmniVoice/results_b2_final_gs3p0/seedtts_zh/00013311-00000039.wav	0.0	全 球 每 年 有 超 过 一 百 三 十 五 万 人 因 交 通 事 故 而 死 亡	全   球   每   年   有   超   过   一   百   三   十   五   万   人   因   交   通   事   故   而   死   亡	0	0	0
/opt/gpfs/users/shuai/work/block-conversion-b2/OmniVoice/results_b2_final_gs3p0/seedtts_zh/00013311-00000360.wav	0.1	每 一 年 国 内 银 行 业 都 在 重 复 着 卯 吃 卵 粮 的 戏 码	啊   每   一   年   国   内   银   行   业   都   在   重   复   着   卯   吃   软   粮   的   戏   码	1	0	1
/opt/gpfs/users/shuai/work/block-conversion-b2/OmniVoice/results_b2_final_gs3p0/seedtts_zh/00013317-00000006.wav	0.043478260869565216	只 有 当 科 技 为 本 地 社 群 创 造 价 值 的 时 候 才 真 正 有 意 义	啊   只   有   当   科   技   为   本   地   社   群   创   造   价   值   的   时   候   才   真   正   有   意   义	1	0	0
/opt/gpfs/users/shuai/work/block-conversion-b2/OmniVoice/results_b2_final_gs3p0/seedtts_zh/00013317-00000648.wav	0.05263157894736842	传 统 吃 法 是 白 切 口 感 清 淡 肉 质 滑 嫩 原 汁 原 味	啊   传   统   吃   法   是   白   切   口   感   清   淡   肉   质   滑   嫩   原   汁   原   味	1	0	0
/opt/gpfs/users/shuai/work/block-conversion-b2/OmniVoice/results_b2_final_gs3p0/seedtts_zh/00013338-00000009.wav	0.0	通 过 创 新 科 技 让 未 来 出 行 更 加 安 全 高 效	通   过   创   新   科   技   让   未   来   出   行   更   加   安   全   高   效	0	0	0
/opt/gpfs/users/shuai/work/block-conversion-b2/OmniVoice/results_b2_final_gs3p0/seedtts_zh/00013338-00000044.wav	0.0	北 京 在 出 行 规 模 城 市 影 响 力 方 面 表 现 优 异	北   京   在   出   行   规   模   城   市   影   响   力   方   面   表   现   优   异	0	0	0
/opt/gpfs/users/shuai/work/block-conversion-b2/OmniVoice/results_b2_final_gs3p0/seedtts_zh/00013356-00000094.wav	0.041666666666666664	两 两 项 税 金 合 计 占 当 期 营 收 营 业 收 入 的 百 分 之 十 五 点 二	啊   两   两   项   税   金   合   计   占   当   期   营   收   营   业   收   入   的   百   分   之   十   五   点   二	1	0	0
/opt/gpfs/users/shuai/work/block-conversion-b2/OmniVoice/results_b2_final_gs3p0/seedtts_zh/00013356-00000007.wav	0.0	创 业 需 要 激 情 更 需 要 强 烈 的 社 会 责 任 感	创   业   需   要   激   情   更   需   要   强   烈   的   社   会   责   任   感	0	0	0
/opt/gpfs/users/shuai/work/block-conversion-b2/OmniVoice/results_b2_final_gs3p0/seedtts_zh/00013364-00000003.wav	0.0	将 人 工 智 能 技 术 更 好 服 务 平 台 乘 客 和 司 机	将   人   工   智   能   技   术   更   好   服   务   平   台   乘   客   和   司   机	0	0	0
/opt/gpfs/users/shuai/work/block-conversion-b2/OmniVoice/results_b2_final_gs3p0/seedtts_zh/00013364-00000012.wav	0.058823529411764705	产 生 产 业 互 联 网 时 代 面 临 很 多 安 全 挑 战	啊   产   生   产   业   互   联   网   时   代   面   临   很   多   安   全   挑   战	1	0	0
/opt/gpfs/users/shuai/work/block-conversion-b2/OmniVoice/results_b2_final_gs3p0/seedtts_zh/00013375-00000021.wav	0.0	导 航 开 始 全 程 二 十 五 公 里 预 计 需 要 十 二 分 钟	导   航   开   始   全   程   二   十   五   公   里   预   计   需   要   十   二   分   钟	0	0	0
/opt/gpfs/users/shuai/work/block-conversion-b2/OmniVoice/results_b2_final_gs3p0/seedtts_zh/00013375-00000016.wav	0.05263157894736842	共 同 建 设 面 向 未 来 的 交 通 和 出 行 服 务 新 生 态	呃   共   同   建   设   面   向   未   来   的   交   通   和   出   行   服   务   新   生   态	1	0	0
/opt/gpfs/users/shuai/work/block-conversion-b2/OmniVoice/results_b2_final_gs3p0/seedtts_zh/00013542-00000616.wav	0.0	报 警 人 说 绑 匪 威 胁 不 准 报 案 否 则 将 撕 票	报   警   人   说   绑   匪   威   胁   不   准   报   案   否   则   将   撕   票	0	0	0
/opt/gpfs/users/shuai/work/block-conversion-b2/OmniVoice/results_b2_final_gs3p0/seedtts_zh/00013542-00000045.wav	0.11764705882352941	珠 三 角 城 市 群 在 经 济 发 展 方 面 表 现 抢 眼	哦   珠   三   角   城   市   群   在   经   济   发   展   方   面   表   现   抢   眼   哦	2	0	0
/opt/gpfs/users/shuai/work/block-conversion-b2/OmniVoice/results_b2_final_gs3p0/seedtts_zh/00013648-00000277.wav	0.05555555555555555	在 珠 宝 翡 翠 里 属 于 奢 侈 品 还 会 有 价 值 空 间	啊   在   珠   宝   翡   翠   里   属   于   奢   侈   品   还   会   有   价   值   空   间	1	0	0
/opt/gpfs/users/shuai/work/block-conversion-b2/OmniVoice/results_b2_final_gs3p0/seedtts_zh/00013648-00000183.wav	0.043478260869565216	其 中 住 宅 类 土 地 成 交 额 环 比 大 增 百 分 之 一 百 零 一 点 一	啊   其   中   住   宅   类   土   地   成   交   额   环   比   大   增   百   分   之   一   百   零   一   点   一	1	0	0
/opt/gpfs/users/shuai/work/block-conversion-b2/OmniVoice/results_b2_final_gs3p0/seedtts_zh/00013652-00000048.wav	0.05263157894736842	产 品 经 理 其 实 是 随 着 互 联 网 发 展 应 运 而 生 的	啊   产   品   经   理   其   实   是   随   着   互   联   网   发   展   应   运   而   生   的	1	0	0
/opt/gpfs/users/shuai/work/block-conversion-b2/OmniVoice/results_b2_final_gs3p0/seedtts_zh/00013652-00000038.wav	0.05555555555555555	拼 车 将 会 是 解 决 交 通 拥 堵 非 常 有 效 的 方 式	啊   拼   车   将   会   是   解   决   交   通   拥   堵   非   常   有   效   的   方   式	1	0	0
/opt/gpfs/users/shuai/work/block-conversion-b2/OmniVoice/results_b2_final_gs3p0/seedtts_zh/00013676-00000043.wav	0.058823529411764705	经 济 发 展 的 不 平 衡 不 充 分 问 题 日 益 突 出	啊   经   济   发   展   的   不   平   衡   不   充   分   问   题   日   益   突   出	1	0	0
/opt/gpfs/users/shuai/work/block-conversion-b2/OmniVoice/results_b2_final_gs3p0/seedtts_zh/00013676-00000038.wav	0.058823529411764705	拼 车 将 会 解 决 交 通 拥 堵 非 常 有 效 的 方 法	呃   拼   车   将   会   解   决   交   通   拥   堵   非   常   有   效   的   方   法	1	0	0
/opt/gpfs/users/shuai/work/block-conversion-b2/OmniVoice/results_b2_final_gs3p0/seedtts_zh/00013762-00000099.wav	0.045454545454545456	但 是 一 批 评 完 马 上 就 拉 着 儿 子 一 起 玩 游 戏 哄 哄 孩 子	呃   但   是   一   批   评   完   马   上   就   拉   着   儿   子   一   起   玩   游   戏   哄   哄   孩   子	1	0	0
/opt/gpfs/users/shuai/work/block-conversion-b2/OmniVoice/results_b2_final_gs3p0/seedtts_zh/00013762-00000019.wav	0.0	我 们 将 为 全 球 城 市 的 可 持 续 发 展 贡 献 力 量	我   们   将   为   全   球   城   市   的   可   持   续   发   展   贡   献   力   量	0	0	0
/opt/gpfs/users/shuai/work/block-conversion-b2/OmniVoice/results_b2_final_gs3p0/seedtts_zh/00013764-00000016.wav	0.0	共 同 建 设 面 向 未 来 的 交 通 和 出 行 服 务 新 生 态	共   同   建   设   面   向   未   来   的   交   通   和   出   行   服   务   新   生   态	0	0	0
/opt/gpfs/users/shuai/work/block-conversion-b2/OmniVoice/results_b2_final_gs3p0/seedtts_zh/00013764-00000249.wav	0.0	为 了 弄 明 白 停 水 原 因 他 给 自 来 水 公 司 打 电 话	为   了   弄   明   白   停   水   原   因   他   给   自   来   水   公   司   打   电   话	0	0	0
/opt/gpfs/users/shuai/work/block-conversion-b2/OmniVoice/results_b2_final_gs3p0/seedtts_zh/00013774-00000001.wav	0.0	顺 风 时 提 高 警 惕 逆 风 时 笃 定 前 行	顺   风   时   提   高   警   惕   逆   风   时   笃   定   前   行	0	0	0
/opt/gpfs/users/shuai/work/block-conversion-b2/OmniVoice/results_b2_final_gs3p0/seedtts_zh/00013774-00000005.wav	0.0	女 性 可 以 成 为 成 功 的 科 学 家 工 程 师 和 程 序 员	女   性   可   以   成   为   成   功   的   科   学   家   工   程   师   和   程   序   员	0	0	0
/opt/gpfs/users/shuai/work/block-conversion-b2/OmniVoice/results_b2_final_gs3p0/seedtts_zh/00013783-00000039.wav	0.0	全 球 每 年 有 超 过 一 百 三 十 五 万 人 因 交 通 事 故 而 死 亡	全   球   每   年   有   超   过   一   百   三   十   五   万   人   因   交   通   事   故   而   死   亡	0	0	0
/opt/gpfs/users/shuai/work/block-conversion-b2/OmniVoice/results_b2_final_gs3p0/seedtts_zh/00013783-00000035.wav	0.0	体 验 是 用 户 感 知 是 主 观 的 用 户 价 值	体   验   是   用   户   感   知   是   主   观   的   用   户   价   值	0	0	0
/opt/gpfs/users/shuai/work/block-conversion-b2/OmniVoice/results_b2_final_gs3p0/seedtts_zh/00013931-00000039.wav	0.045454545454545456	全 球 每 年 有 超 过 一 百 三 十 五 万 人 因 交 通 事 故 而 死 亡	呃   全   球   每   年   有   超   过   一   百   三   十   五   万   人   因   交   通   事   故   而   死   亡	1	0	0
/opt/gpfs/users/shuai/work/block-conversion-b2/OmniVoice/results_b2_final_gs3p0/seedtts_zh/00013931-00000392.wav	0.0625	第 一 天 去 前 几 个 小 时 很 尴 尬 孤 零 零 的	哦   第   一   天   去   前   几   个   小   时   很   尴   尬   孤   零   零   的	1	0	0
/opt/gpfs/users/shuai/work/block-conversion-b2/OmniVoice/results_b2_final_gs3p0/seedtts_zh/00013950-00000007.wav	0.0	创 业 需 要 激 情 更 需 要 强 烈 的 社 会 责 任 感	创   业   需   要   激   情   更   需   要   强   烈   的   社   会   责   任   感	0	0	0
/opt/gpfs/users/shuai/work/block-conversion-b2/OmniVoice/results_b2_final_gs3p0/seedtts_zh/00013950-00000074.wav	0.047619047619047616	二 十 四 年 的 秘 密 终 于 曝 光 了 两 位 老 人 都 松 了 口 气	啊   十   四   年   的   秘   密   终   于   曝   光   了   两   位   老   人   都   松   了   口   气	0	0	1
/opt/gpfs/users/shuai/work/block-conversion-b2/OmniVoice/results_b2_final_gs3p0/seedtts_zh/00014003-00000044.wav	0.0	北 方 在 出 行 规 模 城 市 的 影 响 力 方 面 表 现 优 异	北   方   在   出   行   规   模   城   市   的   影   响   力   方   面   表   现   优   异	0	0	0
/opt/gpfs/users/shuai/work/block-conversion-b2/OmniVoice/results_b2_final_gs3p0/seedtts_zh/00014003-00000020.wav	0.0625	一 点 五 公 里 后 右 转 驶 入 京 藏 高 速 辅 路	呃   一   点   五   公   里   后   右   转   驶   入   京   藏   高   速   辅   路	1	0	0
/opt/gpfs/users/shuai/work/block-conversion-b2/OmniVoice/results_b2_final_gs3p0/seedtts_zh/00014032-00000479.wav	0.0	其 急 性 中 毒 症 状 为 呕 吐 腹 泻 红 斑 休 克 昏 迷 等	其   急   性   中   毒   症   状   为   呕   吐   腹   泻   红   斑   休   克   昏   迷   等	0	0	0
/opt/gpfs/users/shuai/work/block-conversion-b2/OmniVoice/results_b2_final_gs3p0/seedtts_zh/00014032-00000039.wav	0.0	全 球 每 年 有 超 过 一 百 三 十 五 万 人 因 交 通 事 故 而 死 亡	全   球   每   年   有   超   过   一   百   三   十   五   万   人   因   交   通   事   故   而   死   亡	0	0	0
/opt/gpfs/users/shuai/work/block-conversion-b2/OmniVoice/results_b2_final_gs3p0/seedtts_zh/00014077-00000006.wav	0.043478260869565216	只 有 当 科 技 为 本 地 社 群 创 造 价 值 的 时 候 才 真 正 有 意 义	呃   只   有   当   科   技   为   本   地   社   群   创   造   价   值   的   时   候   才   真   正   有   意   义	1	0	0
/opt/gpfs/users/shuai/work/block-conversion-b2/OmniVoice/results_b2_final_gs3p0/seedtts_zh/00014077-00000177.wav	0.08695652173913043	加 上 城 市 道 路 上 的 下 凹 式 立 交 桥 多 极 端 天 气 时 易 积 水	啊   加   上   城   市   道   路   上   的   下   凹   是   立   交   桥   多   极   端   天   气   时   易   积   水	1	0	1
/opt/gpfs/users/shuai/work/block-conversion-b2/OmniVoice/results_b2_final_gs3p0/seedtts_zh/00014094-00000048.wav	0.0	产 品 经 理 其 实 是 随 着 互 联 网 发 展 应 运 而 生 的	产   品   经   理   其   实   是   随   着   互   联   网   发   展   应   运   而   生   的	0	0	0
/opt/gpfs/users/shuai/work/block-conversion-b2/OmniVoice/results_b2_final_gs3p0/seedtts_zh/00014094-00000132.wav	0.13636363636363635	如 果 我 们 慢 慢 腾 腾 与 发 达 地 区 的 差 距 只 会 越 拉 越 大	呃   如   果   我   们   慢   慢   腾   腾   与   发   达   地   区   的   差   距   只   会   越   拉   啊   越	2	1	0
/opt/gpfs/users/shuai/work/block-conversion-b2/OmniVoice/results_b2_final_gs3p0/seedtts_zh/00014150-00000039.wav	0.045454545454545456	全 球 每 年 有 超 过 一 百 三 十 五 万 人 因 交 通 事 故 而 死 亡	呃   全   球   每   年   有   超   过   一   百   三   十   五   万   人   因   交   通   事   故   而   死   亡	1	0	0
/opt/gpfs/users/shuai/work/block-conversion-b2/OmniVoice/results_b2_final_gs3p0/seedtts_zh/00014150-00000644.wav	0.0	蔡 依 林 为 爱 专 心 当 宅 女 在 家 准 备 爱 心 蛋 糕	蔡   依   林   为   爱   专   心   当   宅   女   在   家   准   备   爱   心   蛋   糕	0	0	0
/opt/gpfs/users/shuai/work/block-conversion-b2/OmniVoice/results_b2_final_gs3p0/seedtts_zh/00014174-00000340.wav	0.05555555555555555	通 过 这 样 的 规 定 防 止 肇 事 司 机 当 甩 手 掌 柜	呃   通   过   这   样   的   规   定   防   止   肇   事   司   机   当   甩   手   掌   柜	1	0	0
/opt/gpfs/users/shuai/work/block-conversion-b2/OmniVoice/results_b2_final_gs3p0/seedtts_zh/00014174-00000449.wav	0.0	两 年 后 它 可 以 达 到 半 光 速 飞 出 太 阳 系	两   年   后   它   可   以   达   到   半   光   速   飞   出   太   阳   系	0	0	0
/opt/gpfs/users/shuai/work/block-conversion-b2/OmniVoice/results_b2_final_gs3p0/seedtts_zh/00017746-00000140.wav	0.047619047619047616	在 妙 手 盘 丝 环 节 中 男 嘉 宾 需 要 两 位 尖 果 选 手 盘 发	在   妙   手   盘   丝   环   节   中   男   嘉   宾   需   要   两   位   坚   果   选   手   盘   发	0	0	1
/opt/gpfs/users/shuai/work/block-conversion-b2/OmniVoice/results_b2_final_gs3p0/seedtts_zh/00017746-00000016.wav	0.0	共 同 建 设 面 向 未 来 的 交 通 和 出 行 服 务 新 生 态	共   同   建   设   面   向   未   来   的   交   通   和   出   行   服   务   新   生   态	0	0	0
/opt/gpfs/users/shuai/work/block-conversion-b2/OmniVoice/results_b2_final_gs3p0/seedtts_zh/00017801-00000967.wav	0.047619047619047616	他 们 脱 掉 笨 重 的 冬 衣 走 起 路 来 腰 杆 挺 直 步 履 轻 盈	哦   他   们   脱   掉   笨   重   的   冬   衣   走   起   路   来   腰   杆   挺   直   步   履   轻   盈	1	0	0
/opt/gpfs/users/shuai/work/block-conversion-b2/OmniVoice/results_b2_final_gs3p0/seedtts_zh/00017801-00000072.wav	0.09523809523809523	尤 其 这 种 苍 莽 的 天 然 林 已 经 不 多 了 更 觉 弥 补 珍 贵	尤   其   这   种   苍   茫   的   天   然   磷   已   经   不   多   了   更   觉   弥   补   珍   贵	0	0	2
/opt/gpfs/users/shuai/work/block-conversion-b2/OmniVoice/results_b2_final_gs3p0/seedtts_zh/00017889-00000016.wav	0.05263157894736842	共 同 建 设 面 向 未 来 的 交 通 和 出 行 服 务 新 生 态	呃   共   同   建   设   面   向   未   来   的   交   通   和   出   行   服   务   新   生   态	1	0	0
/opt/gpfs/users/shuai/work/block-conversion-b2/OmniVoice/results_b2_final_gs3p0/seedtts_zh/00017889-00000005.wav	0.05263157894736842	女 性 可 以 成 为 成 功 的 科 学 家 工 程 师 和 程 序 员	呃   女   性   可   以   成   为   成   功   的   科   学   家   工   程   师   和   程   序   员	1	0	0
/opt/gpfs/users/shuai/work/block-conversion-b2/OmniVoice/results_b2_final_gs3p0/seedtts_zh/00018394-00000039.wav	0.045454545454545456	全 球 每 年 有 超 过 一 百 三 十 五 万 人 因 交 通 事 故 而 死 亡	哦   全   球   每   年   有   超   过   一   百   三   十   五   万   人   因   交   通   事   故   而   死   亡	1	0	0
/opt/gpfs/users/shuai/work/block-conversion-b2/OmniVoice/results_b2_final_gs3p0/seedtts_zh/00018394-00000005.wav	0.05263157894736842	女 性 可 以 成 为 成 功 的 科 学 家 工 程 师 和 程 序 员	哦   女   性   可   以   成   为   成   功   的   科   学   家   工   程   师   和   程   序   员	1	0	0
/opt/gpfs/users/shuai/work/block-conversion-b2/OmniVoice/results_b2_final_gs3p0/seedtts_zh/00018692-00000118.wav	0.09090909090909091	向 湖 边 隔 岸 望 去 还 能 眺 望 到 耸 立 在 天 边 的 凯 凯 雪 山	向   湖   边   隔   岸   望   去   还   能   眺   望   到   耸   立   在   天   边   的   坎   皑   雪   山	0	0	2
/opt/gpfs/users/shuai/work/block-conversion-b2/OmniVoice/results_b2_final_gs3p0/seedtts_zh/00018692-00000151.wav	0.0	在 供 应 广 东 菜 的 餐 馆 里 餐 馆 里 嗯 我 们 一 顿 饭 通 常 从 喝 汤 开 始	在   供   应   广   东   菜   的   餐   馆   里   餐   馆   里   嗯   我   们   一   顿   饭   通   常   从   喝   汤   开   始	0	0	0
/opt/gpfs/users/shuai/work/block-conversion-b2/OmniVoice/results_b2_final_gs3p0/seedtts_zh/00018781-00000245.wav	0.0	但 在 收 视 率 的 压 力 之 下 纪 录 片 只 能 颓 然 落 败	但   在   收   视   率   的   压   力   之   下   纪   录   片   只   能   颓   然   落   败	0	0	0
/opt/gpfs/users/shuai/work/block-conversion-b2/OmniVoice/results_b2_final_gs3p0/seedtts_zh/00018781-00000096.wav	0.09523809523809523	智 利 北 部 的 阿 塔 卡 马 沙 漠 有 一 家 收 费 昂 贵 的 酒 店	啊   智   利   北   部   的   阿   塔   卡   玛   沙   漠   有   一   家   收   费   昂   贵   的   酒   店	1	0	1
/opt/gpfs/users/shuai/work/block-conversion-b2/OmniVoice/results_b2_final_gs3p0/seedtts_zh/00019059-00000007.wav	0.0	创 业 需 要 激 情 更 需 要 强 烈 的 社 会 责 任 感	创   业   需   要   激   情   更   需   要   强   烈   的   社   会   责   任   感	0	0	0
/opt/gpfs/users/shuai/work/block-conversion-b2/OmniVoice/results_b2_final_gs3p0/seedtts_zh/00019059-00000034.wav	0.0	当 我 们 做 体 验 时 我 们 到 底 在 做 什 么	当   我   们   做   体   验   时   我   们   到   底   在   做   什   么	0	0	0
/opt/gpfs/users/shuai/work/block-conversion-b2/OmniVoice/results_b2_final_gs3p0/seedtts_zh/00019174-00000231.wav	0.05	他 就 想 把 大 家 聚 在 一 起 吐 槽 说 说 工 作 中 的 问 题	啊   他   就   想   把   大   家   聚   在   一   起   吐   槽   说   说   工   作   中   的   问   题	1	0	0
/opt/gpfs/users/shuai/work/block-conversion-b2/OmniVoice/results_b2_final_gs3p0/seedtts_zh/00019174-00000136.wav	0.0	河 南 省 总 吸 烟 率 高 达 百 分 之 四 十 一 点 五 居 全 国 之 首	河   南   省   总   吸   烟   率   高   达   百   分   之   四   十   一   点   五   居   全   国   之   首	0	0	0
/opt/gpfs/users/shuai/work/block-conversion-b2/OmniVoice/results_b2_final_gs3p0/seedtts_zh/00020065-00000074.wav	0.0	二 十 四 年 的 秘 密 终 于 曝 光 了 两 位 老 人 都 松 了 口 气	二   十   四   年   的   秘   密   终   于   曝   光   了   两   位   老   人   都   松   了   口   气	0	0	0
/opt/gpfs/users/shuai/work/block-conversion-b2/OmniVoice/results_b2_final_gs3p0/seedtts_zh/00020065-00000039.wav	0.0	全 球 每 年 有 超 过 一 百 三 十 五 万 人 因 交 通 事 故 而 死 亡	全   球   每   年   有   超   过   一   百   三   十   五   万   人   因   交   通   事   故   而   死   亡	0	0	0
/opt/gpfs/users/shuai/work/block-conversion-b2/OmniVoice/results_b2_final_gs3p0/seedtts_zh/00000309-00000039.wav	0.0	全 球 每 年 有 超 过 一 百 三 十 五 万 人 因 交 通 事 故 而 死 亡	全   球   每   年   有   超   过   一   百   三   十   五   万   人   因   交   通   事   故   而   死   亡	0	0	0
/opt/gpfs/users/shuai/work/block-conversion-b2/OmniVoice/results_b2_final_gs3p0/seedtts_zh/00000309-00000009.wav	0.0	通 过 创 新 技 术 让 未 来 出 行 更 加 安 全 高 效	通   过   创   新   技   术   让   未   来   出   行   更   加   安   全   高   效	0	0	0
/opt/gpfs/users/shuai/work/block-conversion-b2/OmniVoice/results_b2_final_gs3p0/seedtts_zh/00004501-00000111.wav	0.04	拿 一 只 中 型 平 底 锅 用 中 大 火 融 化 奶 油 加 入 面 粉 搅 拌 至 滑 顺	拿   一   只   中   型   平   底   锅   用   中   大   火   融   化   奶   油   加   入   面   粉   搅   拌   至   滑   水	0	0	1
/opt/gpfs/users/shuai/work/block-conversion-b2/OmniVoice/results_b2_final_gs3p0/seedtts_zh/00004501-00000029.wav	0.0	我 得 用 回 想 与 幻 想 补 充 我 所 缺 少 的 饮 食 安 慰 我 所 得 到 的 痛 苦	我   得   用   回   想   与   幻   想   补   充   我   所   缺   少   的   饮   食   安   慰   我   所   得   到   的   痛   苦	0	0	0
/opt/gpfs/users/shuai/work/block-conversion-b2/OmniVoice/results_b2_final_gs3p0/seedtts_zh/00004504-00000108.wav	0.0	全 国 恶 性 肿 瘤 发 病 及 死 亡 第 一 位 的 是 肺 癌	全   国   恶   性   肿   瘤   发   病   及   死   亡   第   一   位   的   是   肺   癌	0	0	0
/opt/gpfs/users/shuai/work/block-conversion-b2/OmniVoice/results_b2_final_gs3p0/seedtts_zh/00004504-00000057.wav	0.045454545454545456	尽 管 是 用 民 间 资 金 办 学 但 亚 奥 学 校 的 性 质 并 不 单 纯	尽   管   是   用   民   间   资   金   办   学   但   亚   澳   学   校   的   性   质   并   不   单   纯	0	0	1
/opt/gpfs/users/shuai/work/block-conversion-b2/OmniVoice/results_b2_final_gs3p0/seedtts_zh/00004505-00000041.wav	0.125	女 主 在 等 男 主 回 来 事 情 挺 多 不 会 无 聊	啊   女   主   在   等   男   主   回   来   事   情   挺   多   不   会   无   泪	1	0	1
/opt/gpfs/users/shuai/work/block-conversion-b2/OmniVoice/results_b2_final_gs3p0/seedtts_zh/00004505-00000075.wav	0.0	在 开 会 中 可 以 吸 气 时 稍 微 用 力 收 缩 肛 门	在   开   会   中   可   以   吸   气   时   稍   微   用   力   收   缩   肛   门	0	0	0
/opt/gpfs/users/shuai/work/block-conversion-b2/OmniVoice/results_b2_final_gs3p0/seedtts_zh/00004506-00000103.wav	0.0	真 不 好 意 思 从 小 至 今 他 还 从 来 没 有 被 哪 一 位 异 性 朋 友 亲 吻 过 呢	真   不   好   意   思   从   小   至   今   他   还   从   来   没   有   被   哪   一   位   异   性   朋   友   亲   吻   过   呢	0	0	0
/opt/gpfs/users/shuai/work/block-conversion-b2/OmniVoice/results_b2_final_gs3p0/seedtts_zh/00004506-00000069.wav	0.0	其 眼 中 的 美 国 优 先 具 有 浓 厚 的 商 业 运 作 色 彩	其   眼   中   的   美   国   优   先   具   有   浓   厚   的   商   业   运   作   色   彩	0	0	0
/opt/gpfs/users/shuai/work/block-conversion-b2/OmniVoice/results_b2_final_gs3p0/seedtts_zh/00004507-00000024.wav	0.08333333333333333	她 热 爱 教 育 事 业 希 望 音 乐 界 后 续 有 人 希 望 歌 声 传 遍 森 林	啊   他   热   爱   教   育   事   业   希   望   音   乐   界   后   续   有   人   希   望   歌   声   传   遍   森   林	1	0	1
/opt/gpfs/users/shuai/work/block-conversion-b2/OmniVoice/results_b2_final_gs3p0/seedtts_zh/00004507-00000092.wav	0.0	父 母 及 两 位 年 轻 年 长 的 姐 姐 用 各 种 方 式 填 补 家 中 的 财 务 大 洞	父   母   及   两   位   年   轻   年   长   的   姐   姐   用   各   种   方   式   填   补   家   中   的   财   务   大   洞	0	0	0
/opt/gpfs/users/shuai/work/block-conversion-b2/OmniVoice/results_b2_final_gs3p0/seedtts_zh/00004508-00000064.wav	0.0	是 女 性 们 既 瘦 身 又 美 容 养 颜 的 好 食 材	是   女   性   们   既   瘦   身   又   美   容   养   颜   的   好   食   材	0	0	0
/opt/gpfs/users/shuai/work/block-conversion-b2/OmniVoice/results_b2_final_gs3p0/seedtts_zh/00004508-00000022.wav	0.0	更 为 严 重 的 就 是 导 致 单 边 牙 齿 磨 损 过 度 引 发 牙 病	更   为   严   重   的   就   是   导   致   单   边   牙   齿   磨   损   过   度   引   发   牙   病	0	0	0
/opt/gpfs/users/shuai/work/block-conversion-b2/OmniVoice/results_b2_final_gs3p0/seedtts_zh/00004509-00000090.wav	0.0	他 的 建 议 迎 合 了 一 些 舍 不 得 抛 弃 财 产 撤 退 的 日 侨 侥 幸 偷 安 的 心 理	他   的   建   议   迎   合   了   一   些   舍   不   得   抛   弃   财   产   撤   退   的   日   侨   侥   幸   偷   安   的   心   理	0	0	0
/opt/gpfs/users/shuai/work/block-conversion-b2/OmniVoice/results_b2_final_gs3p0/seedtts_zh/00004509-00000047.wav	0.0	精 心 伪 装 的 朝 鲜 特 种 兵 还 是 在 一 月 二 十 一 日 晚 八 时 左 右 摸 进 了 汉 城	精   心   伪   装   的   朝   鲜   特   种   兵   还   是   在   一   月   二   十   一   日   晚   八   时   左   右   摸   进   了   汉   城	0	0	0
/opt/gpfs/users/shuai/work/block-conversion-b2/OmniVoice/results_b2_final_gs3p0/seedtts_zh/00004510-00000090.wav	0.07407407407407407	尾 号 零 二 六 九 的 乘 客 刚 夸 了 你 师 傅 开 车 稳 当 当 保 驾 护 航 顶 呱 呱	好   零   二   六   九   的   乘   客   刚   夸   了   你   师   傅   开   车   稳   当   当   保   驾   护   航   顶   呱   呱	0	1	1
/opt/gpfs/users/shuai/work/block-conversion-b2/OmniVoice/results_b2_final_gs3p0/seedtts_zh/00004510-00000018.wav	0.0	妈 妈 从 我 手 中 拿 走 我 歌 曲 的 歌 看 边 看 边 赞 不 绝 口	妈   妈   从   我   手   中   拿   走   我   歌   曲   的   歌   看   边   看   边   赞   不   绝   口	0	0	0
/opt/gpfs/users/shuai/work/block-conversion-b2/OmniVoice/results_b2_final_gs3p0/seedtts_zh/00004511-00000014.wav	0.05555555555555555	十 二 个 小 时 呀 简 直 无 法 想 象 怎 么 熬 过 来 的	啊   十   二   个   小   时   呀   简   直   无   法   想   象   怎   么   熬   过   来   的	1	0	0
/opt/gpfs/users/shuai/work/block-conversion-b2/OmniVoice/results_b2_final_gs3p0/seedtts_zh/00004511-00000032.wav	0.09523809523809523	我 真 正 算 是 完 蛋 啦 倘 若 我 能 够 跟 着 大 雁 一 走 了 之	我   我   真   正   算   是   完   蛋   了   倘   若   我   能   够   跟   着   大   雁   一   走   了   之	1	0	1
/opt/gpfs/users/shuai/work/block-conversion-b2/OmniVoice/results_b2_final_gs3p0/seedtts_zh/00004512-00000028.wav	0.043478260869565216	将 货 物 通 关 时 间 从 原 来 的 九 点 二 个 小 时 缩 短 为 九 分 钟	呃   将   货   物   通   关   时   间   从   原   来   的   九   点   二   个   小   时   缩   短   为   九   分   钟	1	0	0
/opt/gpfs/users/shuai/work/block-conversion-b2/OmniVoice/results_b2_final_gs3p0/seedtts_zh/00004512-00000067.wav	0.043478260869565216	一 个 人 生 活 太 顺 畅 就 会 开 始 变 懒 会 想 着 法 子 玩 新 花 样	呃   一   个   人   生   活   太   顺   畅   就   会   开   始   变   懒   会   想   着   法   子   玩   新   花   样	1	0	0
/opt/gpfs/users/shuai/work/block-conversion-b2/OmniVoice/results_b2_final_gs3p0/seedtts_zh/00004513-00000001.wav	0.03333333333333333	以 及 通 过 非 银 渠 道 投 向 地 方 基 建 和 房 地 产 的 资 金 总 敞 口 近 八 十 万 亿 元	以   及   通   过   非   营   渠   道   投   向   地   方   基   建   和   房   地   产   的   资   金   总   敞   口   近   八   十   万   亿   元	0	0	1
/opt/gpfs/users/shuai/work/block-conversion-b2/OmniVoice/results_b2_final_gs3p0/seedtts_zh/00004513-00000086.wav	0.0	目 前 该 案 已 抓 获 主 要 犯 罪 嫌 疑 人 八 人	目   前   该   案   已   抓   获   主   要   犯   罪   嫌   疑   人   八   人	0	0	0
/opt/gpfs/users/shuai/work/block-conversion-b2/OmniVoice/results_b2_final_gs3p0/seedtts_zh/00004514-00000036.wav	0.0	另 外 吃 黄 豆 芽 象 征 万 事 如 意 吃 发 财 芽 寓 意 发 财	另   外   吃   黄   豆   芽   象   征   万   事   如   意   吃   发   财   芽   寓   意   发   财	0	0	0
/opt/gpfs/users/shuai/work/block-conversion-b2/OmniVoice/results_b2_final_gs3p0/seedtts_zh/00004514-00000062.wav	0.0	汇 率 是 中 国 军 事 成 本 更 低 的 另 一 个 不 显 眼 的 优 势	汇   率   是   中   国   军   事   成   本   更   低   的   另   一   个   不   显   眼   的   优   势	0	0	0
/opt/gpfs/users/shuai/work/block-conversion-b2/OmniVoice/results_b2_final_gs3p0/seedtts_zh/00004515-00000071.wav	0.05555555555555555	我 还 没 完 成 周 五 阿 顿 分 给 我 的 那 个 图 表 呢	我   还   没   完   成   周   五   哈   顿   分   给   我   的   那   个   图   表   呢	0	0	1
/opt/gpfs/users/shuai/work/block-conversion-b2/OmniVoice/results_b2_final_gs3p0/seedtts_zh/00004515-00000058.wav	0.047619047619047616	大 街 上 两 口 儿 吵 越 吵 越 凶 妻 子 一 气 之 下 扭 头 就 走	大   街   上   两   口   吵   越   吵   越   凶   妻   子   一   气   之   下   扭   头   就   走	0	1	0
/opt/gpfs/users/shuai/work/block-conversion-b2/OmniVoice/results_b2_final_gs3p0/seedtts_zh/00004516-00000111.wav	0.045454545454545456	希 望 自 己 也 可 以 用 盐 雕 设 计 出 自 己 钟 爱 的 玩 偶 造 型	希   望   自   己   也   可   以   用   岩   雕   设   计   出   自   己   钟   爱   的   玩   偶   造   型	0	0	1
/opt/gpfs/users/shuai/work/block-conversion-b2/OmniVoice/results_b2_final_gs3p0/seedtts_zh/00004516-00000030.wav	0.0	法 院 与 不 动 产 登 记 部 门 加 强 沟 通 并 督 促 银 行 提 前 办 理 抵 押 预 约 登 记	法   院   与   不   动   产   登   记   部   门   加   强   沟   通   并   督   促   银   行   提   前   办   理   抵   押   预   约   登   记	0	0	0
/opt/gpfs/users/shuai/work/block-conversion-b2/OmniVoice/results_b2_final_gs3p0/seedtts_zh/00004517-00000108.wav	0.0625	我 在 尾 巴 上 涂 了 颜 色 卷 成 彩 球 的 样 子	我   我   在   尾   巴   上   涂   了   颜   色   卷   成   彩   球   的   样   子	1	0	0
/opt/gpfs/users/shuai/work/block-conversion-b2/OmniVoice/results_b2_final_gs3p0/seedtts_zh/00004517-00000116.wav	0.041666666666666664	过 了 一 会 一 切 都 结 束 了 这 座 山 在 月 光 下 显 得 幽 静 而 静 谧	我   过   了   一   会   一   切   都   结   束   了   这   座   山   在   月   光   下   显   得   幽   静   而   静   谧	1	0	0
/opt/gpfs/users/shuai/work/block-conversion-b2/OmniVoice/results_b2_final_gs3p0/seedtts_zh/00004518-00000112.wav	0.043478260869565216	云 端 产 业 由 低 到 高 分 为 云 端 设 备 云 端 平 台 与 云 端 软 体	啊   云   端   产   业   由   低   到   高   分   为   云   端   设   备   云   端   平   台   与   云   端   软   体	1	0	0
/opt/gpfs/users/shuai/work/block-conversion-b2/OmniVoice/results_b2_final_gs3p0/seedtts_zh/00004518-00000106.wav	0.08695652173913043	而 对 于 话 多 的 大 嗓 门 先 生 来 说 那 难 受 的 劲 就 更 别 提 了	啊   而   对   于   话   多   的   大   嗓   门   先   生   来   说   那   难   受   的   劲   儿   就   更   别   提   了	2	0	0
/opt/gpfs/users/shuai/work/block-conversion-b2/OmniVoice/results_b2_final_gs3p0/seedtts_zh/00004519-00000048.wav	0.0	要 不 是 彼 得 今 天 早 上 问 起 我 我 也 差 不 多 都 忘 了	要   不   是   彼   得   今   天   早   上   问   起   我   我   也   差   不   多   都   忘   了	0	0	0
/opt/gpfs/users/shuai/work/block-conversion-b2/OmniVoice/results_b2_final_gs3p0/seedtts_zh/00004519-00000102.wav	0.0	更 多 新 闻 咨 询 你 还 可 以 关 注 央 视 移 动 新 闻 网	更   多   新   闻   咨   询   你   还   可   以   关   注   央   视   移   动   新   闻   网	0	0	0
/opt/gpfs/users/shuai/work/block-conversion-b2/OmniVoice/results_b2_final_gs3p0/seedtts_zh/00004520-00000082.wav	0.0	我 不 仅 饶 你 不 死 回 宫 后 还 要 奖 赏 你	我   不   仅   饶   你   不   死   回   宫   后   还   要   奖   赏   你	0	0	0
/opt/gpfs/users/shuai/work/block-conversion-b2/OmniVoice/results_b2_final_gs3p0/seedtts_zh/00004520-00000019.wav	0.0	同 时 督 促 贷 款 银 行 应 将 预 约 抵 押 登 记 时 间 提 前	同   时   督   促   贷   款   银   行   应   将   预   约   抵   押   登   记   时   间   提   前	0	0	0
/opt/gpfs/users/shuai/work/block-conversion-b2/OmniVoice/results_b2_final_gs3p0/seedtts_zh/00004521-00000008.wav	0.041666666666666664	只 见 那 熊 带 着 满 腔 愤 怒 拼 命 追 赶 马 车 一 边 喘 气 一 边 嚎 叫	啊   只   见   那   熊   带   着   满   腔   愤   怒   拼   命   追   赶   马   车   一   边   喘   气   一   边   嚎   叫	1	0	0
/opt/gpfs/users/shuai/work/block-conversion-b2/OmniVoice/results_b2_final_gs3p0/seedtts_zh/00004521-00000059.wav	0.0	一 会 又 说 与 徐 斌 断 绝 了 父 女 关 系 眼 下 不 知 女 儿 下 落	一   会   又   说   与   徐   斌   断   绝   了   父   女   关   系   眼   下   不   知   女   儿   下   落	0	0	0
/opt/gpfs/users/shuai/work/block-conversion-b2/OmniVoice/results_b2_final_gs3p0/seedtts_zh/00004522-00000097.wav	0.13636363636363635	此 时 蒂 法 已 经 去 后 院 叫 回 了 之 前 的 女 人 和 那 群 孤 儿	此   时   地   法   已   经   去   后   院   叫   回   了   之   前   的   女   人   和   那   群   姑	0	1	2
/opt/gpfs/users/shuai/work/block-conversion-b2/OmniVoice/results_b2_final_gs3p0/seedtts_zh/00004522-00000073.wav	0.047619047619047616	而 且 言 辞 一 年 比 一 年 严 厉 处 罚 措 施 也 越 来 越 严 苛	而   且   严   辞   一   年   比   一   年   严   厉   处   罚   措   施   也   越   来   越   严   苛	0	0	1
/opt/gpfs/users/shuai/work/block-conversion-b2/OmniVoice/results_b2_final_gs3p0/seedtts_zh/00004523-00000067.wav	0.0	据 当 地 媒 体 报 道 阿 普 尔 鲍 姆 当 天 在 家 中 被 警 察 带 走	据   当   地   媒   体   报   道   阿   普   尔   鲍   姆   当   天   在   家   中   被   警   察   带   走	0	0	0
/opt/gpfs/users/shuai/work/block-conversion-b2/OmniVoice/results_b2_final_gs3p0/seedtts_zh/00004523-00000030.wav	0.08	同 业 公 会 最 年 长 的 成 员 总 要 上 台 去 讲 一 番 台 子 上 挂 着 招 牌	啊   同   业   工   会   最   年   长   的   成   员   总   要   上   台   去   讲   一   番   台   子   上   挂   着   招   牌	1	0	1
/opt/gpfs/users/shuai/work/block-conversion-b2/OmniVoice/results_b2_final_gs3p0/seedtts_zh/00004524-00000063.wav	0.0	马 云 和 蔡 崇 信 以 及 雷 瑟 斯 帮 助 阿 里 巴 巴 成 功 赴 美 上 市	马   云   和   蔡   崇   信   以   及   雷   瑟   斯   帮   助   阿   里   巴   巴   成   功   赴   美   上   市	0	0	0
/opt/gpfs/users/shuai/work/block-conversion-b2/OmniVoice/results_b2_final_gs3p0/seedtts_zh/00004524-00000118.wav	0.07692307692307693	黑 四 挥 手 对 狗 腿 子 说 道 去 快 把 莹 老 汉 叫 来 说 黑 大 爷 找 他 有 事	啊   黑   四   挥   手   对   狗   腿   子   说   道   去   快   把   尹   老   汉   叫   来   说   黑   大   爷   找   他   有   事	1	0	1
/opt/gpfs/users/shuai/work/block-conversion-b2/OmniVoice/results_b2_final_gs3p0/seedtts_zh/00004525-00000019.wav	0.0	年 轻 的 母 鸭 说 离 我 的 孩 子 远 点 你 这 丑 东 西	年   轻   的   母   鸭   说   离   我   的   孩   子   远   点   你   这   丑   东   西	0	0	0
/opt/gpfs/users/shuai/work/block-conversion-b2/OmniVoice/results_b2_final_gs3p0/seedtts_zh/00004525-00000055.wav	0.0	猜 测 之 声 还 未 平 息 成 都 市 新 的 城 市 道 路 限 行 措 施 出 台	猜   测   之   声   还   未   平   息   成   都   市   新   的   城   市   道   路   限   行   措   施   出   台	0	0	0
/opt/gpfs/users/shuai/work/block-conversion-b2/OmniVoice/results_b2_final_gs3p0/seedtts_zh/00004526-00000053.wav	0.0	法 国 是 具 有 世 界 意 义 的 国 家 是 一 块 培 育 自 由 精 神 的 神 智 的 沃 土	法   国   是   具   有   世   界   意   义   的   国   家   是   一   块   培   育   自   由   精   神   的   神   智   的   沃   土	0	0	0
/opt/gpfs/users/shuai/work/block-conversion-b2/OmniVoice/results_b2_final_gs3p0/seedtts_zh/00004526-00000038.wav	0.05555555555555555	而 他 从 竞 选 阶 段 起 就 表 明 要 收 紧 移 民 政 策	啊   他   从   竞   选   阶   段   起   就   表   明   要   收   紧   移   民   政   策	0	0	1
/opt/gpfs/users/shuai/work/block-conversion-b2/OmniVoice/results_b2_final_gs3p0/seedtts_zh/00004527-00000005.wav	0.05	自 结 婚 以 来 我 那 位 再 也 没 有 给 我 送 过 一 朵 玫 瑰	哎   自   结   婚   以   来   我   那   位   再   也   没   有   给   我   送   过   一   朵   玫   瑰	1	0	0
/opt/gpfs/users/shuai/work/block-conversion-b2/OmniVoice/results_b2_final_gs3p0/seedtts_zh/00004527-00000109.wav	0.08333333333333333	眨 眼 工 夫 几 个 混 混 亮 明 警 察 身 份 一 瞬 间 将 其 将 张 某 制 服	眨   呀   眼   功   夫   几   个   混   混   亮   明   警   察   身   份   一   瞬   间   将   其   将   张   某   制   服	1	0	1
/opt/gpfs/users/shuai/work/block-conversion-b2/OmniVoice/results_b2_final_gs3p0/seedtts_zh/00004528-00000104.wav	0.0	上 周 末 有 一 天 他 回 家 很 晚 早 过 了 他 该 回 来 的 时 候	上   周   末   有   一   天   他   回   家   很   晚   早   过   了   他   该   回   来   的   时   候	0	0	0
/opt/gpfs/users/shuai/work/block-conversion-b2/OmniVoice/results_b2_final_gs3p0/seedtts_zh/00004528-00000002.wav	0.0	此 外 亦 涵 盖 品 牌 自 营 店 在 内 的 全 球 品 牌 零 售 渠 道	此   外   亦   涵   盖   品   牌   自   营   店   在   内   的   全   球   品   牌   零   售   渠   道	0	0	0
/opt/gpfs/users/shuai/work/block-conversion-b2/OmniVoice/results_b2_final_gs3p0/seedtts_zh/00004529-00000079.wav	0.058823529411764705	到 了 午 夜 零 点 时 新 年 就 算 真 正 的 到 来 了	到   到   了   午   夜   零   点   时   新   年   就   算   真   正   的   到   来   了	1	0	0
/opt/gpfs/users/shuai/work/block-conversion-b2/OmniVoice/results_b2_final_gs3p0/seedtts_zh/00004529-00000035.wav	0.0	沉 寂 了 好 一 阵 这 时 爱 丽 丝 只 能 偶 尔 听 到 几 句 微 弱 的 语 音 如	沉   寂   了   好   一   阵   这   时   爱   丽   丝   只   能   偶   尔   听   到   几   句   微   弱   的   语   音   如	0	0	0
/opt/gpfs/users/shuai/work/block-conversion-b2/OmniVoice/results_b2_final_gs3p0/seedtts_zh/00004530-00000117.wav	0.0	他 没 有 钱 啊 进 城 以 后 房 子 越 来 越 贵 租 也 租 不 到 就 钻 地 下 室	他   没   有   钱   啊   进   城   以   后   房   子   越   来   越   贵   租   也   租   不   到   就   钻   地   下   室	0	0	0
/opt/gpfs/users/shuai/work/block-conversion-b2/OmniVoice/results_b2_final_gs3p0/seedtts_zh/00004530-00000094.wav	0.0	还 不 忘 询 问 起 儿 时 往 事 咱 俩 一 块 玩 的 小 木 剑 上 哪 去 了	还   不   忘   询   问   起   儿   时   往   事   咱   俩   一   块   玩   的   小   木   剑   上   哪   去   了	0	0	0
/opt/gpfs/users/shuai/work/block-conversion-b2/OmniVoice/results_b2_final_gs3p0/seedtts_zh/00004531-00000037.wav	0.041666666666666664	也 只 有 到 过 村 口 的 小 动 物 才 知 道 村 口 有 一 家 大 熊 拉 面 馆	也   只   只   有   到   过   村   口   的   小   动   物   才   知   道   村   口   有   一   家   大   熊   拉   面   馆	1	0	0
/opt/gpfs/users/shuai/work/block-conversion-b2/OmniVoice/results_b2_final_gs3p0/seedtts_zh/00004531-00000100.wav	0.041666666666666664	孔 甲 对 师 门 的 养 龙 术 非 常 满 意 又 赐 给 他 许 多 的 金 银 财 宝	呃   孔   甲   对   师   门   的   养   龙   术   非   常   满   意   又   赐   给   他   许   多   的   金   银   财   宝	1	0	0
/opt/gpfs/users/shuai/work/block-conversion-b2/OmniVoice/results_b2_final_gs3p0/seedtts_zh/00004532-00000040.wav	0.0	孙 楠 我 是 歌 手 退 赛 成 就 汪 涵 揭 秘 汪 涵 的 神 坛 之 路	孙   楠   我   是   歌   手   退   赛   成   就   汪   涵   揭   秘   汪   涵   的   神   坛   之   路	0	0	0
/opt/gpfs/users/shuai/work/block-conversion-b2/OmniVoice/results_b2_final_gs3p0/seedtts_zh/00004532-00000036.wav	0.0	在 盘 古 开 天 辟 地 的 时 候 太 上 老 君 已 经 怀 在 了 娘 胎 里	在   盘   古   开   天   辟   地   的   时   候   太   上   老   君   已   经   怀   在   了   娘   胎   里	0	0	0
/opt/gpfs/users/shuai/work/block-conversion-b2/OmniVoice/results_b2_final_gs3p0/seedtts_zh/00004533-00000112.wav	0.14814814814814814	作 了 个 记 号 后 又 沿 着 叉 道 走 下 去 以 便 出 去 后 有 新 鲜 事 好 跟 人 说	啊   做   了   个   记   号   后   又   沿   着   岔   道   走   下   去   以   便   出   去   后   有   新   鲜   事   好   跟   人	1	1	2
/opt/gpfs/users/shuai/work/block-conversion-b2/OmniVoice/results_b2_final_gs3p0/seedtts_zh/00004533-00000083.wav	0.034482758620689655	厦 门 大 学 教 授 雷 慧 英 在 二 零 零 六 年 的 一 篇 论 文 中 提 供 的 数 据 更 详 细	啊   厦   门   大   学   教   授   雷   慧   英   在   二   零   零   六   年   的   一   篇   论   文   中   提   供   的   数   据   更   详   细	1	0	0
/opt/gpfs/users/shuai/work/block-conversion-b2/OmniVoice/results_b2_final_gs3p0/seedtts_zh/00004534-00000022.wav	0.04	绝 不 能 只 贪 眼 前 也 不 能 好 高 鹜 远 大 好 喜 功 更 不 能 单 打 独 斗	绝   不   能   只   贪   眼   前   也   不   能   好   高   骛   远   大   好   喜   功   更   不   能   单   打   独   斗	0	0	1
/opt/gpfs/users/shuai/work/block-conversion-b2/OmniVoice/results_b2_final_gs3p0/seedtts_zh/00004534-00000056.wav	0.05555555555555555	这 租 金 呀 铃 铛 想 了 想 那 就 买 我 一 枚 发 卡 吧	这   租   金   呀   铃   铛   响   了   想   那   就   买   我   一   枚   发   卡   吧	0	0	1
/opt/gpfs/users/shuai/work/block-conversion-b2/OmniVoice/results_b2_final_gs3p0/seedtts_zh/00004535-00000010.wav	0.0	面 对 印 度 人 杀 气 腾 腾 咄 咄 逼 人 牛 逼 哄 哄 边 界 闹 事	面   对   印   度   人   杀   气   腾   腾   咄   咄   逼   人   牛   逼   哄   哄   边   界   闹   事	0	0	0
/opt/gpfs/users/shuai/work/block-conversion-b2/OmniVoice/results_b2_final_gs3p0/seedtts_zh/00004535-00000085.wav	0.045454545454545456	如 果 他 最 终 以 九 千 万 英 镑 以 上 的 价 格 离 开 安 菲 尔 德	啊   如   果   他   最   终   以   九   千   万   英   镑   以   上   的   价   格   离   开   安   菲   尔   德	1	0	0
/opt/gpfs/users/shuai/work/block-conversion-b2/OmniVoice/results_b2_final_gs3p0/seedtts_zh/00004536-00000020.wav	0.0	那 是 我 求 之 不 得 的 呢 驴 一 边 说 一 边 紧 挨 着 公 主 坐 下	那   是   我   求   之   不   得   的   呢   驴   一   边   说   一   边   紧   挨   着   公   主   坐   下	0	0	0
/opt/gpfs/users/shuai/work/block-conversion-b2/OmniVoice/results_b2_final_gs3p0/seedtts_zh/00004536-00000036.wav	0.05	一 个 三 维 影 像 的 虚 拟 女 友 出 现 在 前 车 窗 玻 璃 上	啊   一   个   三   维   影   像   的   虚   拟   女   友   出   现   在   前   车   窗   玻   璃   上	1	0	0
/opt/gpfs/users/shuai/work/block-conversion-b2/OmniVoice/results_b2_final_gs3p0/seedtts_zh/00004537-00000066.wav	0.0	冰 珠 清 脆 的 声 音 叮 一 声 在 手 掌 中 瞬 间 融 化 成 水	冰   珠   清   脆   的   声   音   叮   一   声   在   手   掌   中   瞬   间   融   化   成   水	0	0	0
/opt/gpfs/users/shuai/work/block-conversion-b2/OmniVoice/results_b2_final_gs3p0/seedtts_zh/00004537-00000030.wav	0.0	您 可 以 快 速 搜 索 剪 辑 和 录 制 节 目 制 作 幻 灯 片	您   可   以   快   速   搜   索   剪   辑   和   录   制   节   目   制   作   幻   灯   片	0	0	0
/opt/gpfs/users/shuai/work/block-conversion-b2/OmniVoice/results_b2_final_gs3p0/seedtts_zh/00004538-00000075.wav	0.0625	认 识 你 我 深 感 荣 幸 哦 臭 氧 会 引 起 浓 雾	认   识   你   我   深   感   荣   幸   臭   氧   会   引   起   浓   雾	0	1	0
/opt/gpfs/users/shuai/work/block-conversion-b2/OmniVoice/results_b2_final_gs3p0/seedtts_zh/00004538-00000008.wav	0.0	但 特 朗 普 以 公 务 繁 忙 为 由 告 知 日 方 会 谈 只 能 推 迟 举 行	但   特   朗   普   以   公   务   繁   忙   为   由   告   知   日   方   会   谈   只   能   推   迟   举   行	0	0	0
/opt/gpfs/users/shuai/work/block-conversion-b2/OmniVoice/results_b2_final_gs3p0/seedtts_zh/00004539-00000054.wav	0.041666666666666664	丁 酉 年 也 许 两 岸 会 有 不 一 样 中 国 要 挖 外 交 的 墙 角 就 挖 吧	啊   丁   酉   年   也   许   两   岸   会   有   不   一   样   中   国   要   挖   外   交   的   墙   角   就   挖   吧	1	0	0
/opt/gpfs/users/shuai/work/block-conversion-b2/OmniVoice/results_b2_final_gs3p0/seedtts_zh/00004539-00000080.wav	0.047619047619047616	瓦 伦 西 亚 为 球 队 后 卫 坎 塞 洛 标 价 两 千 五 百 万 欧 元	呃   瓦   伦   西   亚   为   球   队   后   卫   坎   塞   洛   标   价   两   千   五   百   万   欧   元	1	0	0
/opt/gpfs/users/shuai/work/block-conversion-b2/OmniVoice/results_b2_final_gs3p0/seedtts_zh/00004540-00000030.wav	0.05	每 天 早 晨 有 一 个 老 仆 人 来 为 他 打 扫 房 间 和 跑 腿	啊   每   天   早   晨   有   一   个   老   仆   人   来   为   他   打   扫   房   间   和   跑   腿	1	0	0
/opt/gpfs/users/shuai/work/block-conversion-b2/OmniVoice/results_b2_final_gs3p0/seedtts_zh/00004540-00000032.wav	0.05555555555555555	我 想 问 你 一 些 事 你 愿 意 永 远 做 我 的 女 儿 吗	啊   我   想   问   你   一   些   事   你   愿   意   永   远   做   我   的   女   儿   吗	1	0	0
/opt/gpfs/users/shuai/work/block-conversion-b2/OmniVoice/results_b2_final_gs3p0/seedtts_zh/00004541-00000075.wav	0.08333333333333333	和 人 民 日 报 七 百 一 十 八 文 稿 关 于 白 菜 帮 子 菜 心 论 的 表 述	呃   和   人   民   日   报   七   百   一   十   八   文   稿   关   于   白   菜   帮   子   蔡   心   论   的   表   述	1	0	1
/opt/gpfs/users/shuai/work/block-conversion-b2/OmniVoice/results_b2_final_gs3p0/seedtts_zh/00004541-00000040.wav	0.0	尾 号 零 九 五 四 的 乘 客 刚 夸 了 你 春 风 十 里 感 谢 路 上 有 你	尾   号   零   九   五   四   的   乘   客   刚   夸   了   你   春   风   十   里   感   谢   路   上   有   你	0	0	0
/opt/gpfs/users/shuai/work/block-conversion-b2/OmniVoice/results_b2_final_gs3p0/seedtts_zh/00004542-00000013.wav	0.0	二 是 房 地 产 交 易 结 构 进 入 以 二 手 房 为 主 的 阶 段	二   是   房   地   产   交   易   结   构   进   入   以   二   手   房   为   主   的   阶   段	0	0	0
/opt/gpfs/users/shuai/work/block-conversion-b2/OmniVoice/results_b2_final_gs3p0/seedtts_zh/00004542-00000047.wav	0.047619047619047616	嗯 我 喜 欢 收 集 火 柴 盒 不 过 我 不 确 定 那 算 不 算 爱 好	呃   嗯   我   喜   欢   收   集   火   柴   盒   不   过   我   不   确   定   那   算   不   算   爱   好	1	0	0
/opt/gpfs/users/shuai/work/block-conversion-b2/OmniVoice/results_b2_final_gs3p0/seedtts_zh/00004543-00000001.wav	0.043478260869565216	名 流 显 要 接 二 连 三 的 离 奇 死 亡 让 旧 金 山 警 方 陷 入 慌 乱	名   流   险   要   接   二   连   三   的   离   奇   死   亡   让   旧   金   山   警   方   陷   入   慌   乱	0	0	1
/opt/gpfs/users/shuai/work/block-conversion-b2/OmniVoice/results_b2_final_gs3p0/seedtts_zh/00004543-00000111.wav	0.0	表 示 如 果 与 校 方 签 订 翩 翩 起 舞 的 姑 娘 版 权 共 享 以 及 使 用 协 议	表   示   如   果   与   校   方   签   订   翩   翩   起   舞   的   姑   娘   版   权   共   享   以   及   使   用   协   议	0	0	0
/opt/gpfs/users/shuai/work/block-conversion-b2/OmniVoice/results_b2_final_gs3p0/seedtts_zh/00004544-00000082.wav	0.05263157894736842	我 和 你 的 看 法 不 同 我 讨 厌 始 终 对 我 微 笑 的 人	我   我   和   你   的   看   法   不   同   我   讨   厌   始   终   对   我   微   笑   的   人	1	0	0
/opt/gpfs/users/shuai/work/block-conversion-b2/OmniVoice/results_b2_final_gs3p0/seedtts_zh/00004544-00000097.wav	0.0	是 对 全 球 时 装 产 业 与 时 装 学 院 伟 大 成 就 的 曼 妙 回 眸	是   对   全   球   时   装   产   业   与   时   装   学   院   伟   大   成   就   的   曼   妙   回   眸	0	0	0
/opt/gpfs/users/shuai/work/block-conversion-b2/OmniVoice/results_b2_final_gs3p0/seedtts_zh/00004545-00000041.wav	0.05555555555555555	难 道 是 有 哪 个 幸 运 小 家 伙 被 他 看 中 了 不 成	啊   难   道   是   有   哪   个   幸   运   小   家   伙   被   他   看   中   了   不   成	1	0	0
/opt/gpfs/users/shuai/work/block-conversion-b2/OmniVoice/results_b2_final_gs3p0/seedtts_zh/00004545-00000078.wav	0.0	正 如 日 本 谚 语 臭 的 东 西 就 要 加 上 盖 子 所 说 的 那 样	正   如   日   本   谚   语   臭   的   东   西   就   要   加   上   盖   子   所   说   的   那   样	0	0	0
/opt/gpfs/users/shuai/work/block-conversion-b2/OmniVoice/results_b2_final_gs3p0/seedtts_zh/00004546-00000013.wav	0.0	这 种 营 养 可 以 把 残 留 在 肝 脏 内 的 脂 肪 分 解 清 除 掉	这   种   营   养   可   以   把   残   留   在   肝   脏   内   的   脂   肪   分   解   清   除   掉	0	0	0
/opt/gpfs/users/shuai/work/block-conversion-b2/OmniVoice/results_b2_final_gs3p0/seedtts_zh/00004546-00000009.wav	0.05	李 长 老 也 根 本 没 有 想 到 苍 天 就 隐 藏 在 人 群 之 中	哦   李   长   老   也   根   本   没   有   想   到   苍   天   就   隐   藏   在   人   群   之   中	1	0	0
/opt/gpfs/users/shuai/work/block-conversion-b2/OmniVoice/results_b2_final_gs3p0/seedtts_zh/00004547-00000041.wav	0.05	又 好 一 会 马 玉 林 的 老 伴 老 柳 也 骑 着 自 行 车 来 了	呃   又   好   一   会   马   玉   林   的   老   伴   老   柳   也   骑   着   自   行   车   来   了	1	0	0
/opt/gpfs/users/shuai/work/block-conversion-b2/OmniVoice/results_b2_final_gs3p0/seedtts_zh/00004547-00000106.wav	0.0	而 且 全 球 百 分 之 二 十 的 新 发 癌 症 病 人 在 中 国	而   且   全   球   百   分   之   二   十   的   新   发   癌   症   病   人   在   中   国	0	0	0
/opt/gpfs/users/shuai/work/block-conversion-b2/OmniVoice/results_b2_final_gs3p0/seedtts_zh/00004548-00000002.wav	0.0	他 没 有 钱 啊 进 城 以 后 房 子 越 来 越 贵 租 也 租 不 到 就 钻 地 下 室	他   没   有   钱   啊   进   城   以   后   房   子   越   来   越   贵   租   也   租   不   到   就   钻   地   下   室	0	0	0
/opt/gpfs/users/shuai/work/block-conversion-b2/OmniVoice/results_b2_final_gs3p0/seedtts_zh/00004548-00000080.wav	0.047619047619047616	而 忽 略 敞 开 户 籍 大 门 带 来 的 人 口 红 利 和 远 期 收 益	而   忽   略   敞   开   户   籍   大   门   带   来   的   人   口   红   利   和   远   期   收   益   啊	1	0	0
/opt/gpfs/users/shuai/work/block-conversion-b2/OmniVoice/results_b2_final_gs3p0/seedtts_zh/00004549-00000008.wav	0.0	但 见 一 个 明 晃 晃 的 猎 枪 枪 口 在 几 步 之 外 闪 烁 着 光 芒	但   见   一   个   明   晃   晃   的   猎   枪   枪   口   在   几   步   之   外   闪   烁   着   光   芒	0	0	0
/opt/gpfs/users/shuai/work/block-conversion-b2/OmniVoice/results_b2_final_gs3p0/seedtts_zh/00004549-00000046.wav	0.043478260869565216	口 渴 严 重 与 否 也 不 能 作 为 糖 尿 病 严 重 与 否 的 判 断 指 标	哦   口   渴   严   重   与   否   也   不   能   作   为   糖   尿   病   严   重   与   否   的   判   断   指   标	1	0	0
/opt/gpfs/users/shuai/work/block-conversion-b2/OmniVoice/results_b2_final_gs3p0/seedtts_zh/00004550-00000102.wav	0.0	对 岸 隐 隐 约 约 望 见 好 像 是 村 庄 他 心 急 如 焚 恨 不 得 插 翅 飞 过 去	对   岸   隐   隐   约   约   望   见   好   像   是   村   庄   他   心   急   如   焚   恨   不   得   插   翅   飞   过   去	0	0	0
/opt/gpfs/users/shuai/work/block-conversion-b2/OmniVoice/results_b2_final_gs3p0/seedtts_zh/00004550-00000011.wav	0.0	这 名 坚 持 在 工 作 岗 位 上 努 力 工 作 的 医 生 被 评 为 最 美 儿 科 女 医 生	这   名   坚   持   在   工   作   岗   位   上   努   力   工   作   的   医   生   被   评   为   最   美   儿   科   女   医   生	0	0	0
/opt/gpfs/users/shuai/work/block-conversion-b2/OmniVoice/results_b2_final_gs3p0/seedtts_zh/00004551-00000119.wav	0.03333333333333333	将 对 于 三 位 正 能 量 卫 士 授 予 地 铁 正 能 量 荣 誉 证 书 和 上 海 地 铁 志 愿 者 卡	呃   将   对   于   三   位   正   能   量   卫   士   授   予   地   铁   正   能   量   荣   誉   证   书   和   上   海   地   铁   志   愿   者   卡	1	0	0
/opt/gpfs/users/shuai/work/block-conversion-b2/OmniVoice/results_b2_final_gs3p0/seedtts_zh/00004551-00000110.wav	0.0625	如 果 有 的 话 您 帮 我 还 还 价 我 想 买 一 枚	喂   如   果   有   的   话   您   帮   我   还   还   价   我   想   买   一   枚	1	0	0
/opt/gpfs/users/shuai/work/block-conversion-b2/OmniVoice/results_b2_final_gs3p0/seedtts_zh/00004552-00000055.wav	0.0	布 鲁 在 泳 池 训 练 后 转 战 球 场 进 行 运 球 训 练	布   鲁   在   泳   池   训   练   后   转   战   球   场   进   行   运   球   训   练	0	0	0
/opt/gpfs/users/shuai/work/block-conversion-b2/OmniVoice/results_b2_final_gs3p0/seedtts_zh/00004552-00000044.wav	0.0	他 们 把 车 停 在 黑 车 旁 开 始 通 过 喇 叭 驱 赶 黑 车	他   们   把   车   停   在   黑   车   旁   开   始   通   过   喇   叭   驱   赶   黑   车	0	0	0
/opt/gpfs/users/shuai/work/block-conversion-b2/OmniVoice/results_b2_final_gs3p0/seedtts_zh/00004553-00000017.wav	0.0	令 人 可 怕 的 描 述 差 不 多 用 了 十 页 稿 纸	令   人   可   怕   的   描   述   差   不   多   用   了   十   页   稿   纸	0	0	0
/opt/gpfs/users/shuai/work/block-conversion-b2/OmniVoice/results_b2_final_gs3p0/seedtts_zh/00004553-00000041.wav	0.0	现 在 我 发 现 面 快 用 完 了 这 样 我 是 煮 不 了 稠 粥 的	现   在   我   发   现   面   快   用   完   了   这   样   我   是   煮   不   了   稠   粥   的	0	0	0
/opt/gpfs/users/shuai/work/block-conversion-b2/OmniVoice/results_b2_final_gs3p0/seedtts_zh/00004554-00000023.wav	0.05	但 是 他 却 并 非 因 此 成 了 个 书 呆 子 或 者 迂 腐 夫 子	哦   但   是   他   却   并   非   因   此   成   了   个   书   呆   子   或   者   迂   腐   夫   子	1	0	0
/opt/gpfs/users/shuai/work/block-conversion-b2/OmniVoice/results_b2_final_gs3p0/seedtts_zh/00004554-00000082.wav	0.0	厨 房 师 傅 使 用 扫 把 清 扫 地 面 后 将 其 放 入 用 于 做 菜 的 锅 内 进 行 漂 洗	厨   房   师   傅   使   用   扫   把   清   扫   地   面   后   将   其   放   入   用   于   做   菜   的   锅   内   进   行   漂   洗	0	0	0
/opt/gpfs/users/shuai/work/block-conversion-b2/OmniVoice/results_b2_final_gs3p0/seedtts_zh/00004556-00000057.wav	0.0	最 完 美 的 东 西 总 是 最 容 易 损 坏 我 的 网 也 一 样	最   完   美   的   东   西   总   是   最   容   易   损   坏   我   的   网   也   一   样	0	0	0
/opt/gpfs/users/shuai/work/block-conversion-b2/OmniVoice/results_b2_final_gs3p0/seedtts_zh/00004556-00000047.wav	0.047619047619047616	而 茅 的 家 属 一 年 以 来 频 频 打 出 错 案 冤 案 四 处 奔 走	而   毛   的   家   属   一   年   以   来   频   频   打   出   错   案   冤   案   四   处   奔   走	0	0	1
/opt/gpfs/users/shuai/work/block-conversion-b2/OmniVoice/results_b2_final_gs3p0/seedtts_zh/00004557-00000094.wav	0.0	你 可 以 学 一 下 中 国 跳 棋 或 者 军 棋 这 两 个 容 易 多 了	你   可   以   学   一   下   中   国   跳   棋   或   者   军   棋   这   两   个   容   易   多   了	0	0	0
/opt/gpfs/users/shuai/work/block-conversion-b2/OmniVoice/results_b2_final_gs3p0/seedtts_zh/00004557-00000081.wav	0.0	而 且 谦 恭 要 是 可 以 我 真 想 亲 眼 见 见 他	而   且   谦   恭   要   是   可   以   我   真   想   亲   眼   见   见   他	0	0	0
/opt/gpfs/users/shuai/work/block-conversion-b2/OmniVoice/results_b2_final_gs3p0/seedtts_zh/00004558-00000025.wav	0.09523809523809523	皮 皮 兔 终 起 书 来 一 看 书 面 上 烫 金 的 字 已 经 褪 色 了	啊   皮   皮   兔   中   起   书   来   一   看   书   面   上   烫   金   的   字   已   经   褪   色   了	1	0	1
/opt/gpfs/users/shuai/work/block-conversion-b2/OmniVoice/results_b2_final_gs3p0/seedtts_zh/00004558-00000044.wav	0.047619047619047616	都 需 要 将 车 辆 的 登 记 身 份 从 非 营 非 运 营 换 成 运 营	呃   都   需   要   将   车   辆   的   登   记   身   份   从   非   营   非   运   营   换   成   运   营	1	0	0
/opt/gpfs/users/shuai/work/block-conversion-b2/OmniVoice/results_b2_final_gs3p0/seedtts_zh/00004559-00000119.wav	0.0	并 且 渗 透 过 外 面 那 一 层 有 油 脂 的 羽 毛 一 直 浸 到 了 肌 肤 里	并   且   渗   透   过   外   面   那   一   层   有   油   脂   的   羽   毛   一   直   浸   到   了   肌   肤   里	0	0	0
/opt/gpfs/users/shuai/work/block-conversion-b2/OmniVoice/results_b2_final_gs3p0/seedtts_zh/00004559-00000089.wav	0.05555555555555555	那 些 鸟 大 概 以 为 放 在 窗 前 的 洋 娃 娃 就 是 他	那   些   鸟   大   概   以   为   放   在   窗   前   的   洋   娃   娃   就   是   它	0	0	1
/opt/gpfs/users/shuai/work/block-conversion-b2/OmniVoice/results_b2_final_gs3p0/seedtts_zh/00004560-00000011.wav	0.09523809523809523	汉 蒙 文 化 在 一 小 块 金 属 片 上 合 壁 倒 是 蛮 有 意 思 的	啊   汉   蒙   文   化   在   一   小   块   金   属   片   上   合   并   倒   是   蛮   有   意   思   的	1	0	1
/opt/gpfs/users/shuai/work/block-conversion-b2/OmniVoice/results_b2_final_gs3p0/seedtts_zh/00004560-00000116.wav	0.0	因 当 天 派 出 所 有 大 案 忙 不 开 派 出 所 将 双 方 交 给 镇 政 府 处 理	因   当   天   派   出   所   有   大   案   忙   不   开   派   出   所   将   双   方   交   给   镇   政   府   处   理	0	0	0
/opt/gpfs/users/shuai/work/block-conversion-b2/OmniVoice/results_b2_final_gs3p0/seedtts_zh/00004561-00000031.wav	0.041666666666666664	建 议 您 清 除 缓 存 更 换 四 Ｇ 网 络 或 查 看 网 络 信 号 是 否 畅 通	建   议   您   清   除   缓   存   更   换   四   g   网   络   或   查   看   网   络   信   号   是   否   畅   通	0	0	1
/opt/gpfs/users/shuai/work/block-conversion-b2/OmniVoice/results_b2_final_gs3p0/seedtts_zh/00004561-00000049.wav	0.041666666666666664	他 认 为 朱 镕 基 为 一 些 领 导 干 部 如 何 面 对 媒 体 提 供 了 示 范	啊   他   认   为   朱   镕   基   为   一   些   领   导   干   部   如   何   面   对   媒   体   提   供   了   示   范	1	0	0
/opt/gpfs/users/shuai/work/block-conversion-b2/OmniVoice/results_b2_final_gs3p0/seedtts_zh/00004562-00000017.wav	0.047619047619047616	也 是 这 一 年 台 湾 偶 像 剧 流 星 花 园 与 偶 像 团 体 Ｆ 四	也   是   这   一   年   台   湾   偶   像   剧   流   星   花   园   与   偶   像   团   体   f   四	0	0	1
/opt/gpfs/users/shuai/work/block-conversion-b2/OmniVoice/results_b2_final_gs3p0/seedtts_zh/00004562-00000021.wav	0.0	沉 着 稳 重 又 敢 于 拼 搏 的 能 力 当 初 真 的 是 让 詹 姆 斯 折 服	沉   着   稳   重   又   敢   于   拼   搏   的   能   力   当   初   真   的   是   让   詹   姆   斯   折   服	0	0	0
/opt/gpfs/users/shuai/work/block-conversion-b2/OmniVoice/results_b2_final_gs3p0/seedtts_zh/00004563-00000025.wav	0.11764705882352941	我 真 希 望 能 再 待 久 一 点 但 我 非 得 离 开 了	我   真   希   望   能   再   待   久   一   点   儿   但   我   非   得   离   开	1	1	0
/opt/gpfs/users/shuai/work/block-conversion-b2/OmniVoice/results_b2_final_gs3p0/seedtts_zh/00004563-00000100.wav	0.0	国 将 不 国 民 不 聊 生 一 派 萧 条 人 民 苦 不 堪 言 却 又 无 计 可 施	国   将   不   国   民   不   聊   生   一   派   萧   条   人   民   苦   不   堪   言   却   又   无   计   可   施	0	0	0
/opt/gpfs/users/shuai/work/block-conversion-b2/OmniVoice/results_b2_final_gs3p0/seedtts_zh/00004565-00000062.wav	0.058823529411764705	瞧 我 的 嫁 妆 棒 不 棒 那 你 八 成 是 上 瘾 了 吧	嗯   瞧   我   的   嫁   妆   棒   不   棒   那   你   八   成   是   上   瘾   了   吧	1	0	0
/opt/gpfs/users/shuai/work/block-conversion-b2/OmniVoice/results_b2_final_gs3p0/seedtts_zh/00004565-00000090.wav	0.058823529411764705	我 们 很 早 就 起 床 了 我 真 盼 望 看 到 纽 约 啊	我   们   很   早   就   起   床   了   我   真   盼   望   看   到   纽   约	0	1	0
/opt/gpfs/users/shuai/work/block-conversion-b2/OmniVoice/results_b2_final_gs3p0/seedtts_zh/00004566-00000082.wav	0.038461538461538464	米 克 拉 确 认 门 窗 已 经 关 妥 随 手 冲 洗 了 咖 啡 杯 倒 扣 在 沥 水 篮 里	啊   米   克   拉   确   认   门   窗   已   经   关   妥   随   手   冲   洗   了   咖   啡   杯   倒   扣   在   沥   水   篮   里	1	0	0
/opt/gpfs/users/shuai/work/block-conversion-b2/OmniVoice/results_b2_final_gs3p0/seedtts_zh/00004566-00000109.wav	0.047619047619047616	但 艾 肯 尔 还 是 感 到 害 怕 还 萌 生 了 打 道 回 府 的 念 头	啊   但   艾   肯   尔   还   是   感   到   害   怕   还   萌   生   了   打   道   回   府   的   念   头	1	0	0
/opt/gpfs/users/shuai/work/block-conversion-b2/OmniVoice/results_b2_final_gs3p0/seedtts_zh/00004567-00000051.wav	0.0	当 物 流 公 司 所 有 信 息 和 作 业 包 括 包 装 标 准	当   物   流   公   司   所   有   信   息   和   作   业   包   括   包   装   标   准	0	0	0
/opt/gpfs/users/shuai/work/block-conversion-b2/OmniVoice/results_b2_final_gs3p0/seedtts_zh/00004567-00000043.wav	0.0	风 筝 按 响 了 警 报 气 球 模 式 这 里 有 紧 急 情 况	风   筝   按   响   了   警   报   气   球   模   式   这   里   有   紧   急   情   况	0	0	0
/opt/gpfs/users/shuai/work/block-conversion-b2/OmniVoice/results_b2_final_gs3p0/seedtts_zh/00004568-00000064.wav	1.0	四 个 兄 弟 互 相 一 商 量 说 道 我 们 的 机 会 来 了 让 我 们 各 展 所 能 吧	哦   是	0	24	2
/opt/gpfs/users/shuai/work/block-conversion-b2/OmniVoice/results_b2_final_gs3p0/seedtts_zh/00004568-00000066.wav	0.0	笑 话 讲 完 了 可 是 嚼 口 香 糖 真 的 可 以 防 止 耳 膜 胀 裂 吗	笑   话   讲   完   了   可   是   嚼   口   香   糖   真   的   可   以   防   止   耳   膜   胀   裂   吗	0	0	0
/opt/gpfs/users/shuai/work/block-conversion-b2/OmniVoice/results_b2_final_gs3p0/seedtts_zh/00004569-00000018.wav	0.058823529411764705	你 们 又 有 机 会 一 赌 老 公 那 张 欠 揍 的 脸 了	你   们   又   有   机   会   一   堵   老   公   那   张   欠   揍   的   脸   了	0	0	1
/opt/gpfs/users/shuai/work/block-conversion-b2/OmniVoice/results_b2_final_gs3p0/seedtts_zh/00004569-00000009.wav	0.03571428571428571	当 她 看 到 后 面 同 样 在 扎 花 车 被 撞 轿 车 是 一 辆 进 口 劳 斯 莱 斯 幻 影 时	当   他   看   到   后   面   同   样   在   扎   花   车   被   撞   轿   车   是   一   辆   进   口   劳   斯   莱   斯   幻   影   时	0	0	1
/opt/gpfs/users/shuai/work/block-conversion-b2/OmniVoice/results_b2_final_gs3p0/seedtts_zh/00004570-00000072.wav	0.05263157894736842	第 二 天 一 早 小 灰 熊 像 往 常 一 样 在 店 门 口 迎 客	啊   第   二   天   一   早   小   灰   熊   像   往   常   一   样   在   店   门   口   迎   客	1	0	0
/opt/gpfs/users/shuai/work/block-conversion-b2/OmniVoice/results_b2_final_gs3p0/seedtts_zh/00004570-00000006.wav	0.04	眼 保 健 操 的 精 髓 就 在 于 按 摩 了 眼 部 周 围 的 几 个 重 要 的 岤 位	眼   保   健   操   的   精   髓   就   在   于   按   摩   了   眼   部   周   围   的   几   个   重   要   的   醋   位	0	0	1
/opt/gpfs/users/shuai/work/block-conversion-b2/OmniVoice/results_b2_final_gs3p0/seedtts_zh/00004571-00000110.wav	0.08	张 纪 中 版 侠 客 行 与 于 正 版 神 雕 侠 侣 一 样 拍 摄 于 二 零 一 四 年	张   继   中   版   侠   客   行   与   与   正   版   神   雕   侠   侣   一   样   拍   摄   于   二   零   一   四   年	0	0	2
/opt/gpfs/users/shuai/work/block-conversion-b2/OmniVoice/results_b2_final_gs3p0/seedtts_zh/00004571-00000005.wav	0.038461538461538464	日 本 军 队 跨 进 了 离 上 海 约 两 百 英 里 的 中 国 首 都 蓝 南 京 的 大 门	日   本   军   队   跨   进   了   离   上   海   约   两   百   英   里   的   中   国   首   都   南   南   京   的   大   门	0	0	1
/opt/gpfs/users/shuai/work/block-conversion-b2/OmniVoice/results_b2_final_gs3p0/seedtts_zh/00004572-00000054.wav	0.0	他 家 有 私 人 图 书 馆 影 院 游 泳 池 和 供 客 人 住 的 别 墅	他   家   有   私   人   图   书   馆   影   院   游   泳   池   和   供   客   人   住   的   别   墅	0	0	0
/opt/gpfs/users/shuai/work/block-conversion-b2/OmniVoice/results_b2_final_gs3p0/seedtts_zh/00004572-00000079.wav	0.0	令 人 心 动 的 吻 戏 盘 点 棉 花 糖 吻 泡 沫 吻 太 甜 了	令   人   心   动   的   吻   戏   盘   点   棉   花   糖   吻   泡   沫   吻   太   甜   了	0	0	0
/opt/gpfs/users/shuai/work/block-conversion-b2/OmniVoice/results_b2_final_gs3p0/seedtts_zh/00004573-00000006.wav	0.0	担 心 这 套 系 统 会 引 起 国 外 用 户 对 个 人 信 息 泄 露 问 题 的 担 忧	担   心   这   套   系   统   会   引   起   国   外   用   户   对   个   人   信   息   泄   露   问   题   的   担   忧	0	0	0
/opt/gpfs/users/shuai/work/block-conversion-b2/OmniVoice/results_b2_final_gs3p0/seedtts_zh/00004573-00000098.wav	0.05263157894736842	他 希 望 能 看 到 灯 笼 闪 一 下 光 这 虽 然 让 他 害 怕	哦   他   希   望   能   看   到   灯   笼   闪   一   下   光   这   虽   然   让   他   害   怕	1	0	0
/opt/gpfs/users/shuai/work/block-conversion-b2/OmniVoice/results_b2_final_gs3p0/seedtts_zh/00004574-00000113.wav	0.04	运 送 系 统 定 价 政 策 排 程 抱 怨 处 理 等 加 强 和 支 援 产 品 的 特 点	运   送   系   统   定   价   政   策   排   成   抱   怨   处   理   等   加   强   和   支   援   产   品   的   特   点	0	0	1
/opt/gpfs/users/shuai/work/block-conversion-b2/OmniVoice/results_b2_final_gs3p0/seedtts_zh/00004574-00000062.wav	0.04	类 似 的 个 人 恩 怨 是 这 些 低 端 职 业 黑 粉 客 户 的 主 要 来 源 之 一	呃   类   似   的   个   人   恩   怨   是   这   些   低   端   职   业   黑   粉   客   户   的   主   要   来   源   之   一	1	0	0
/opt/gpfs/users/shuai/work/block-conversion-b2/OmniVoice/results_b2_final_gs3p0/seedtts_zh/00004575-00000055.wav	0.0	他 隐 约 看 见 一 幢 建 筑 物 就 在 眼 面 前 并 不 大 但 有 好 几 层 楼 高	他   隐   约   看   见   一   幢   建   筑   物   就   在   眼   面   前   并   不   大   但   有   好   几   层   楼   高	0	0	0
/opt/gpfs/users/shuai/work/block-conversion-b2/OmniVoice/results_b2_final_gs3p0/seedtts_zh/00004575-00000077.wav	0.0	虽 然 成 功 逮 捕 人 犯 两 架 美 国 直 升 机 却 在 行 动 中 遭 击 落	虽   然   成   功   逮   捕   人   犯   两   架   美   国   直   升   机   却   在   行   动   中   遭   击   落	0	0	0
/opt/gpfs/users/shuai/work/block-conversion-b2/OmniVoice/results_b2_final_gs3p0/seedtts_zh/00004576-00000058.wav	0.05263157894736842	最 近 我 那 儿 子 把 他 的 电 脑 变 成 电 子 游 乐 场 了	呃   最   近   我   那   儿   子   把   他   的   电   脑   变   成   电   子   游   乐   场   了	1	0	0
/opt/gpfs/users/shuai/work/block-conversion-b2/OmniVoice/results_b2_final_gs3p0/seedtts_zh/00004576-00000076.wav	0.043478260869565216	借 款 公 司 知 道 学 生 急 于 用 钱 就 以 这 种 方 式 把 钱 借 给 他	呃   借   款   公   司   知   道   学   生   急   于   用   钱   就   以   这   种   方   式   把   钱   借   给   他	1	0	0
/opt/gpfs/users/shuai/work/block-conversion-b2/OmniVoice/results_b2_final_gs3p0/seedtts_zh/00004577-00000057.wav	0.0	日 本 武 装 移 民 开 拓 团 迁 入 黑 龙 江 省 的 永 丰 镇	日   本   武   装   移   民   开   拓   团   迁   入   黑   龙   江   省   的   永   丰   镇	0	0	0
/opt/gpfs/users/shuai/work/block-conversion-b2/OmniVoice/results_b2_final_gs3p0/seedtts_zh/00004577-00000033.wav	0.0	中 国 足 协 将 根 据 亚 足 联 的 要 求 汇 总 后	中   国   足   协   将   根   据   亚   足   联   的   要   求   汇   总   后	0	0	0
/opt/gpfs/users/shuai/work/block-conversion-b2/OmniVoice/results_b2_final_gs3p0/seedtts_zh/00004578-00000095.wav	0.05	适 度 的 直 接 和 热 情 又 不 乏 坚 持 但 绝 不 大 喊 大 叫	呃   适   度   的   直   接   和   热   情   又   不   乏   坚   持   但   绝   不   大   喊   大   叫	1	0	0
/opt/gpfs/users/shuai/work/block-conversion-b2/OmniVoice/results_b2_final_gs3p0/seedtts_zh/00004578-00000074.wav	0.05	儿 子 媳 妇 工 作 太 忙 也 顾 不 上 管 娃 娃 成 绩 不 咋 地	呃   儿   子   媳   妇   工   作   太   忙   也   顾   不   上   管   娃   娃   成   绩   不   咋   地	1	0	0
/opt/gpfs/users/shuai/work/block-conversion-b2/OmniVoice/results_b2_final_gs3p0/seedtts_zh/00004579-00000052.wav	0.045454545454545456	最 后 有 一 个 人 站 了 出 来 他 可 是 一 位 骁 勇 善 战 的 壮 汉	啊   最   后   有   一   个   人   站   了   出   来   他   可   是   一   位   骁   勇   善   战   的   壮   汉	1	0	0
/opt/gpfs/users/shuai/work/block-conversion-b2/OmniVoice/results_b2_final_gs3p0/seedtts_zh/00004579-00000017.wav	0.05555555555555555	活 下 来 的 仅 仅 是 搬 运 战 利 品 与 军 需 品 的 人	呃   活   下   来   的   仅   仅   是   搬   运   战   利   品   与   军   需   品   的   人	1	0	0
/opt/gpfs/users/shuai/work/block-conversion-b2/OmniVoice/results_b2_final_gs3p0/seedtts_zh/00004580-00000036.wav	0.05	哪 有 姑 娘 家 自 己 说 去 做 少 奶 奶 这 种 不 知 羞 的 话	啊   哪   有   姑   娘   家   自   己   说   去   做   少   奶   奶   这   种   不   知   羞   的   话	1	0	0
/opt/gpfs/users/shuai/work/block-conversion-b2/OmniVoice/results_b2_final_gs3p0/seedtts_zh/00004580-00000001.wav	0.0	大 咧 咧 叔 叔 爱 吃 鱼 就 去 弄 来 许 多 小 鱼 苗 放 进 水 池	大   咧   咧   叔   叔   爱   吃   鱼   就   去   弄   来   许   多   小   鱼   苗   放   进   水   池	0	0	0
/opt/gpfs/users/shuai/work/block-conversion-b2/OmniVoice/results_b2_final_gs3p0/seedtts_zh/00004581-00000020.wav	0.047619047619047616	股 市 为 之 萎 缩 结 果 一 整 年 证 交 税 短 征 五 五 零 亿 元	股   市   为   之   萎   缩   结   果   一   整   年   挣   交   税   短   征   五   五   零   亿   元	0	0	1
/opt/gpfs/users/shuai/work/block-conversion-b2/OmniVoice/results_b2_final_gs3p0/seedtts_zh/00004581-00000091.wav	0.0	尾 号 八 四 幺 二 的 乘 客 刚 夸 了 你 夜 里 出 行 不 方 便 还 好 师 傅 能 出 现	尾   号   八   四   幺   二   的   乘   客   刚   夸   了   你   夜   里   出   行   不   方   便   还   好   师   傅   能   出   现	0	0	0
/opt/gpfs/users/shuai/work/block-conversion-b2/OmniVoice/results_b2_final_gs3p0/seedtts_zh/00004582-00000092.wav	0.0	就 到 了 第 一 进 院 和 第 二 进 院 之 间 的 一 道 门	就   到   了   第   一   进   院   和   第   二   进   院   之   间   的   一   道   门	0	0	0
/opt/gpfs/users/shuai/work/block-conversion-b2/OmniVoice/results_b2_final_gs3p0/seedtts_zh/00004582-00000044.wav	0.0	特 别 是 对 胃 溃 疡 等 胃 酸 分 泌 过 多 的 患 者	特   别   是   对   胃   溃   疡   等   胃   酸   分   泌   过   多   的   患   者	0	0	0
/opt/gpfs/users/shuai/work/block-conversion-b2/OmniVoice/results_b2_final_gs3p0/seedtts_zh/00004583-00000001.wav	0.9259259259259259	换 完 以 后 农 夫 本 可 以 转 身 回 去 了 他 不 是 把 要 办 完 的 事 办 完 了 吗	换   我   们   换   换   一   的   方   式	0	18	7
/opt/gpfs/users/shuai/work/block-conversion-b2/OmniVoice/results_b2_final_gs3p0/seedtts_zh/00004583-00000068.wav	0.043478260869565216	租 购 同 权 立 法 或 有 望 通 过 法 治 手 段 遏 制 各 种 租 房 乱 象	租   够   同   权   立   法   或   有   望   通   过   法   治   手   段   遏   制   各   种   租   房   乱   象	0	0	1
/opt/gpfs/users/shuai/work/block-conversion-b2/OmniVoice/results_b2_final_gs3p0/seedtts_zh/00004584-00000109.wav	0.05263157894736842	三 个 军 医 一 起 环 游 世 界 他 们 自 认 医 术 很 高 明	呃   三   个   军   医   一   起   环   游   世   界   他   们   自   认   医   术   很   高   明	1	0	0
/opt/gpfs/users/shuai/work/block-conversion-b2/OmniVoice/results_b2_final_gs3p0/seedtts_zh/00004584-00000042.wav	0.037037037037037035	国 王 派 人 来 找 博 学 的 教 书 先 生 伊 米 尔 让 他 辨 认 一 下 字 条 上 的 字	呃   国   王   派   人   来   找   博   学   的   教   书   先   生   伊   米   尔   让   他   辨   认   一   下   字   条   上   的   字	1	0	0
/opt/gpfs/users/shuai/work/block-conversion-b2/OmniVoice/results_b2_final_gs3p0/seedtts_zh/00004585-00000062.wav	0.0	二 零 零 零 年 的 时 候 女 人 可 能 会 被 派 往 月 球 去 寻 找 月 球 人	二   零   零   零   年   的   时   候   女   人   可   能   会   被   派   往   月   球   去   寻   找   月   球   人	0	0	0
/opt/gpfs/users/shuai/work/block-conversion-b2/OmniVoice/results_b2_final_gs3p0/seedtts_zh/00004585-00000114.wav	0.0	酒 吧 黑 漆 漆 无 日 无 夜 阿 生 说 你 们 打 开 门 扫 地	酒   吧   黑   漆   漆   无   日   无   夜   阿   生   说   你   们   打   开   门   扫   地	0	0	0
/opt/gpfs/users/shuai/work/block-conversion-b2/OmniVoice/results_b2_final_gs3p0/seedtts_zh/00004586-00000076.wav	0.0	难 免 让 公 众 把 中 美 关 系 和 中 俄 关 系 往 一 起 联 系	难   免   让   公   众   把   中   美   关   系   和   中   俄   关   系   往   一   起   联   系	0	0	0
/opt/gpfs/users/shuai/work/block-conversion-b2/OmniVoice/results_b2_final_gs3p0/seedtts_zh/00004586-00000110.wav	0.058823529411764705	这 姐 们 用 羊 毛 养 出 了 一 整 个 萌 宠 动 物 园	呃   这   姐   们   用   羊   毛   养   出   了   一   整   个   萌   宠   动   物   园	1	0	0
/opt/gpfs/users/shuai/work/block-conversion-b2/OmniVoice/results_b2_final_gs3p0/seedtts_zh/00004587-00000116.wav	0.0	他 的 音 乐 很 棒 而 且 我 听 说 多 听 莫 扎 特 会 变 得 更 聪 明	他   的   音   乐   很   棒   而   且   我   听   说   多   听   莫   扎   特   会   变   得   更   聪   明	0	0	0
/opt/gpfs/users/shuai/work/block-conversion-b2/OmniVoice/results_b2_final_gs3p0/seedtts_zh/00004587-00000077.wav	0.045454545454545456	希 望 自 己 也 可 以 用 盐 雕 设 计 出 自 己 钟 爱 的 玩 偶 造 型	希   望   自   己   也   可   以   用   岩   雕   设   计   出   自   己   钟   爱   的   玩   偶   造   型	0	0	1
/opt/gpfs/users/shuai/work/block-conversion-b2/OmniVoice/results_b2_final_gs3p0/seedtts_zh/00004588-00000065.wav	0.043478260869565216	中 国 社 会 都 教 育 自 己 的 孩 子 要 少 说 话 敏 于 思 而 辣 于 言	中   国   社   会   都   教   育   自   己   的   孩   子   要   少   说   话   敏   于   私   而   辣   于   言	0	0	1
/opt/gpfs/users/shuai/work/block-conversion-b2/OmniVoice/results_b2_final_gs3p0/seedtts_zh/00004588-00000004.wav	0.0	玉 帝 说 众 位 爱 卿 请 安 静 让 我 们 好 好 商 议 一 下 再 做 行 动	玉   帝   说   众   位   爱   卿   请   安   静   让   我   们   好   好   商   议   一   下   再   做   行   动	0	0	0
/opt/gpfs/users/shuai/work/block-conversion-b2/OmniVoice/results_b2_final_gs3p0/seedtts_zh/00004589-00000106.wav	0.0	这 样 新 员 工 才 能 抓 住 公 司 的 精 华 啊	这   样   新   员   工   才   能   抓   住   公   司   的   精   华   啊	0	0	0
/opt/gpfs/users/shuai/work/block-conversion-b2/OmniVoice/results_b2_final_gs3p0/seedtts_zh/00004589-00000055.wav	0.05555555555555555	我 的 香 味 会 从 长 有 苔 藓 的 石 头 旁 缓 缓 飘 出	我   的   香   味   会   从   常   有   苔   藓   的   石   头   旁   缓   缓   飘   出	0	0	1
/opt/gpfs/users/shuai/work/block-conversion-b2/OmniVoice/results_b2_final_gs3p0/seedtts_zh/00004591-00000010.wav	0.14285714285714285	你 是 不 是 想 死 呀 你 你 问 什 么 呀 你	啊   你   是   不   是   想   死   呀   你   你   问   什   么   呀	1	1	0
/opt/gpfs/users/shuai/work/block-conversion-b2/OmniVoice/results_b2_final_gs3p0/seedtts_zh/00004591-00000083.wav	0.037037037037037035	尾 号 三 九 幺 八 的 乘 客 刚 夸 了 你 你 是 人 间 四 月 天 速 度 服 务 赛 神 仙	啊   尾   号   三   九   幺   八   的   乘   客   刚   夸   了   你   你   是   人   间   四   月   天   速   度   服   务   赛   神   仙	1	0	0
/opt/gpfs/users/shuai/work/block-conversion-b2/OmniVoice/results_b2_final_gs3p0/seedtts_zh/00004592-00000058.wav	0.06666666666666667	我 来 帮 你 取 暖 吧 天 色 已 经 从 暗 到 明	我   我   来   帮   你   取   暖   吧   天   色   已   经   从   暗   到   明	1	0	0
/opt/gpfs/users/shuai/work/block-conversion-b2/OmniVoice/results_b2_final_gs3p0/seedtts_zh/00004592-00000078.wav	0.06666666666666667	您 这 么 看 我 很 高 兴 我 认 为 有 点 刺 眼	呃   您   这   么   看   我   很   高   兴   我   认   为   有   点   刺   眼	1	0	0
/opt/gpfs/users/shuai/work/block-conversion-b2/OmniVoice/results_b2_final_gs3p0/seedtts_zh/00004593-00000046.wav	0.14285714285714285	这 个 时 候 王 子 正 周 游 全 国 各 地 打 算 物 色 一 位 王 妃	呃   这   个   时   候   王   子   镇   周   游   全   国   各   地   打   算   物   色   一   位   王	1	1	1
/opt/gpfs/users/shuai/work/block-conversion-b2/OmniVoice/results_b2_final_gs3p0/seedtts_zh/00004593-00000042.wav	0.0	老 兵 把 斧 子 洗 了 洗 放 进 窝 里 加 满 水 把 窝 放 到 灶 上 煮	老   兵   把   斧   子   洗   了   洗   放   进   窝   里   加   满   水   把   窝   放   到   灶   上   煮	0	0	0
/opt/gpfs/users/shuai/work/block-conversion-b2/OmniVoice/results_b2_final_gs3p0/seedtts_zh/00004594-00000005.wav	0.10526315789473684	最 便 捷 的 方 法 就 是 用 纱 窗 将 蚊 子 阻 止 在 屋 外	呃   最   便   捷   的   方   法   就   是   用   纱   窗   将   蚊   子   阻   止   在   屋	1	1	0
/opt/gpfs/users/shuai/work/block-conversion-b2/OmniVoice/results_b2_final_gs3p0/seedtts_zh/00004594-00000095.wav	0.047619047619047616	她 把 它 放 进 了 一 个 空 眼 窝 里 这 只 眼 睛 立 刻 复 原 了	它   把   它   放   进   了   一   个   空   眼   窝   里   这   只   眼   睛   立   刻   复   原   了	0	0	1
/opt/gpfs/users/shuai/work/block-conversion-b2/OmniVoice/results_b2_final_gs3p0/seedtts_zh/00004595-00000067.wav	0.047619047619047616	可 以 泳 装 的 裙 子 飘 舞 在 水 中 做 一 条 自 由 的 一 尾 鱼	可   以   泳   装   的   裙   子   飘   舞   在   水   中   做   一   条   自   由   的   翼   尾   鱼	0	0	1
/opt/gpfs/users/shuai/work/block-conversion-b2/OmniVoice/results_b2_final_gs3p0/seedtts_zh/00004595-00000033.wav	0.047619047619047616	我 等 不 及 去 玩 水 我 站 在 沙 上 的 时 候 脚 快 烧 起 来 了	我   我   等   不   及   去   玩   水   我   站   在   沙   上   的   时   候   脚   快   烧   起   来   了	1	0	0
/opt/gpfs/users/shuai/work/block-conversion-b2/OmniVoice/results_b2_final_gs3p0/seedtts_zh/00004596-00000103.wav	0.058823529411764705	另 一 家 联 通 营 业 厅 的 店 员 也 持 类 似 看 法	啊   另   一   家   联   通   营   业   厅   的   店   员   也   持   类   似   看   法	1	0	0
/opt/gpfs/users/shuai/work/block-conversion-b2/OmniVoice/results_b2_final_gs3p0/seedtts_zh/00004596-00000012.wav	0.0	据 了 解 目 前 公 安 县 已 成 立 专 班 妥 善 处 理 此 事 件	据   了   解   目   前   公   安   县   已   成   立   专   班   妥   善   处   理   此   事   件	0	0	0
/opt/gpfs/users/shuai/work/block-conversion-b2/OmniVoice/results_b2_final_gs3p0/seedtts_zh/00004597-00000012.wav	0.125	也 提 出 大 巨 蛋 二 楼 外 围 改 为 开 放 通 道	呃   也   提   出   大   巨   蛋   二   楼   外   围   改   为   开   放   通   道   啊	2	0	0
/opt/gpfs/users/shuai/work/block-conversion-b2/OmniVoice/results_b2_final_gs3p0/seedtts_zh/00004597-00000021.wav	0.05555555555555555	一 条 醒 目 的 公 告 被 置 顶 在 网 页 的 最 显 眼 处	呃   一   条   醒   目   的   公   告   被   置   顶   在   网   页   的   最   显   眼   处	1	0	0
/opt/gpfs/users/shuai/work/block-conversion-b2/OmniVoice/results_b2_final_gs3p0/seedtts_zh/00004598-00000080.wav	0.0	有 一 位 民 间 歌 唱 家 小 提 琴 家 和 钢 琴 家	有   一   位   民   间   歌   唱   家   小   提   琴   家   和   钢   琴   家	0	0	0
/opt/gpfs/users/shuai/work/block-conversion-b2/OmniVoice/results_b2_final_gs3p0/seedtts_zh/00004598-00000043.wav	0.0	也 是 全 球 七 部 首 映 票 房 最 高 影 片 之 一	也   是   全   球   七   部   首   映   票   房   最   高   影   片   之   一	0	0	0
/opt/gpfs/users/shuai/work/block-conversion-b2/OmniVoice/results_b2_final_gs3p0/seedtts_zh/00004599-00000114.wav	0.05263157894736842	当 然 如 果 没 有 动 画 片 那 电 影 世 界 就 不 算 完 整	啊   当   然   如   果   没   有   动   画   片   那   电   影   世   界   就   不   算   完   整	1	0	0
/opt/gpfs/users/shuai/work/block-conversion-b2/OmniVoice/results_b2_final_gs3p0/seedtts_zh/00004599-00000050.wav	0.0	一 阵 短 暂 的 间 隙 过 后 又 是 一 道 触 目 惊 心 的 闪 光	一   阵   短   暂   的   间   隙   过   后   又   是   一   道   触   目   惊   心   的   闪   光	0	0	0
/opt/gpfs/users/shuai/work/block-conversion-b2/OmniVoice/results_b2_final_gs3p0/seedtts_zh/00004600-00000049.wav	0.0	尾 号 四 六 七 幺 的 乘 客 刚 夸 了 你 你 是 电 你 是 光 你 是 出 行 的 神 话	尾   号   四   六   七   幺   的   乘   客   刚   夸   了   你   你   是   电   你   是   光   你   是   出   行   的   神   话	0	0	0
/opt/gpfs/users/shuai/work/block-conversion-b2/OmniVoice/results_b2_final_gs3p0/seedtts_zh/00004600-00000061.wav	0.043478260869565216	一 天 晚 上 猪 先 生 全 家 共 进 晚 餐 马 小 姐 恰 好 从 窗 外 经 过	一   天   晚   上   朱   先   生   全   家   共   进   晚   餐   马   小   姐   恰   好   从   窗   外   经   过	0	0	1
/opt/gpfs/users/shuai/work/block-conversion-b2/OmniVoice/results_b2_final_gs3p0/seedtts_zh/00004601-00000038.wav	0.045454545454545456	这 也 是 英 超 球 队 近 年 来 赢 得 过 的 最 后 一 次 欧 冠 冠 军	这   也   是   英   超   球   队   近   年   来   赢   得   过   的   最   后   一   次   欧   冠   冠	0	1	0
/opt/gpfs/users/shuai/work/block-conversion-b2/OmniVoice/results_b2_final_gs3p0/seedtts_zh/00004601-00000090.wav	0.0	可 以 看 到 具 有 漂 浮 感 的 大 型 艺 术 装 置 及 绚 丽 多 彩 的 光 影 效 果	可   以   看   到   具   有   漂   浮   感   的   大   型   艺   术   装   置   及   绚   丽   多   彩   的   光   影   效   果	0	0	0
/opt/gpfs/users/shuai/work/block-conversion-b2/OmniVoice/results_b2_final_gs3p0/seedtts_zh/00004602-00000069.wav	0.047619047619047616	其 中 一 些 省 份 还 与 全 国 事 会 签 订 了 委 托 运 营 协 议	其   中   一   些   省   份   还   与   全   国   市   会   签   订   了   委   托   运   营   协   议	0	0	1
/opt/gpfs/users/shuai/work/block-conversion-b2/OmniVoice/results_b2_final_gs3p0/seedtts_zh/00004602-00000031.wav	0.045454545454545456	相 比 较 而 言 象 尾 又 短 又 细 是 大 象 身 体 最 薄 弱 的 部 位	啊   相   比   较   而   言   象   尾   又   短   又   细   是   大   象   身   体   最   薄   弱   的   部   位	1	0	0
/opt/gpfs/users/shuai/work/block-conversion-b2/OmniVoice/results_b2_final_gs3p0/seedtts_zh/00004603-00000105.wav	0.0	在 这 之 后 他 就 听 凭 马 放 开 四 蹄 往 前 跑 去	在   这   之   后   他   就   听   凭   马   放   开   四   蹄   往   前   跑   去	0	0	0
/opt/gpfs/users/shuai/work/block-conversion-b2/OmniVoice/results_b2_final_gs3p0/seedtts_zh/00004603-00000035.wav	0.0	售 货 员 数 了 数 硬 币 说 钱 不 够 呀 不 过 可 以 卖 给 你 们 一 张 大 饼	售   货   员   数   了   数   硬   币   说   钱   不   够   呀   不   过   可   以   卖   给   你   们   一   张   大   饼	0	0	0
/opt/gpfs/users/shuai/work/block-conversion-b2/OmniVoice/results_b2_final_gs3p0/seedtts_zh/00004604-00000075.wav	0.0	要 穿 袜 子 的 时 候 永 远 凑 不 出 完 整 的 一 对 袜 子 呢	要   穿   袜   子   的   时   候   永   远   凑   不   出   完   整   的   一   对   袜   子   呢	0	0	0
/opt/gpfs/users/shuai/work/block-conversion-b2/OmniVoice/results_b2_final_gs3p0/seedtts_zh/00004604-00000054.wav	0.05263157894736842	一 端 是 该 名 词 的 正 向 描 述 另 一 端 是 负 面 描 述	啊   一   端   是   该   名   词   的   正   向   描   述   另   一   端   是   负   面   描   述	1	0	0
/opt/gpfs/users/shuai/work/block-conversion-b2/OmniVoice/results_b2_final_gs3p0/seedtts_zh/00004606-00000021.wav	0.0	楼 顶 上 两 只 全 身 通 红 的 怪 物 便 一 跃 而 下	楼   顶   上   两   只   全   身   通   红   的   怪   物   便   一   跃   而   下	0	0	0
/opt/gpfs/users/shuai/work/block-conversion-b2/OmniVoice/results_b2_final_gs3p0/seedtts_zh/00004606-00000111.wav	0.041666666666666664	该 系 列 首 秀 于 品 牌 在 伦 敦 举 办 的 二 零 一 七 二 月 时 装 秀 上	该   系   列   首   秀   与   品   牌   在   伦   敦   举   办   的   二   零   一   七   二   月   时   装   秀   上	0	0	1
/opt/gpfs/users/shuai/work/block-conversion-b2/OmniVoice/results_b2_final_gs3p0/seedtts_zh/00004607-00000043.wav	0.05	我 报 道 社 会 新 闻 我 总 是 要 采 访 各 行 各 业 的 市 民	我   我   报   道   社   会   新   闻   我   总   是   要   采   访   各   行   各   业   的   市   民	1	0	0
/opt/gpfs/users/shuai/work/block-conversion-b2/OmniVoice/results_b2_final_gs3p0/seedtts_zh/00004607-00000056.wav	0.038461538461538464	因 当 天 派 出 所 所 有 大 案 忙 不 开 派 出 所 将 双 方 交 给 镇 政 府 处 理	啊   因   当   天   派   出   所   所   有   大   案   忙   不   开   派   出   所   将   双   方   交   给   镇   政   府   处   理	1	0	0
/opt/gpfs/users/shuai/work/block-conversion-b2/OmniVoice/results_b2_final_gs3p0/seedtts_zh/00004608-00000116.wav	0.14285714285714285	母 亲 由 于 过 度 疲 倦 早 已 昏 昏 入 睡	啊   母   亲   由   于   过   度   疲   倦   早   已   昏   昏   入   睡   啊	2	0	0
/opt/gpfs/users/shuai/work/block-conversion-b2/OmniVoice/results_b2_final_gs3p0/seedtts_zh/00004608-00000102.wav	0.0	没 有 想 到 梅 爷 爷 二 话 没 说 就 答 应 了	没   有   想   到   梅   爷   爷   二   话   没   说   就   答   应   了	0	0	0
/opt/gpfs/users/shuai/work/block-conversion-b2/OmniVoice/results_b2_final_gs3p0/seedtts_zh/00004609-00000106.wav	0.045454545454545456	昏 睡 中 只 见 一 名 男 子 从 张 建 强 的 背 后 抡 起 铁 锤 狂 砸	啊   昏   睡   中   只   见   一   名   男   子   从   张   建   强   的   背   后   抡   起   铁   锤   狂   砸	1	0	0
/opt/gpfs/users/shuai/work/block-conversion-b2/OmniVoice/results_b2_final_gs3p0/seedtts_zh/00004609-00000038.wav	0.0	他 们 都 可 以 证 明 蚯 蚓 王 的 通 讯 网 站 搜 索 很 准 动 物 界 家 喻 户 晓	他   们   都   可   以   证   明   蚯   蚓   王   的   通   讯   网   站   搜   索   很   准   动   物   界   家   喻   户   晓	0	0	0
/opt/gpfs/users/shuai/work/block-conversion-b2/OmniVoice/results_b2_final_gs3p0/seedtts_zh/00004610-00000091.wav	0.0	红 四 团 政 委 杨 成 武 拿 起 望 远 镜 发 现 敌 军 眼 皮 底 下 钻 出 几 个 人 来	红   四   团   政   委   杨   成   武   拿   起   望   远   镜   发   现   敌   军   眼   皮   底   下   钻   出   几   个   人   来	0	0	0
/opt/gpfs/users/shuai/work/block-conversion-b2/OmniVoice/results_b2_final_gs3p0/seedtts_zh/00004610-00000052.wav	0.043478260869565216	部 分 网 友 发 布 的 丁 璇 老 师 讲 座 内 容 有 断 章 取 义 的 地 方	部   分   网   友   发   布   的   丁   选   老   师   讲   座   内   容   有   断   章   取   义   的   地   方	0	0	1
/opt/gpfs/users/shuai/work/block-conversion-b2/OmniVoice/results_b2_final_gs3p0/seedtts_zh/00004616-00000100.wav	0.08695652173913043	接 着 又 是 一 阵 默 哀 间 歇 着 传 来 一 阵 阵 哽 咽 住 的 抽 泣 声	啊   接   着   又   是   一   阵   默   哀   剑   歇   着   传   来   一   阵   阵   哽   咽   住   的   抽   泣   声	1	0	1
/opt/gpfs/users/shuai/work/block-conversion-b2/OmniVoice/results_b2_final_gs3p0/seedtts_zh/00004616-00000051.wav	0.047619047619047616	它 看 起 来 很 睿 智 鸟 们 都 说 让 猫 头 鹰 给 我 们 选 选 吧	啊   它   看   起   来   很   睿   智   鸟   们   都   说   让   猫   头   鹰   给   我   们   选   选   吧	1	0	0
/opt/gpfs/users/shuai/work/block-conversion-b2/OmniVoice/results_b2_final_gs3p0/seedtts_zh/00004617-00000071.wav	0.045454545454545456	台 防 务 部 门 曾 直 接 指 挥 天 威 部 门 渗 透 到 中 部 某 营 区	哎   台   防   务   部   门   曾   直   接   指   挥   天   威   部   门   渗   透   到   中   部   某   营   区	1	0	0
/opt/gpfs/users/shuai/work/block-conversion-b2/OmniVoice/results_b2_final_gs3p0/seedtts_zh/00004617-00000013.wav	0.08333333333333333	营 上 镇 的 这 起 凶 杀 案 早 在 案 发 几 天 后 就 传 遍 了 十 里 八 乡	颍   上   镇   的   这   起   凶   杀   案   早   在   案   发   几   天   后   就   传   遍   了   十   里   八	0	1	1
/opt/gpfs/users/shuai/work/block-conversion-b2/OmniVoice/results_b2_final_gs3p0/seedtts_zh/00004620-00000056.wav	0.0	尾 号 四 四 四 的 乘 客 刚 夸 了 你 高 峰 我 也 很 佛 系 感 谢 师 傅 好 车 技	尾   号   四   四   四   的   乘   客   刚   夸   了   你   高   峰   我   也   很   佛   系   感   谢   师   傅   好   车   技	0	0	0
/opt/gpfs/users/shuai/work/block-conversion-b2/OmniVoice/results_b2_final_gs3p0/seedtts_zh/00004620-00000062.wav	0.04	现 代 人 居 住 高 楼 大 厦 没 有 烟 囱 传 说 的 愉 悦 性 多 少 会 被 打 折	啊   现   代   人   居   住   高   楼   大   厦   没   有   烟   囱   传   说   的   愉   悦   性   多   少   会   被   打   折	1	0	0
/opt/gpfs/users/shuai/work/block-conversion-b2/OmniVoice/results_b2_final_gs3p0/seedtts_zh/00004621-00000010.wav	0.0625	他 们 还 告 诉 巨 人 那 座 城 市 里 群 英 荟 萃	他   们   还   告   诉   巨   人   那   座   城   市   里   群   鹰   荟   萃	0	0	1
/opt/gpfs/users/shuai/work/block-conversion-b2/OmniVoice/results_b2_final_gs3p0/seedtts_zh/00004621-00000038.wav	0.0	沉 寂 了 好 一 阵 这 时 爱 丽 丝 只 能 偶 尔 听 到 几 句 微 弱 的 语 音 如	沉   寂   了   好   一   阵   这   时   爱   丽   丝   只   能   偶   尔   听   到   几   句   微   弱   的   语   音   如	0	0	0
/opt/gpfs/users/shuai/work/block-conversion-b2/OmniVoice/results_b2_final_gs3p0/seedtts_zh/00004623-00000065.wav	0.0	地 块 周 边 名 流 花 园 小 区 均 价 在 三 万 八 千 元	地   块   周   边   名   流   花   园   小   区   均   价   在   三   万   八   千   元	0	0	0
/opt/gpfs/users/shuai/work/block-conversion-b2/OmniVoice/results_b2_final_gs3p0/seedtts_zh/00004623-00000101.wav	0.06666666666666667	啊 不 我 们 最 好 去 看 医 生 开 点 药 走 吧	啊   不   我   们   最   好   去   看   医   生   开   点   药   走   吧   啊	1	0	0
/opt/gpfs/users/shuai/work/block-conversion-b2/OmniVoice/results_b2_final_gs3p0/seedtts_zh/00004624-00000046.wav	0.0	还 不 如 穿 件 棉 袄 出 门 大 方 又 得 体	还   不   如   穿   件   棉   袄   出   门   大   方   又   得   体	0	0	0
/opt/gpfs/users/shuai/work/block-conversion-b2/OmniVoice/results_b2_final_gs3p0/seedtts_zh/00004624-00000006.wav	0.07142857142857142	月 亮 很 迷 人 但 太 阳 和 风 有 些 粗 野	啊   月   亮   很   迷   人   但   太   阳   和   风   有   些   粗   野	1	0	0
/opt/gpfs/users/shuai/work/block-conversion-b2/OmniVoice/results_b2_final_gs3p0/seedtts_zh/00004625-00000116.wav	0.0	我 觉 得 你 穿 白 衬 衫 配 蓝 领 带 看 起 来 不 错	我   觉   得   你   穿   白   衬   衫   配   蓝   领   带   看   起   来   不   错	0	0	0
/opt/gpfs/users/shuai/work/block-conversion-b2/OmniVoice/results_b2_final_gs3p0/seedtts_zh/00004625-00000034.wav	0.0	子 贡 靠 着 他 的 巧 言 善 辩 曾 多 次 解 救 孔 子 及 其 他 弟 子 于 危 难	子   贡   靠   着   他   的   巧   言   善   辩   曾   多   次   解   救   孔   子   及   其   他   弟   子   于   危   难	0	0	0
/opt/gpfs/users/shuai/work/block-conversion-b2/OmniVoice/results_b2_final_gs3p0/seedtts_zh/00004626-00000082.wav	0.0	中 方 期 待 和 欧 方 一 道 寻 求 解 决 方 案 妥 善 化 解 贸 易 摩 擦	中   方   期   待   和   欧   方   一   道   寻   求   解   决   方   案   妥   善   化   解   贸   易   摩   擦	0	0	0
/opt/gpfs/users/shuai/work/block-conversion-b2/OmniVoice/results_b2_final_gs3p0/seedtts_zh/00004626-00000091.wav	0.045454545454545456	周 老 师 没 有 批 评 阿 夸 反 而 鼓 励 了 他 这 让 阿 夸 很 感 动	啊   周   老   师   没   有   批   评   阿   夸   反   而   鼓   励   了   他   这   让   阿   夸   很   感   动	1	0	0
/opt/gpfs/users/shuai/work/block-conversion-b2/OmniVoice/results_b2_final_gs3p0/seedtts_zh/00004627-00000082.wav	0.05	可 根 据 外 界 温 度 及 自 身 温 度 的 变 化 而 改 变 颜 色	呃   可   根   据   外   界   温   度   及   自   身   温   度   的   变   化   而   改   变   颜   色	1	0	0
/opt/gpfs/users/shuai/work/block-conversion-b2/OmniVoice/results_b2_final_gs3p0/seedtts_zh/00004627-00000032.wav	0.05	当 他 终 于 抬 头 环 顾 四 周 的 时 候 他 不 禁 暗 暗 纳 闷	当   他   终   于   抬   头   环   顾   四   周   的   时   候   他   不   禁   暗   暗   纳   闷   儿	1	0	0
/opt/gpfs/users/shuai/work/block-conversion-b2/OmniVoice/results_b2_final_gs3p0/seedtts_zh/00004628-00000065.wav	0.0	本 市 还 将 筹 划 北 京 雕 塑 展 览 馆 建 设	本   市   还   将   筹   划   北   京   雕   塑   展   览   馆   建   设	0	0	0
/opt/gpfs/users/shuai/work/block-conversion-b2/OmniVoice/results_b2_final_gs3p0/seedtts_zh/00004628-00000074.wav	0.0	一 个 挪 动 一 步 另 一 个 也 挪 动 一 步 可 都 是 斜 着 步 子 兜 圈 子	一   个   挪   动   一   步   另   一   个   也   挪   动   一   步   可   都   是   斜   着   步   子   兜   圈   子	0	0	0
/opt/gpfs/users/shuai/work/block-conversion-b2/OmniVoice/results_b2_final_gs3p0/seedtts_zh/00004629-00000078.wav	0.0	哦 我 明 白 不 懂 花 性 的 人 可 养 不 好 花	哦   我   明   白   不   懂   花   性   的   人   可   养   不   好   花	0	0	0
/opt/gpfs/users/shuai/work/block-conversion-b2/OmniVoice/results_b2_final_gs3p0/seedtts_zh/00004629-00000082.wav	0.0	已 有 群 众 向 有 关 部 门 投 诉 拖 欠 钱 款 问 题	已   有   群   众   向   有   关   部   门   投   诉   拖   欠   钱   款   问   题	0	0	0
/opt/gpfs/users/shuai/work/block-conversion-b2/OmniVoice/results_b2_final_gs3p0/seedtts_zh/00004631-00000050.wav	0.0	而 这 张 照 片 经 过 黑 白 处 理 气 场 温 馨 自 然 甜 蜜 无 比	而   这   张   照   片   经   过   黑   白   处   理   气   场   温   馨   自   然   甜   蜜   无   比	0	0	0
/opt/gpfs/users/shuai/work/block-conversion-b2/OmniVoice/results_b2_final_gs3p0/seedtts_zh/00004631-00000051.wav	0.058823529411764705	暑 假 爸 爸 妈 妈 带 阿 朵 来 乡 下 看 外 公 外 婆	啊   暑   假   爸   爸   妈   妈   带   阿   朵   来   乡   下   看   外   公   外   婆	1	0	0
/opt/gpfs/users/shuai/work/block-conversion-b2/OmniVoice/results_b2_final_gs3p0/seedtts_zh/00004632-00000013.wav	0.0	但 环 保 局 仍 要 求 企 业 再 办 一 个 排 污 许 可 证	但   环   保   局   仍   要   求   企   业   再   办   一   个   排   污   许   可   证	0	0	0
/opt/gpfs/users/shuai/work/block-conversion-b2/OmniVoice/results_b2_final_gs3p0/seedtts_zh/00004632-00000090.wav	0.0	我 想 拿 一 个 大 袋 子 然 后 各 种 口 味 买 一 些	我   想   拿   一   个   大   袋   子   然   后   各   种   口   味   买   一   些	0	0	0
/opt/gpfs/users/shuai/work/block-conversion-b2/OmniVoice/results_b2_final_gs3p0/seedtts_zh/00004633-00000072.wav	0.0	温 家 宝 说 人 们 对 艾 滋 病 的 恐 慌 造 成 对 感 染 者 的 歧 视	温   家   宝   说   人   们   对   艾   滋   病   的   恐   慌   造   成   对   感   染   者   的   歧   视	0	0	0
/opt/gpfs/users/shuai/work/block-conversion-b2/OmniVoice/results_b2_final_gs3p0/seedtts_zh/00004633-00000077.wav	0.08695652173913043	奇 唱 歌 怪 唱 歌 鱼 吃 笛 子 蛋 唱 歌 冬 瓜 敲 大 鼓 黄 瓜 打 大 锣	啊   鳍   唱   歌   怪   唱   歌   鱼   吃   笛   子   蛋   唱   歌   冬   瓜   敲   大   鼓   黄   瓜   打   大   锣	1	0	1
/opt/gpfs/users/shuai/work/block-conversion-b2/OmniVoice/results_b2_final_gs3p0/seedtts_zh/00004634-00000021.wav	0.0	现 有 飞 船 到 达 火 星 最 快 要 用 七 个 月 来 回 平 均 要 花 两 年 左 右	现   有   飞   船   到   达   火   星   最   快   要   用   七   个   月   来   回   平   均   要   花   两   年   左   右	0	0	0
/opt/gpfs/users/shuai/work/block-conversion-b2/OmniVoice/results_b2_final_gs3p0/seedtts_zh/00004634-00000013.wav	0.0625	给 女 友 个 惊 喜 带 女 友 去 附 近 的 地 方 玩	呃   给   女   友   个   惊   喜   带   女   友   去   附   近   的   地   方   玩	1	0	0
/opt/gpfs/users/shuai/work/block-conversion-b2/OmniVoice/results_b2_final_gs3p0/seedtts_zh/00004635-00000018.wav	0.05263157894736842	你 是 否 想 过 你 的 个 人 信 息 也 许 已 被 转 手 数 次	哦   你   是   否   想   过   你   的   个   人   信   息   也   许   已   被   转   手   数   次	1	0	0
/opt/gpfs/users/shuai/work/block-conversion-b2/OmniVoice/results_b2_final_gs3p0/seedtts_zh/00004635-00000084.wav	0.0	死 者 阿 浩 是 一 名 负 责 设 备 维 修 的 技 术 员	死   者   阿   浩   是   一   名   负   责   设   备   维   修   的   技   术   员	0	0	0
/opt/gpfs/users/shuai/work/block-conversion-b2/OmniVoice/results_b2_final_gs3p0/seedtts_zh/00004636-00000109.wav	0.0	党 委 在 这 一 过 程 中 正 常 发 挥 党 管 干 部 作 用	党   委   在   这   一   过   程   中   正   常   发   挥   党   管   干   部   作   用	0	0	0
/opt/gpfs/users/shuai/work/block-conversion-b2/OmniVoice/results_b2_final_gs3p0/seedtts_zh/00004636-00000041.wav	0.0	他 百 思 不 得 其 解 最 后 认 定 有 妖 魔 插 了 一 杠 子 破 了 咒 语	他   百   思   不   得   其   解   最   后   认   定   有   妖   魔   插   了   一   杠   子   破   了   咒   语	0	0	0
/opt/gpfs/users/shuai/work/block-conversion-b2/OmniVoice/results_b2_final_gs3p0/seedtts_zh/00004637-00000105.wav	0.041666666666666664	市 中 心 发 生 数 百 名 抗 议 者 沿 街 打 砸 汽 车 和 商 铺 窗 户 事 件	呃   市   中   心   发   生   数   百   名   抗   议   者   沿   街   打   砸   汽   车   和   商   铺   窗   户   事   件	1	0	0
/opt/gpfs/users/shuai/work/block-conversion-b2/OmniVoice/results_b2_final_gs3p0/seedtts_zh/00004637-00000065.wav	0.12	不 过 这 老 两 口 平 时 很 爱 掏 耳 朵 老 梁 有 空 还 喜 欢 去 小 理 发 店	我   这   老   两   口   平   时   很   爱   掏   耳   朵   老   两   有   空   还   喜   欢   去   小   理   发   店	0	1	2
/opt/gpfs/users/shuai/work/block-conversion-b2/OmniVoice/results_b2_final_gs3p0/seedtts_zh/00004638-00000047.wav	0.0	盘 古 的 身 高 究 竟 有 多 高 呢 有 人 推 算 说 是 有 九 万 里 那 么 高	盘   古   的   身   高   究   竟   有   多   高   呢   有   人   推   算   说   是   有   九   万   里   那   么   高	0	0	0
/opt/gpfs/users/shuai/work/block-conversion-b2/OmniVoice/results_b2_final_gs3p0/seedtts_zh/00004638-00000058.wav	0.0	并 由 中 央 政 治 局 成 员 讨 论 通 过 的 这 篇 人 民 日 报 编 辑 部 文 章	并   由   中   央   政   治   局   成   员   讨   论   通   过   的   这   篇   人   民   日   报   编   辑   部   文   章	0	0	0
/opt/gpfs/users/shuai/work/block-conversion-b2/OmniVoice/results_b2_final_gs3p0/seedtts_zh/00004639-00000026.wav	0.058823529411764705	他 每 退 一 步 单 靠 腿 用 力 身 子 先 往 一 边 倾	他   每   退   一   步   单   靠   腿   用   力   身   子   先   往   一   边   倾   嗯	1	0	0
/opt/gpfs/users/shuai/work/block-conversion-b2/OmniVoice/results_b2_final_gs3p0/seedtts_zh/00004639-00000047.wav	0.0	中 国 现 代 国 际 关 系 研 究 院 副 院 长 袁 鹏 指 出	中   国   现   代   国   际   关   系   研   究   院   副   院   长   袁   鹏   指   出	0	0	0
/opt/gpfs/users/shuai/work/block-conversion-b2/OmniVoice/results_b2_final_gs3p0/seedtts_zh/00004640-00000097.wav	0.0	将 最 前 沿 的 国 际 流 行 鞋 品 趋 势 展 现 于 众	将   最   前   沿   的   国   际   流   行   鞋   品   趋   势   展   现   于   众	0	0	0
/opt/gpfs/users/shuai/work/block-conversion-b2/OmniVoice/results_b2_final_gs3p0/seedtts_zh/00004640-00000061.wav	0.0	到 时 候 都 是 别 人 新 世 界 下 的 无 法 掌 握 命 运 的 蝼 蚁 而 已	到   时   候   都   是   别   人   新   世   界   下   的   无   法   掌   握   命   运   的   蝼   蚁   而   已	0	0	0
/opt/gpfs/users/shuai/work/block-conversion-b2/OmniVoice/results_b2_final_gs3p0/seedtts_zh/00004641-00000036.wav	0.0	以 便 实 现 跨 省 异 地 就 医 住 院 医 疗 费 用 直 接 结 算	以   便   实   现   跨   省   异   地   就   医   住   院   医   疗   费   用   直   接   结   算	0	0	0
/opt/gpfs/users/shuai/work/block-conversion-b2/OmniVoice/results_b2_final_gs3p0/seedtts_zh/00004641-00000009.wav	0.0	这 样 吧 咱 们 合 伙 干 工 程 干 完 后 双 方 分 成	这   样   吧   咱   们   合   伙   干   工   程   干   完   后   双   方   分   成	0	0	0
/opt/gpfs/users/shuai/work/block-conversion-b2/OmniVoice/results_b2_final_gs3p0/seedtts_zh/00004642-00000058.wav	0.041666666666666664	新 技 术 浪 潮 的 来 临 也 对 两 岸 佛 教 合 作 交 流 提 出 新 的 要 求	呃   新   技   术   浪   潮   的   来   临   也   对   两   岸   佛   教   合   作   交   流   提   出   新   的   要   求	1	0	0
/opt/gpfs/users/shuai/work/block-conversion-b2/OmniVoice/results_b2_final_gs3p0/seedtts_zh/00004642-00000093.wav	0.0	将 高 紧 密 建 设 度 的 纽 约 曼 哈 顿 都 市 模 型 直 接 移 至 东 中	将   高   紧   密   建   设   度   的   纽   约   曼   哈   顿   都   市   模   型   直   接   移   至   东   中	0	0	0
/opt/gpfs/users/shuai/work/block-conversion-b2/OmniVoice/results_b2_final_gs3p0/seedtts_zh/00004643-00000019.wav	0.0	下 雨 天 本 来 就 应 小 心 慢 行 不 要 抢 快 公 路 局 是 否 考 虑 水 沟 加 盖	下   雨   天   本   来   就   应   小   心   慢   行   不   要   抢   快   公   路   局   是   否   考   虑   水   沟   加   盖	0	0	0
/opt/gpfs/users/shuai/work/block-conversion-b2/OmniVoice/results_b2_final_gs3p0/seedtts_zh/00004643-00000072.wav	0.0	因 为 我 们 悄 悄 走 过 所 以 当 时 那 些 惊 涛 骇 浪 都 烟 消 云 散	因   为   我   们   悄   悄   走   过   所   以   当   时   那   些   惊   涛   骇   浪   都   烟   消   云   散	0	0	0
/opt/gpfs/users/shuai/work/block-conversion-b2/OmniVoice/results_b2_final_gs3p0/seedtts_zh/00004644-00000061.wav	0.05	张 家 界 一 边 哦 了 一 声 一 边 直 线 向 怪 兽 脚 下 奔 去	哦   张   家   界   一   边   哦   了   一   声   一   边   直   线   向   怪   兽   脚   下   奔   去	1	0	0
/opt/gpfs/users/shuai/work/block-conversion-b2/OmniVoice/results_b2_final_gs3p0/seedtts_zh/00004644-00000085.wav	0.043478260869565216	背 影 很 伟 岸 有 着 大 大 的 耳 朵 和 圆 圆 的 眼 睛 胡 须 长 而 硬	呃   背   影   很   伟   岸   有   着   大   大   的   耳   朵   和   圆   圆   的   眼   睛   胡   须   长   而   硬	1	0	0
/opt/gpfs/users/shuai/work/block-conversion-b2/OmniVoice/results_b2_final_gs3p0/seedtts_zh/00004645-00000057.wav	0.0	那 名 先 前 嘲 讽 过 苍 天 的 黄 衣 青 年 此 刻 早 已 经 躲 进 人 群 之 中	那   名   先   前   嘲   讽   过   苍   天   的   黄   衣   青   年   此   刻   早   已   经   躲   进   人   群   之   中	0	0	0
/opt/gpfs/users/shuai/work/block-conversion-b2/OmniVoice/results_b2_final_gs3p0/seedtts_zh/00004645-00000061.wav	0.0	他 经 过 教 堂 尖 塔 只 见 白 色 大 理 石 雕 刻 而 成 的 天 使 亭 亭 玉 立	他   经   过   教   堂   尖   塔   只   见   白   色   大   理   石   雕   刻   而   成   的   天   使   亭   亭   玉   立	0	0	0
/opt/gpfs/users/shuai/work/block-conversion-b2/OmniVoice/results_b2_final_gs3p0/seedtts_zh/00004646-00000069.wav	0.07692307692307693	精 灵 的 话 比 啥 都 好 使 云 峰 啥 都 没 想 扔 下 旅 行 包 就 向 劫 匪 扑 去	金   陵   的   话   比   啥   都   好   使   云   峰   啥   都   没   想   扔   下   旅   行   包   就   向   劫   匪   扑   去	0	0	2
/opt/gpfs/users/shuai/work/block-conversion-b2/OmniVoice/results_b2_final_gs3p0/seedtts_zh/00004646-00000076.wav	0.0	强 化 组 织 领 导 把 软 环 境 建 设 放 在 突 出 位 置	强   化   组   织   领   导   把   软   环   境   建   设   放   在   突   出   位   置	0	0	0
/opt/gpfs/users/shuai/work/block-conversion-b2/OmniVoice/results_b2_final_gs3p0/seedtts_zh/00004648-00000007.wav	0.07692307692307693	小 径 的 面 貌 已 然 改 变 泥 土 被 踏 实 了 草 皮 有 了 被 啃 咬 过 的 痕 迹	啊   小   静   的   面   貌   已   然   改   变   泥   土   被   踏   实   了   草   皮   有   了   被   啃   咬   过   的   痕   迹	1	0	1
/opt/gpfs/users/shuai/work/block-conversion-b2/OmniVoice/results_b2_final_gs3p0/seedtts_zh/00004648-00000012.wav	0.045454545454545456	即 使 拉 斯 维 加 斯 的 赌 场 在 奢 华 的 程 度 上 都 很 难 媲 美	呃   即   使   拉   斯   维   加   斯   的   赌   场   在   奢   华   的   程   度   上   都   很   难   媲   美	1	0	0
/opt/gpfs/users/shuai/work/block-conversion-b2/OmniVoice/results_b2_final_gs3p0/seedtts_zh/00004649-00000029.wav	0.0	被 称 赞 了 真 开 心 啊 我 有 那 么 帅 该 多 好 啊	被   称   赞   了   真   开   心   啊   我   有   那   么   帅   该   多   好   啊	0	0	0
/opt/gpfs/users/shuai/work/block-conversion-b2/OmniVoice/results_b2_final_gs3p0/seedtts_zh/00004649-00000005.wav	0.0	先 由 兔 子 背 着 乌 龟 快 跑 到 了 河 边 再 由 乌 龟 背 着 兔 子 渡 河	先   由   兔   子   背   着   乌   龟   快   跑   到   了   河   边   再   由   乌   龟   背   着   兔   子   渡   河	0	0	0
/opt/gpfs/users/shuai/work/block-conversion-b2/OmniVoice/results_b2_final_gs3p0/seedtts_zh/00004650-00000120.wav	0.12	偶 尔 卵 子 是 排 两 颗 那 就 是 所 谓 异 卵 双 胞 胎 或 龙 凤 胎 的 来 源	哦   卵   子   是   排   两   颗   那   就   是   所   谓   异   卵   双   胞   胎   或   龙   凤   胎   的   来	0	2	1
/opt/gpfs/users/shuai/work/block-conversion-b2/OmniVoice/results_b2_final_gs3p0/seedtts_zh/00004650-00000056.wav	0.0	而 且 其 所 含 的 丙 醇 二 酸 能 够 有 效 的 阻 止 糖 分 变 成 脂 肪	而   且   其   所   含   的   丙   醇   二   酸   能   够   有   效   的   阻   止   糖   分   变   成   脂   肪	0	0	0
/opt/gpfs/users/shuai/work/block-conversion-b2/OmniVoice/results_b2_final_gs3p0/seedtts_zh/00004651-00000011.wav	0.058823529411764705	跨 界 喜 剧 王 以 跨 界 我 为 快 乐 而 来 为 核 心	呃   跨   界   喜   剧   王   以   跨   界   我   为   快   乐   而   来   为   核   心	1	0	0
/opt/gpfs/users/shuai/work/block-conversion-b2/OmniVoice/results_b2_final_gs3p0/seedtts_zh/00004651-00000039.wav	0.0	又 恰 巧 有 朋 友 约 吃 饭 只 得 让 妈 妈 穿 我 的 衣 服	又   恰   巧   有   朋   友   约   吃   饭   只   得   让   妈   妈   穿   我   的   衣   服	0	0	0
/opt/gpfs/users/shuai/work/block-conversion-b2/OmniVoice/results_b2_final_gs3p0/seedtts_zh/00004652-00000113.wav	0.0	可 老 大 想 也 不 想 就 一 把 抓 起 青 蛙 扔 回 了 水 中 然 后 继 续 骑 马 赶 路	可   老   大   想   也   不   想   就   一   把   抓   起   青   蛙   扔   回   了   水   中   然   后   继   续   骑   马   赶   路	0	0	0
/opt/gpfs/users/shuai/work/block-conversion-b2/OmniVoice/results_b2_final_gs3p0/seedtts_zh/00004652-00000023.wav	0.0	老 年 人 和 高 血 压 病 人 老 年 人 和 高 血 压 病 人 更 要 防 止 血 压 忽 高 忽 低	老   年   人   和   高   血   压   病   人   老   年   人   和   高   血   压   病   人   更   要   防   止   血   压   忽   高   忽   低	0	0	0
/opt/gpfs/users/shuai/work/block-conversion-b2/OmniVoice/results_b2_final_gs3p0/seedtts_zh/00004653-00000104.wav	0.05555555555555555	这 些 土 壤 在 一 个 世 纪 前 孕 育 了 高 产 的 果 园	啊   这   些   土   壤   在   一   个   世   纪   前   孕   育   了   高   产   的   果   园	1	0	0
/opt/gpfs/users/shuai/work/block-conversion-b2/OmniVoice/results_b2_final_gs3p0/seedtts_zh/00004653-00000009.wav	0.058823529411764705	什 么 时 候 无 敌 强 者 连 一 点 威 严 都 没 有 了	啊   什   么   时   候   无   敌   强   者   连   一   点   威   严   都   没   有   了	1	0	0
/opt/gpfs/users/shuai/work/block-conversion-b2/OmniVoice/results_b2_final_gs3p0/seedtts_zh/00004654-00000093.wav	0.0	但 目 前 谣 言 纷 飞 林 书 豪 未 来 动 向 仍 旧 朴 素 迷 离	但   目   前   谣   言   纷   飞   林   书   豪   未   来   动   向   仍   旧   朴   素   迷   离	0	0	0
/opt/gpfs/users/shuai/work/block-conversion-b2/OmniVoice/results_b2_final_gs3p0/seedtts_zh/00004654-00000096.wav	0.0	好 久 没 去 幼 稚 园 看 小 朋 友 们 了 不 能 两 手 空 空 呀	好   久   没   去   幼   稚   园   看   小   朋   友   们   了   不   能   两   手   空   空   呀	0	0	0
/opt/gpfs/users/shuai/work/block-conversion-b2/OmniVoice/results_b2_final_gs3p0/seedtts_zh/00004655-00000049.wav	0.045454545454545456	谢 师 傅 脑 海 中 一 片 空 白 半 天 才 缓 过 神 来 明 白 撞 车 了	呃   谢   师   傅   脑   海   中   一   片   空   白   半   天   才   缓   过   神   来   明   白   撞   车   了	1	0	0
/opt/gpfs/users/shuai/work/block-conversion-b2/OmniVoice/results_b2_final_gs3p0/seedtts_zh/00004655-00000011.wav	0.05263157894736842	当 然 我 哥 哥 嫂 嫂 刚 刚 用 这 个 办 法 买 了 套 房 子	呃   当   然   我   哥   哥   嫂   嫂   刚   刚   用   这   个   办   法   买   了   套   房   子	1	0	0
/opt/gpfs/users/shuai/work/block-conversion-b2/OmniVoice/results_b2_final_gs3p0/seedtts_zh/00004656-00000114.wav	0.0	南 京 地 区 臭 氧 超 标 也 主 要 集 中 在 夏 秋 季 节	南   京   地   区   臭   氧   超   标   也   主   要   集   中   在   夏   秋   季   节	0	0	0
/opt/gpfs/users/shuai/work/block-conversion-b2/OmniVoice/results_b2_final_gs3p0/seedtts_zh/00004656-00000075.wav	0.0	但 强 风 不 仅 没 把 竹 架 吹 走 沙 子 还 顺 着 风 势 沉 降 在 护 沙 围 栏 间	但   强   风   不   仅   没   把   竹   架   吹   走   沙   子   还   顺   着   风   势   沉   降   在   护   沙   围   栏   间	0	0	0
/opt/gpfs/users/shuai/work/block-conversion-b2/OmniVoice/results_b2_final_gs3p0/seedtts_zh/00004657-00000110.wav	0.06666666666666667	有 一 天 周 文 王 坐 着 车 路 过 渭 河 北 岸	呃   有   一   天   周   文   王   坐   着   车   路   过   渭   河   北   岸	1	0	0
/opt/gpfs/users/shuai/work/block-conversion-b2/OmniVoice/results_b2_final_gs3p0/seedtts_zh/00004657-00000065.wav	0.07142857142857142	而 消 费 者 的 钱 袋 子 里 却 越 捂 越 紧	啊   而   消   费   者   的   钱   袋   子   里   却   越   捂   越   紧	1	0	0
/opt/gpfs/users/shuai/work/block-conversion-b2/OmniVoice/results_b2_final_gs3p0/seedtts_zh/00004658-00000046.wav	0.037037037037037035	于 是 他 用 脚 踩 住 龙 头 使 劲 一 抽 就 抽 出 了 一 根 柔 软 而 坚 韧 的 龙 筋	啊   于   是   他   用   脚   踩   住   龙   头   使   劲   一   抽   就   抽   出   了   一   根   柔   软   而   坚   韧   的   龙   筋	1	0	0
/opt/gpfs/users/shuai/work/block-conversion-b2/OmniVoice/results_b2_final_gs3p0/seedtts_zh/00004658-00000080.wav	0.0	南 方 女 子 温 柔 婉 约 北 方 女 子 爽 朗 率 真 地 域 不 同	南   方   女   子   温   柔   婉   约   北   方   女   子   爽   朗   率   真   地   域   不   同	0	0	0
/opt/gpfs/users/shuai/work/block-conversion-b2/OmniVoice/results_b2_final_gs3p0/seedtts_zh/00004659-00000007.wav	0.04	原 来 是 蜗 牛 哥 哥 啊 你 这 是 要 去 哪 里 连 房 子 都 背 着 呢 不 累 吗	啊   原   来   是   蜗   牛   哥   哥   啊   你   这   是   要   去   哪   里   连   房   子   都   背   着   呢   不   累   吗	1	0	0
/opt/gpfs/users/shuai/work/block-conversion-b2/OmniVoice/results_b2_final_gs3p0/seedtts_zh/00004659-00000112.wav	0.0	尾 号 六 六 八 幺 的 乘 客 刚 夸 了 你 春 风 十 里 不 如 载 我 一 程 的 你	尾   号   六   六   八   幺   的   乘   客   刚   夸   了   你   春   风   十   里   不   如   载   我   一   程   的   你	0	0	0
/opt/gpfs/users/shuai/work/block-conversion-b2/OmniVoice/results_b2_final_gs3p0/seedtts_zh/00004660-00000012.wav	0.0	而 且 热 汤 热 粥 的 蒸 汽 也 有 助 于 缓 解 鼻 塞	而   且   热   汤   热   粥   的   蒸   汽   也   有   助   于   缓   解   鼻   塞	0	0	0
/opt/gpfs/users/shuai/work/block-conversion-b2/OmniVoice/results_b2_final_gs3p0/seedtts_zh/00004660-00000053.wav	0.08333333333333333	相 信 岸 上 固 地 建 设 建 设 对 于 中 国 建 设 者 而 言 也 没 有 难 度	啊   相   信   岸   上   故   地   建   设   建   设   对   于   中   国   建   设   者   而   言   也   没   有   难   度	1	0	1
/opt/gpfs/users/shuai/work/block-conversion-b2/OmniVoice/results_b2_final_gs3p0/seedtts_zh/00004661-00000065.wav	0.0	他 们 还 冲 进 收 费 站 办 公 楼 砸 坏 门 锁 损 毁 办 公 设 施	他   们   还   冲   进   收   费   站   办   公   楼   砸   坏   门   锁   损   毁   办   公   设   施	0	0	0
/opt/gpfs/users/shuai/work/block-conversion-b2/OmniVoice/results_b2_final_gs3p0/seedtts_zh/00004661-00000085.wav	0.0	一 道 道 拖 着 浓 烟 尾 巴 的 巨 大 灼 热 石 块 轰 然 掉 下	一   道   道   拖   着   浓   烟   尾   巴   的   巨   大   灼   热   石   块   轰   然   掉   下	0	0	0
/opt/gpfs/users/shuai/work/block-conversion-b2/OmniVoice/results_b2_final_gs3p0/seedtts_zh/00004662-00000006.wav	0.09523809523809523	很 多 家 长 都 会 考 虑 带 着 孩 子 去 婴 幼 儿 游 泳 馆 游 泳	很   多   家   长   都   会   考   虑   带   着   孩   子   去   婴   幼   儿   游   泳   馆	0	2	0
/opt/gpfs/users/shuai/work/block-conversion-b2/OmniVoice/results_b2_final_gs3p0/seedtts_zh/00004662-00000071.wav	0.038461538461538464	窈 窕 淑 女 君 子 好 逑 试 图 从 人 情 之 常 去 建 立 一 个 理 想 中 的 社 会	窈   窕   淑   女   君   子   好   逑   试   图   从   人   情   之   长   去   建   立   一   个   理   想   中   的   社   会	0	0	1
/opt/gpfs/users/shuai/work/block-conversion-b2/OmniVoice/results_b2_final_gs3p0/seedtts_zh/00004663-00000061.wav	0.0	其 中 一 些 省 份 还 与 全 国 社 保 基 金 理 事 会 签 订 了 委 托 运 营 协 议	其   中   一   些   省   份   还   与   全   国   社   保   基   金   理   事   会   签   订   了   委   托   运   营   协   议	0	0	0
/opt/gpfs/users/shuai/work/block-conversion-b2/OmniVoice/results_b2_final_gs3p0/seedtts_zh/00004663-00000003.wav	0.047619047619047616	他 就 把 能 弄 到 手 的 小 慰 问 品 送 到 那 个 杀 人 犯 那 里	呃   他   就   把   能   弄   到   手   的   小   慰   问   品   送   到   那   个   杀   人   犯   那   里	1	0	0
/opt/gpfs/users/shuai/work/block-conversion-b2/OmniVoice/results_b2_final_gs3p0/seedtts_zh/00004664-00000049.wav	0.07692307692307693	现 行 规 定 变 更 身 分 证 性 别 栏 需 先 摘 除 性 器 官 遭 质 疑 侵 害 人 权	呃   现   行   规   定   变   更   身   份   证   性   别   栏   需   先   摘   除   性   器   官   遭   质   疑   侵   害   人   权	1	0	1
/opt/gpfs/users/shuai/work/block-conversion-b2/OmniVoice/results_b2_final_gs3p0/seedtts_zh/00004664-00000023.wav	0.08695652173913043	还 有 解 放 军 指 战 员 代 表 一 起 将 烈 士 安 葬 在 了 万 金 山 路	啊   还   有   解   放   军   指   战   员   代   表   一   起   将   烈   士   安   葬   在   了   望   金   山   路	1	0	1
/opt/gpfs/users/shuai/work/block-conversion-b2/OmniVoice/results_b2_final_gs3p0/seedtts_zh/00004665-00000014.wav	0.0	对 方 二 话 不 说 直 接 用 手 中 长 铁 剑 甩 在 车 前 窗 上	对   方   二   话   不   说   直   接   用   手   中   长   铁   剑   甩   在   车   前   窗   上	0	0	0
/opt/gpfs/users/shuai/work/block-conversion-b2/OmniVoice/results_b2_final_gs3p0/seedtts_zh/00004665-00000024.wav	0.0	由 于 台 风 的 关 系 公 司 的 旅 游 似 乎 得 取 消 了	由   于   台   风   的   关   系   公   司   的   旅   游   似   乎   得   取   消   了	0	0	0
/opt/gpfs/users/shuai/work/block-conversion-b2/OmniVoice/results_b2_final_gs3p0/seedtts_zh/00004666-00000062.wav	0.0	然 后 悄 悄 拽 拽 外 套 露 出 背 心 嘚 瑟 这 还 有 肌 肉 哎	然   后   悄   悄   拽   拽   外   套   露   出   背   心   嘚   瑟   这   还   有   肌   肉   哎	0	0	0
/opt/gpfs/users/shuai/work/block-conversion-b2/OmniVoice/results_b2_final_gs3p0/seedtts_zh/00004666-00000104.wav	0.0	更 重 要 的 是 我 们 可 以 撰 写 发 送 和 接 收 电 子 邮 件	更   重   要   的   是   我   们   可   以   撰   写   发   送   和   接   收   电   子   邮   件	0	0	0
/opt/gpfs/users/shuai/work/block-conversion-b2/OmniVoice/results_b2_final_gs3p0/seedtts_zh/00004667-00000014.wav	0.0	尾 号 三 五 零 七 的 乘 客 刚 夸 了 你 你 就 是 城 市 的 无 名 英 雄	尾   号   三   五   零   七   的   乘   客   刚   夸   了   你   你   就   是   城   市   的   无   名   英   雄	0	0	0
/opt/gpfs/users/shuai/work/block-conversion-b2/OmniVoice/results_b2_final_gs3p0/seedtts_zh/00004667-00000075.wav	0.0	尾 号 四 二 八 幺 的 乘 客 刚 夸 了 你 工 作 虐 我 千 百 遍 有 你 接 我 真 方 便	尾   号   四   二   八   幺   的   乘   客   刚   夸   了   你   工   作   虐   我   千   百   遍   有   你   接   我   真   方   便	0	0	0
/opt/gpfs/users/shuai/work/block-conversion-b2/OmniVoice/results_b2_final_gs3p0/seedtts_zh/00004668-00000006.wav	0.045454545454545456	屋 子 中 央 是 一 张 长 条 桌 围 绕 桌 子 的 是 十 几 把 靠 背 椅	呃   屋   子   中   央   是   一   张   长   条   桌   围   绕   桌   子   的   是   十   几   把   靠   背   椅	1	0	0
/opt/gpfs/users/shuai/work/block-conversion-b2/OmniVoice/results_b2_final_gs3p0/seedtts_zh/00004668-00000114.wav	0.058823529411764705	菜 鸟 将 有 能 力 获 取 顺 丰 的 所 有 物 流 信 息	呃   菜   鸟   将   有   能   力   获   取   顺   丰   的   所   有   物   流   信   息	1	0	0
/opt/gpfs/users/shuai/work/block-conversion-b2/OmniVoice/results_b2_final_gs3p0/seedtts_zh/00004669-00000074.wav	0.047619047619047616	好 的 广 播 公 司 获 得 信 息 的 途 径 远 不 止 新 闻 发 布 会	哦   好   的   广   播   公   司   获   得   信   息   的   途   径   远   不   止   新   闻   发   布   会	1	0	0
/opt/gpfs/users/shuai/work/block-conversion-b2/OmniVoice/results_b2_final_gs3p0/seedtts_zh/00004669-00000029.wav	0.05	最 后 连 墙 壁 也 砸 坏 了 可 连 麻 雀 的 毛 都 没 有 碰 着	呃   最   后   连   墙   壁   也   砸   坏   了   可   连   麻   雀   的   毛   都   没   有   碰   着	1	0	0
/opt/gpfs/users/shuai/work/block-conversion-b2/OmniVoice/results_b2_final_gs3p0/seedtts_zh/00004670-00000108.wav	0.0	当 时 我 的 耳 朵 嗡 嗡 响 脑 袋 一 片 空 白 浑 身 是 血 满 脸 黑 灰	当   时   我   的   耳   朵   嗡   嗡   响   脑   袋   一   片   空   白   浑   身   是   血   满   脸   黑   灰	0	0	0
/opt/gpfs/users/shuai/work/block-conversion-b2/OmniVoice/results_b2_final_gs3p0/seedtts_zh/00004670-00000028.wav	0.0	被 张 先 生 踢 打 后 藏 獒 冲 进 店 铺 内 又 把 员 工 小 谢 咬 伤	被   张   先   生   踢   打   后   藏   獒   冲   进   店   铺   内   又   把   员   工   小   谢   咬   伤	0	0	0
/opt/gpfs/users/shuai/work/block-conversion-b2/OmniVoice/results_b2_final_gs3p0/seedtts_zh/00004671-00000103.wav	0.0	还 有 一 些 坏 人 利 用 网 络 偷 盗 他 人 的 钱 财 等 等	还   有   一   些   坏   人   利   用   网   络   偷   盗   他   人   的   钱   财   等   等	0	0	0
/opt/gpfs/users/shuai/work/block-conversion-b2/OmniVoice/results_b2_final_gs3p0/seedtts_zh/00004671-00000094.wav	0.06666666666666667	真 是 找 宝 碰 到 好 运 气 不 费 吹 灰 之 力	呃   真   是   找   宝   碰   到   好   运   气   不   费   吹   灰   之   力	1	0	0
/opt/gpfs/users/shuai/work/block-conversion-b2/OmniVoice/results_b2_final_gs3p0/seedtts_zh/00004672-00000033.wav	0.0	宁 静 安 详 充 满 梦 幻 令 人 向 往	宁   静   安   详   充   满   梦   幻   令   人   向   往	0	0	0
/opt/gpfs/users/shuai/work/block-conversion-b2/OmniVoice/results_b2_final_gs3p0/seedtts_zh/00004672-00000095.wav	0.0	儿 童 如 果 长 期 暴 露 在 二 手 烟 的 烟 雾 下	儿   童   如   果   长   期   暴   露   在   二   手   烟   的   烟   雾   下	0	0	0
/opt/gpfs/users/shuai/work/block-conversion-b2/OmniVoice/results_b2_final_gs3p0/seedtts_zh/00004673-00000093.wav	0.0	南 瓜 说 好 无 聊 啊 西 瓜 我 们 去 赛 跑 吧	南   瓜   说   好   无   聊   啊   西   瓜   我   们   去   赛   跑   吧	0	0	0
/opt/gpfs/users/shuai/work/block-conversion-b2/OmniVoice/results_b2_final_gs3p0/seedtts_zh/00004673-00000029.wav	0.058823529411764705	苍 天 并 不 需 要 外 力 来 帮 助 修 炼 九 转 玄 功	苍   天   并   不   需   要   外   力   来   帮   助   修   炼   九   转   玄   宫	0	0	1
/opt/gpfs/users/shuai/work/block-conversion-b2/OmniVoice/results_b2_final_gs3p0/seedtts_zh/00004674-00000117.wav	0.0	蛇 沾 上 公 主 的 眼 泪 立 即 却 变 成 一 个 英 俊 的 王 子	蛇   沾   上   公   主   的   眼   泪   立   即   却   变   成   一   个   英   俊   的   王   子	0	0	0
/opt/gpfs/users/shuai/work/block-conversion-b2/OmniVoice/results_b2_final_gs3p0/seedtts_zh/00004674-00000085.wav	0.11764705882352941	这 里 将 是 本 周 末 全 国 气 候 最 阴 凉 的 区 域	啊   这   里   将   是   本   周   末   全   国   气   候   最   阴   凉   的   区   域   嗯	2	0	0
/opt/gpfs/users/shuai/work/block-conversion-b2/OmniVoice/results_b2_final_gs3p0/seedtts_zh/00004675-00000115.wav	0.038461538461538464	杨 某 某 与 李 某 事 先 策 划 了 由 周 某 在 事 发 后 以 恶 作 剧 为 由 道 歉	啊   杨   某   某   与   李   某   事   先   策   划   了   由   周   某   在   事   发   后   以   恶   作   剧   为   由   道   歉	1	0	0
/opt/gpfs/users/shuai/work/block-conversion-b2/OmniVoice/results_b2_final_gs3p0/seedtts_zh/00004675-00000067.wav	0.1111111111111111	如 果 巴 塞 罗 那 那 对 发 挥 正 常 的 话 应 该 能 赢	啊   如   果   巴   塞   罗   那   那   队   发   挥   正   常   的   话   应   该   能   赢	1	0	1
/opt/gpfs/users/shuai/work/block-conversion-b2/OmniVoice/results_b2_final_gs3p0/seedtts_zh/00004676-00000016.wav	0.05555555555555555	对 发 现 的 安 全 隐 患 问 题 逐 一 要 求 企 业 整 改	呃   对   发   现   的   安   全   隐   患   问   题   逐   一   要   求   企   业   整   改	1	0	0
/opt/gpfs/users/shuai/work/block-conversion-b2/OmniVoice/results_b2_final_gs3p0/seedtts_zh/00004676-00000053.wav	0.047619047619047616	身 穿 绿 衣 裳 肚 里 水 汪 汪 生 的 儿 子 儿 多 个 个 黑 脸 膛	啊   身   穿   绿   衣   裳   肚   里   水   汪   汪   生   的   儿   子   儿   多   个   个   黑   脸   膛	1	0	0
/opt/gpfs/users/shuai/work/block-conversion-b2/OmniVoice/results_b2_final_gs3p0/seedtts_zh/00004677-00000103.wav	0.0	因 花 朵 艳 丽 而 有 天 使 的 翅 膀 峭 壁 的 精 灵 等 雅 称	因   花   朵   艳   丽   而   有   天   使   的   翅   膀   峭   壁   的   精   灵   等   雅   称	0	0	0
/opt/gpfs/users/shuai/work/block-conversion-b2/OmniVoice/results_b2_final_gs3p0/seedtts_zh/00004677-00000071.wav	0.0	精 心 伪 装 的 朝 鲜 特 种 兵 还 是 在 一 月 二 十 一 日 晚 八 时 左 右 摸 进 了 汉 城	精   心   伪   装   的   朝   鲜   特   种   兵   还   是   在   一   月   二   十   一   日   晚   八   时   左   右   摸   进   了   汉   城	0	0	0
/opt/gpfs/users/shuai/work/block-conversion-b2/OmniVoice/results_b2_final_gs3p0/seedtts_zh/00004678-00000042.wav	0.0625	既 包 括 进 攻 性 武 器 也 包 括 防 御 性 武 器	呃   既   包   括   进   攻   性   武   器   也   包   括   防   御   性   武   器	1	0	0
/opt/gpfs/users/shuai/work/block-conversion-b2/OmniVoice/results_b2_final_gs3p0/seedtts_zh/00004678-00000017.wav	0.0	就 在 这 时 小 主 人 突 然 翻 身 一 扬 胳 膊 把 杯 子 碰 倒 了	就   在   这   时   小   主   人   突   然   翻   身   一   扬   胳   膊   把   杯   子   碰   倒   了	0	0	0
/opt/gpfs/users/shuai/work/block-conversion-b2/OmniVoice/results_b2_final_gs3p0/seedtts_zh/00004679-00000046.wav	0.15384615384615385	那 一 天 雷 特 维 克 湾 教 堂 为 年 满 十 五 岁 的 男 女 少 年 举 行 坚 信 礼	那   天   雷   特   维   克   湾   教   堂   为   年   满   十   五   岁   的   男   女   少   年   举   行   监   孝	0	2	2
/opt/gpfs/users/shuai/work/block-conversion-b2/OmniVoice/results_b2_final_gs3p0/seedtts_zh/00004679-00000008.wav	0.0	面 对 这 么 大 的 市 场 蛋 糕 铁 路 部 门 似 乎 不 想 轻 易 拱 手 让 人	面   对   这   么   大   的   市   场   蛋   糕   铁   路   部   门   似   乎   不   想   轻   易   拱   手   让   人	0	0	0
/opt/gpfs/users/shuai/work/block-conversion-b2/OmniVoice/results_b2_final_gs3p0/seedtts_zh/00004680-00000116.wav	0.0	国 际 冠 军 杯 北 美 赛 区 迎 来 一 场 英 超 内 战	国   际   冠   军   杯   北   美   赛   区   迎   来   一   场   英   超   内   战	0	0	0
/opt/gpfs/users/shuai/work/block-conversion-b2/OmniVoice/results_b2_final_gs3p0/seedtts_zh/00004680-00000010.wav	0.0	每 一 韵 以 常 用 字 作 为 韵 母 每 个 韵 母 下 的 字 都 是 同 韵 字	每   一   韵   以   常   用   字   作   为   韵   母   每   个   韵   母   下   的   字   都   是   同   韵   字	0	0	0
/opt/gpfs/users/shuai/work/block-conversion-b2/OmniVoice/results_b2_final_gs3p0/seedtts_zh/00004681-00000112.wav	0.045454545454545456	黑 蚂 蚁 在 后 面 大 声 嚷 嚷 黑 蚂 蚁 急 急 忙 忙 去 追 红 蚂 蚁	啊   黑   蚂   蚁   在   后   面   大   声   嚷   嚷   黑   蚂   蚁   急   急   忙   忙   去   追   红   蚂   蚁	1	0	0
/opt/gpfs/users/shuai/work/block-conversion-b2/OmniVoice/results_b2_final_gs3p0/seedtts_zh/00004681-00000062.wav	0.0	海 底 捞 是 一 家 以 优 质 的 服 务 著 称 的 餐 饮 公 司	海   底   捞   是   一   家   以   优   质   的   服   务   著   称   的   餐   饮   公   司	0	0	0
/opt/gpfs/users/shuai/work/block-conversion-b2/OmniVoice/results_b2_final_gs3p0/seedtts_zh/00004683-00000046.wav	0.0	再 看 看 自 己 那 座 没 盖 完 的 高 楼 大 瓦 房 也 早 就 不 见 了 踪 影	再   看   看   自   己   那   座   没   盖   完   的   高   楼   大   瓦   房   也   早   就   不   见   了   踪   影	0	0	0
/opt/gpfs/users/shuai/work/block-conversion-b2/OmniVoice/results_b2_final_gs3p0/seedtts_zh/00004683-00000042.wav	0.0	让 用 户 随 时 随 地 能 够 在 更 庞 大 的 人 群 中 分 享 音 乐 的 乐 趣	让   用   户   随   时   随   地   能   够   在   更   庞   大   的   人   群   中   分   享   音   乐   的   乐   趣	0	0	0
/opt/gpfs/users/shuai/work/block-conversion-b2/OmniVoice/results_b2_final_gs3p0/seedtts_zh/00004684-00000069.wav	0.0	而 后 他 与 初 恋 女 友 相 爱 十 八 年 的 故 事 被 大 众 悉 知	而   后   他   与   初   恋   女   友   相   爱   十   八   年   的   故   事   被   大   众   悉   知	0	0	0
/opt/gpfs/users/shuai/work/block-conversion-b2/OmniVoice/results_b2_final_gs3p0/seedtts_zh/00004684-00000058.wav	0.0	日 本 武 装 移 民 开 拓 团 迁 入 黑 龙 江 省 的 永 丰 镇	日   本   武   装   移   民   开   拓   团   迁   入   黑   龙   江   省   的   永   丰   镇	0	0	0
/opt/gpfs/users/shuai/work/block-conversion-b2/OmniVoice/results_b2_final_gs3p0/seedtts_zh/00004685-00000026.wav	0.0	由 于 个 人 账 户 的 记 账 利 率 直 接 影 响 未 来 养 老 金 到 手 的 多 与 少	由   于   个   人   账   户   的   记   账   利   率   直   接   影   响   未   来   养   老   金   到   手   的   多   与   少	0	0	0
/opt/gpfs/users/shuai/work/block-conversion-b2/OmniVoice/results_b2_final_gs3p0/seedtts_zh/00004685-00000080.wav	0.0	曹 云 金 微 博 刘 云 天 微 博 表 演 相 声 我 爱 看 节 目	曹   云   金   微   博   刘   云   天   微   博   表   演   相   声   我   爱   看   节   目	0	0	0
/opt/gpfs/users/shuai/work/block-conversion-b2/OmniVoice/results_b2_final_gs3p0/seedtts_zh/00004686-00000001.wav	0.0	二 手 车 电 商 平 台 想 要 与 传 统 车 商 抢 车 源 并 不 是 一 件 容 易 的 事	二   手   车   电   商   平   台   想   要   与   传   统   车   商   抢   车   源   并   不   是   一   件   容   易   的   事	0	0	0
/opt/gpfs/users/shuai/work/block-conversion-b2/OmniVoice/results_b2_final_gs3p0/seedtts_zh/00004686-00000021.wav	0.043478260869565216	将 货 物 通 关 时 间 从 原 来 的 九 点 二 个 小 时 缩 短 为 九 分 钟	呃   将   货   物   通   关   时   间   从   原   来   的   九   点   二   个   小   时   缩   短   为   九   分   钟	1	0	0
/opt/gpfs/users/shuai/work/block-conversion-b2/OmniVoice/results_b2_final_gs3p0/seedtts_zh/00004687-00000010.wav	0.0	一 路 上 过 五 关 斩 六 将 总 算 安 全 脱 险 回 到 刘 备 身 边	一   路   上   过   五   关   斩   六   将   总   算   安   全   脱   险   回   到   刘   备   身   边	0	0	0
/opt/gpfs/users/shuai/work/block-conversion-b2/OmniVoice/results_b2_final_gs3p0/seedtts_zh/00004687-00000064.wav	0.041666666666666664	他 不 得 不 骑 在 马 上 颠 簸 赶 路 而 不 能 够 躺 在 床 上 安 详 熟 睡	啊   他   不   得   不   骑   在   马   上   颠   簸   赶   路   而   不   能   够   躺   在   床   上   安   详   熟   睡	1	0	0
/opt/gpfs/users/shuai/work/block-conversion-b2/OmniVoice/results_b2_final_gs3p0/seedtts_zh/00004688-00000118.wav	0.0	不 过 听 罢 汤 姆 一 席 话 后 他 也 认 为 干 犯 罪 的 勾 当 并 不 赖	不   过   听   罢   汤   姆   一   席   话   后   他   也   认   为   干   犯   罪   的   勾   当   并   不   赖	0	0	0
/opt/gpfs/users/shuai/work/block-conversion-b2/OmniVoice/results_b2_final_gs3p0/seedtts_zh/00004688-00000002.wav	0.0	每 辆 院 前 救 护 车 应 当 配 备 医 师 一 名 驾 驶 员 一 名	每   辆   院   前   救   护   车   应   当   配   备   医   师   一   名   驾   驶   员   一   名	0	0	0
/opt/gpfs/users/shuai/work/block-conversion-b2/OmniVoice/results_b2_final_gs3p0/seedtts_zh/00004689-00000082.wav	0.0	曾 启 明 向 审 判 长 吕 美 玲 表 示 我 否 认 犯 罪	曾   启   明   向   审   判   长   吕   美   玲   表   示   我   否   认   犯   罪	0	0	0
/opt/gpfs/users/shuai/work/block-conversion-b2/OmniVoice/results_b2_final_gs3p0/seedtts_zh/00004689-00000013.wav	0.04	她 们 驾 起 五 彩 祥 云 往 下 望 好 生 凄 凉 家 家 断 炊 烟 路 上 少 行 人	他   们   驾   起   五   彩   祥   云   往   下   望   好   生   凄   凉   家   家   断   炊   烟   路   上   少   行   人	0	0	1
/opt/gpfs/users/shuai/work/block-conversion-b2/OmniVoice/results_b2_final_gs3p0/seedtts_zh/00004690-00000074.wav	0.0	法 国 人 不 愿 意 承 认 他 们 老 祖 宗 留 下 来 的 重 要 遗 产 恐 怕 要 丢 了	法   国   人   不   愿   意   承   认   他   们   老   祖   宗   留   下   来   的   重   要   遗   产   恐   怕   要   丢   了	0	0	0
/opt/gpfs/users/shuai/work/block-conversion-b2/OmniVoice/results_b2_final_gs3p0/seedtts_zh/00004690-00000038.wav	0.047619047619047616	水 滚 着 好 像 些 鱼 眼 睛 一 小 块 一 小 块 豆 腐 养 在 里 面	呃   水   滚   着   好   像   些   鱼   眼   睛   一   小   块   一   小   块   豆   腐   养   在   里   面	1	0	0
/opt/gpfs/users/shuai/work/block-conversion-b2/OmniVoice/results_b2_final_gs3p0/seedtts_zh/00004691-00000066.wav	0.0	见 云 峰 傻 愣 愣 看 着 自 己 女 子 轻 轻 问 你 没 有 受 伤 吧	见   云   峰   傻   愣   愣   看   着   自   己   女   子   轻   轻   问   你   没   有   受   伤   吧	0	0	0
/opt/gpfs/users/shuai/work/block-conversion-b2/OmniVoice/results_b2_final_gs3p0/seedtts_zh/00004691-00000054.wav	0.043478260869565216	一 天 晚 上 猪 先 生 全 家 共 进 晚 餐 马 小 姐 恰 好 从 窗 外 经 过	一   天   晚   上   朱   先   生   全   家   共   进   晚   餐   马   小   姐   恰   好   从   窗   外   经   过	0	0	1
/opt/gpfs/users/shuai/work/block-conversion-b2/OmniVoice/results_b2_final_gs3p0/seedtts_zh/00004692-00000012.wav	0.08695652173913043	同 时 身 体 也 虚 弱 到 不 足 以 对 外 来 异 物 产 生 排 斥 和 抗 拒	啊   同   时   身   体   也   虚   弱   到   不   足   以   对   外   来   异   物   产   生   排   斥   和   抗   拒   啊	2	0	0
/opt/gpfs/users/shuai/work/block-conversion-b2/OmniVoice/results_b2_final_gs3p0/seedtts_zh/00004692-00000030.wav	0.05	第 一 代 洛 阳 舰 最 早 是 中 国 海 军 一 艘 远 洋 扫 雷 舰	啊   第   一   代   洛   阳   舰   最   早   是   中   国   海   军   一   艘   远   洋   扫   雷   舰	1	0	0
/opt/gpfs/users/shuai/work/block-conversion-b2/OmniVoice/results_b2_final_gs3p0/seedtts_zh/00004693-00000030.wav	0.3333333333333333	哈 哈 哦 原 来 是 鸟 屎 宫 的 老 丈 呀 失 礼 失 礼 呀	啊   哈   哦   原   来   是   鸟   屎   工   的   老   丈   呀   是   你   是   你   呀	0	0	6
/opt/gpfs/users/shuai/work/block-conversion-b2/OmniVoice/results_b2_final_gs3p0/seedtts_zh/00004693-00000019.wav	0.058823529411764705	我 喜 欢 你 学 富 五 车 我 愿 意 和 土 豪 做 朋 友	啊   我   喜   欢   你   学   富   五   车   我   愿   意   和   土   豪   做   朋   友	1	0	0
/opt/gpfs/users/shuai/work/block-conversion-b2/OmniVoice/results_b2_final_gs3p0/seedtts_zh/00004696-00000015.wav	0.1111111111111111	这 一 下 连 母 熊 都 无 法 使 得 公 熊 安 静 下 来 了	啊   这   一   下   连   母   熊   都   无   法   使   得   公   熊   安   静   下   来   了   嗯	2	0	0
/opt/gpfs/users/shuai/work/block-conversion-b2/OmniVoice/results_b2_final_gs3p0/seedtts_zh/00004696-00000061.wav	0.0	巷 口 邻 居 聊 天 的 声 音 隔 壁 飘 来 的 炒 菜 香	巷   口   邻   居   聊   天   的   声   音   隔   壁   飘   来   的   炒   菜   香	0	0	0
/opt/gpfs/users/shuai/work/block-conversion-b2/OmniVoice/results_b2_final_gs3p0/seedtts_zh/00004697-00000073.wav	0.047619047619047616	并 采 取 实 际 行 动 去 培 训 快 递 员 这 方 面 的 法 律 意 识	啊   并   采   取   实   际   行   动   去   培   训   快   递   员   这   方   面   的   法   律   意   识	1	0	0
/opt/gpfs/users/shuai/work/block-conversion-b2/OmniVoice/results_b2_final_gs3p0/seedtts_zh/00004697-00000048.wav	0.0	他 们 甚 至 恍 恍 惚 惚 地 觉 得 日 不 落 帝 国 的 影 子 若 隐 若 现	他   们   甚   至   恍   恍   惚   惚   地   觉   得   日   不   落   帝   国   的   影   子   若   隐   若   现	0	0	0
/opt/gpfs/users/shuai/work/block-conversion-b2/OmniVoice/results_b2_final_gs3p0/seedtts_zh/00004698-00000074.wav	0.037037037037037035	丝 巾 又 随 着 风 飘 远 了 它 轻 盈 地 飞 呀 飞 不 小 心 被 一 根 树 枝 挂 住 了	丝   巾   又   随   着   风   飘   远   了   它   轻   盈   的   飞   呀   飞   不   小   心   被   一   根   树   枝   挂   住   了	0	0	1
/opt/gpfs/users/shuai/work/block-conversion-b2/OmniVoice/results_b2_final_gs3p0/seedtts_zh/00004698-00000090.wav	0.041666666666666664	经 纪 公 司 董 事 齐 文 森 故 意 泄 露 了 袁 姗 姗 女 主 角 的 定 妆 照	啊   经   纪   公   司   董   事   齐   文   森   故   意   泄   露   了   袁   姗   姗   女   主   角   的   定   妆   照	1	0	0
/opt/gpfs/users/shuai/work/block-conversion-b2/OmniVoice/results_b2_final_gs3p0/seedtts_zh/00004699-00000004.wav	0.0	十 一 月 份 和 十 二 月 份 由 原 来 是 小 月 改 为 大 月	十   一   月   份   和   十   二   月   份   由   原   来   是   小   月   改   为   大   月	0	0	0
/opt/gpfs/users/shuai/work/block-conversion-b2/OmniVoice/results_b2_final_gs3p0/seedtts_zh/00004699-00000035.wav	0.0	嗨 瞧 那 边 的 芦 苇 中 有 几 只 野 鸭 子	嗨   瞧   那   边   的   芦   苇   中   有   几   只   野   鸭   子	0	0	0
/opt/gpfs/users/shuai/work/block-conversion-b2/OmniVoice/results_b2_final_gs3p0/seedtts_zh/00004700-00000048.wav	1.0	跨 年 夜 信 义 商 圈 人 满 为 患 往 外 围 多 走 几 步 呼 吸 比 较 顺 畅	哦	0	23	1
/opt/gpfs/users/shuai/work/block-conversion-b2/OmniVoice/results_b2_final_gs3p0/seedtts_zh/00004700-00000078.wav	0.0	儿 子 媳 妇 工 作 太 忙 也 顾 不 上 管 娃 娃 成 绩 不 咋 地	儿   子   媳   妇   工   作   太   忙   也   顾   不   上   管   娃   娃   成   绩   不   咋   地	0	0	0
/opt/gpfs/users/shuai/work/block-conversion-b2/OmniVoice/results_b2_final_gs3p0/seedtts_zh/00004701-00000016.wav	0.0	他 不 顾 体 弱 多 病 勤 勤 恳 恳 呕 心 沥 血 忘 我 工 作	他   不   顾   体   弱   多   病   勤   勤   恳   恳   呕   心   沥   血   忘   我   工   作	0	0	0
/opt/gpfs/users/shuai/work/block-conversion-b2/OmniVoice/results_b2_final_gs3p0/seedtts_zh/00004701-00000020.wav	0.0	这 些 壮 阳 药 物 均 由 希 特 勒 最 为 信 任 的 医 师 配 制 而 成	这   些   壮   阳   药   物   均   由   希   特   勒   最   为   信   任   的   医   师   配   制   而   成	0	0	0
/opt/gpfs/users/shuai/work/block-conversion-b2/OmniVoice/results_b2_final_gs3p0/seedtts_zh/00004702-00000042.wav	0.1	上 学 第 一 年 期 末 还 考 了 全 年 级 唯 一 的 一 个 双 百	啊   上   学   第   一   年   期   末   还   考   了   全   年   级   唯   一   的   一   个   双   本	1	0	1
/opt/gpfs/users/shuai/work/block-conversion-b2/OmniVoice/results_b2_final_gs3p0/seedtts_zh/00004702-00000065.wav	0.0	一 个 人 生 活 太 顺 畅 就 会 开 始 变 赖 会 想 着 法 子 玩 新 花 样	一   个   人   生   活   太   顺   畅   就   会   开   始   变   赖   会   想   着   法   子   玩   新   花   样	0	0	0
/opt/gpfs/users/shuai/work/block-conversion-b2/OmniVoice/results_b2_final_gs3p0/seedtts_zh/00004703-00000031.wav	0.0	大 门 外 已 经 出 现 了 数 十 名 长 枪 短 炮 的 记 者	大   门   外   已   经   出   现   了   数   十   名   长   枪   短   炮   的   记   者	0	0	0
/opt/gpfs/users/shuai/work/block-conversion-b2/OmniVoice/results_b2_final_gs3p0/seedtts_zh/00004703-00000071.wav	0.0	这 些 花 粉 被 抖 出 来 再 筛 选 一 番 然 后 酿 成 蜜 做 成 蜡	这   些   花   粉   被   抖   出   来   再   筛   选   一   番   然   后   酿   成   蜜   做   成   蜡	0	0	0
/opt/gpfs/users/shuai/work/block-conversion-b2/OmniVoice/results_b2_final_gs3p0/seedtts_zh/00004704-00000097.wav	0.0	我 刚 刚 拿 到 了 两 张 奥 运 会 开 幕 式 的 入 场 券	我   刚   刚   拿   到   了   两   张   奥   运   会   开   幕   式   的   入   场   券	0	0	0
/opt/gpfs/users/shuai/work/block-conversion-b2/OmniVoice/results_b2_final_gs3p0/seedtts_zh/00004704-00000012.wav	0.047619047619047616	你 们 俩 一 个 爬 到 另 一 个 背 上 让 我 摸 摸 你 们 的 脸 吧	啊   你   们   俩   一   个   爬   到   另   一   个   背   上   让   我   摸   摸   你   们   的   脸   吧	1	0	0
/opt/gpfs/users/shuai/work/block-conversion-b2/OmniVoice/results_b2_final_gs3p0/seedtts_zh/00004705-00000092.wav	0.047619047619047616	政 府 开 啥 想 办 法 让 日 本 国 民 有 更 广 泛 的 相 亲 活 动	政   府   开   闸   想   办   法   让   日   本   国   民   有   更   广   泛   的   相   亲   活   动	0	0	1
/opt/gpfs/users/shuai/work/block-conversion-b2/OmniVoice/results_b2_final_gs3p0/seedtts_zh/00004705-00000007.wav	0.0	海 外 华 语 热 升 温 印 尼 华 文 教 育 注 入 新 鲜 血 液	海   外   华   语   热   升   温   印   尼   华   文   教   育   注   入   新   鲜   血   液	0	0	0
/opt/gpfs/users/shuai/work/block-conversion-b2/OmniVoice/results_b2_final_gs3p0/seedtts_zh/00004707-00000107.wav	0.0	国 内 的 网 友 也 在 微 博 和 微 信 上 表 达 他 们 对 此 事 的 看 法	国   内   的   网   友   也   在   微   博   和   微   信   上   表   达   他   们   对   此   事   的   看   法	0	0	0
/opt/gpfs/users/shuai/work/block-conversion-b2/OmniVoice/results_b2_final_gs3p0/seedtts_zh/00004707-00000069.wav	0.045454545454545456	这 篇 作 品 反 映 出 安 徒 生 性 格 中 天 真 而 又 诚 挚 的 一 面	呃   这   篇   作   品   反   映   出   安   徒   生   性   格   中   天   真   而   又   诚   挚   的   一   面	1	0	0
/opt/gpfs/users/shuai/work/block-conversion-b2/OmniVoice/results_b2_final_gs3p0/seedtts_zh/00004708-00000039.wav	0.0	在 西 湾 湖 广 场 和 澳 门 渔 人 码 头 还 有 倒 数 晚 会 和 跨 年 烟 火	在   西   湾   湖   广   场   和   澳   门   渔   人   码   头   还   有   倒   数   晚   会   和   跨   年   烟   火	0	0	0
/opt/gpfs/users/shuai/work/block-conversion-b2/OmniVoice/results_b2_final_gs3p0/seedtts_zh/00004708-00000067.wav	0.0	至 于 什 么 石 梅 湾 香 水 湾 之 类 的 那 都 距 离 特 别 远	至   于   什   么   石   梅   湾   香   水   湾   之   类   的   那   都   距   离   特   别   远	0	0	0
/opt/gpfs/users/shuai/work/block-conversion-b2/OmniVoice/results_b2_final_gs3p0/seedtts_zh/00004709-00000069.wav	0.0	也 请 广 大 网 友 为 广 东 文 化 建 设 当 好 参 谋 多 出 良 策	也   请   广   大   网   友   为   广   东   文   化   建   设   当   好   参   谋   多   出   良   策	0	0	0
/opt/gpfs/users/shuai/work/block-conversion-b2/OmniVoice/results_b2_final_gs3p0/seedtts_zh/00004709-00000046.wav	0.0	在 这 充 满 神 秘 色 彩 的 地 方 经 历 过 多 次 危 险 而 勇 敢 的 冒 险	在   这   充   满   神   秘   色   彩   的   地   方   经   历   过   多   次   危   险   而   勇   敢   的   冒   险	0	0	0
/opt/gpfs/users/shuai/work/block-conversion-b2/OmniVoice/results_b2_final_gs3p0/seedtts_zh/00004710-00000091.wav	0.05555555555555555	是 个 语 气 助 词 为 了 让 自 己 说 话 显 得 更 可 爱	啊   是   个   语   气   助   词   为   了   让   自   己   说   话   显   得   更   可   爱	1	0	0
/opt/gpfs/users/shuai/work/block-conversion-b2/OmniVoice/results_b2_final_gs3p0/seedtts_zh/00004710-00000120.wav	0.05263157894736842	普 京 总 有 我 完 美 退 休 之 日 但 我 目 前 仍 是 总 统	啊   普   京   总   有   我   完   美   退   休   之   日   但   我   目   前   仍   是   总   统	1	0	0
/opt/gpfs/users/shuai/work/block-conversion-b2/OmniVoice/results_b2_final_gs3p0/seedtts_zh/00004711-00000002.wav	0.0	那 份 职 位 是 我 的 不 客 气 你 很 有 礼 貌	那   份   职   位   是   我   的   不   客   气   你   很   有   礼   貌	0	0	0
/opt/gpfs/users/shuai/work/block-conversion-b2/OmniVoice/results_b2_final_gs3p0/seedtts_zh/00004711-00000003.wav	0.07142857142857142	市 委 常 委 常 务 副 市 长 熊 永 强 主 持	呃   市   委   常   委   常   务   副   市   长   熊   永   强   主   持	1	0	0
/opt/gpfs/users/shuai/work/block-conversion-b2/OmniVoice/results_b2_final_gs3p0/seedtts_zh/00004712-00000016.wav	0.041666666666666664	毛 群 安 强 调 警 务 工 作 站 的 设 立 不 能 替 代 医 患 之 间 的 沟 通	啊   毛   群   安   强   调   警   务   工   作   站   的   设   立   不   能   替   代   医   患   之   间   的   沟   通	1	0	0
/opt/gpfs/users/shuai/work/block-conversion-b2/OmniVoice/results_b2_final_gs3p0/seedtts_zh/00004712-00000114.wav	0.0	口 渴 严 重 与 否 也 不 能 作 为 糖 尿 病 严 重 与 否 的 判 断 指 标	口   渴   严   重   与   否   也   不   能   作   为   糖   尿   病   严   重   与   否   的   判   断   指   标	0	0	0
/opt/gpfs/users/shuai/work/block-conversion-b2/OmniVoice/results_b2_final_gs3p0/seedtts_zh/00004713-00000099.wav	0.0	一 组 上 海 阿 姨 制 止 车 厢 内 乘 客 吐 痰 的 图 片 获 得 大 量 转 发	一   组   上   海   阿   姨   制   止   车   厢   内   乘   客   吐   痰   的   图   片   获   得   大   量   转   发	0	0	0
/opt/gpfs/users/shuai/work/block-conversion-b2/OmniVoice/results_b2_final_gs3p0/seedtts_zh/00004713-00000110.wav	0.0625	哦 太 深 奥 了 野 鸭 问 单 孔 类 是 哪 一 类 呢	哦   太   深   奥   了   野   鸭   问   单   孔   类   是   哪   一   类   呢   嗯	1	0	0
/opt/gpfs/users/shuai/work/block-conversion-b2/OmniVoice/results_b2_final_gs3p0/seedtts_zh/00004714-00000022.wav	0.04	同 业 公 会 最 年 长 的 成 员 总 要 上 台 去 讲 一 番 台 子 上 挂 着 招 牌	同   业   工   会   最   年   长   的   成   员   总   要   上   台   去   讲   一   番   台   子   上   挂   着   招   牌	0	0	1
/opt/gpfs/users/shuai/work/block-conversion-b2/OmniVoice/results_b2_final_gs3p0/seedtts_zh/00004714-00000086.wav	0.0	或 许 你 可 以 在 下 次 打 球 以 前 到 练 习 场 改 正 过 来	或   许   你   可   以   在   下   次   打   球   以   前   到   练   习   场   改   正   过   来	0	0	0
/opt/gpfs/users/shuai/work/block-conversion-b2/OmniVoice/results_b2_final_gs3p0/seedtts_zh/00004715-00000052.wav	0.0	在 今 年 早 些 时 候 上 海 体 院 与 一 些 社 会 团 体 和 企 业 有 过 接 触	在   今   年   早   些   时   候   上   海   体   院   与   一   些   社   会   团   体   和   企   业   有   过   接   触	0	0	0
/opt/gpfs/users/shuai/work/block-conversion-b2/OmniVoice/results_b2_final_gs3p0/seedtts_zh/00004715-00000009.wav	0.0	乌 龟 邮 递 员 连 忙 道 歉 说 真 是 对 不 起 我 送 晚 了	乌   龟   邮   递   员   连   忙   道   歉   说   真   是   对   不   起   我   送   晚   了	0	0	0
/opt/gpfs/users/shuai/work/block-conversion-b2/OmniVoice/results_b2_final_gs3p0/seedtts_zh/00004716-00000006.wav	0.05555555555555555	将 在 儿 子 完 成 现 阶 段 学 业 后 搬 到 白 宫 居 住	啊   将   在   儿   子   完   成   现   阶   段   学   业   后   搬   到   白   宫   居   住	1	0	0
/opt/gpfs/users/shuai/work/block-conversion-b2/OmniVoice/results_b2_final_gs3p0/seedtts_zh/00004716-00000042.wav	0.1111111111111111	我 的 香 味 会 从 长 有 苔 藓 的 石 头 旁 缓 缓 飘 出	哇   我   的   香   味   会   从   常   有   苔   藓   的   石   头   旁   缓   缓   飘   出	1	0	1
/opt/gpfs/users/shuai/work/block-conversion-b2/OmniVoice/results_b2_final_gs3p0/seedtts_zh/00004717-00000074.wav	0.07142857142857142	然 后 有 几 个 人 是 如 何 乘 小 艇 经 过	啊   然   后   有   几   个   人   是   如   何   乘   小   艇   经   过	1	0	0
/opt/gpfs/users/shuai/work/block-conversion-b2/OmniVoice/results_b2_final_gs3p0/seedtts_zh/00004717-00000081.wav	0.0	第 三 是 烤 鸭 缺 斤 短 两 暖 暖 也 越 来 越 逆 反 了	第   三   是   烤   鸭   缺   斤   短   两   暖   暖   也   越   来   越   逆   反   了	0	0	0
/opt/gpfs/users/shuai/work/block-conversion-b2/OmniVoice/results_b2_final_gs3p0/seedtts_zh/00004718-00000103.wav	0.1	几 分 钟 后 学 前 三 班 王 桂 玉 老 师 发 现 有 学 生 坠 楼	呃   几   分   钟   后   学   前   三   班   王   桂   玉   老   师   发   现   有   学   生   坠   楼   啊	2	0	0
/opt/gpfs/users/shuai/work/block-conversion-b2/OmniVoice/results_b2_final_gs3p0/seedtts_zh/00004718-00000038.wav	0.13636363636363635	我 正 想 与 你 较 量 较 量 看 看 这 林 中 乐 士 归 谁 所 有 接 招	我   我   正   想   与   你   较   量   较   量   看   看   这   林   中   乐   事   归   谁   所   有   接   招   嗯	2	0	1
/opt/gpfs/users/shuai/work/block-conversion-b2/OmniVoice/results_b2_final_gs3p0/seedtts_zh/00004719-00000119.wav	0.0	镇 江 以 四 万 一 千 七 百 九 十 四 元 位 居 江 苏 第 五 位	镇   江   以   四   万   一   千   七   百   九   十   四   元   位   居   江   苏   第   五   位	0	0	0
/opt/gpfs/users/shuai/work/block-conversion-b2/OmniVoice/results_b2_final_gs3p0/seedtts_zh/00004719-00000076.wav	0.03333333333333333	当 时 中 国 将 中 海 油 九 百 八 十 一 号 钻 油 台 运 送 到 西 沙 群 岛 一 带 海 域 钻 探	呃   当   时   中   国   将   中   海   油   九   百   八   十   一   号   钻   油   台   运   送   到   西   沙   群   岛   一   带   海   域   钻   探	1	0	0
/opt/gpfs/users/shuai/work/block-conversion-b2/OmniVoice/results_b2_final_gs3p0/seedtts_zh/00004720-00000048.wav	0.0	好 啦 咱 们 握 握 手 吧 你 们 的 手 可 以 从 窗 户 缝 中 伸 进 来	好   啦   咱   们   握   握   手   吧   你   们   的   手   可   以   从   窗   户   缝   中   伸   进   来	0	0	0
/opt/gpfs/users/shuai/work/block-conversion-b2/OmniVoice/results_b2_final_gs3p0/seedtts_zh/00004720-00000115.wav	0.0	根 据 二 零 一 七 年 初 上 海 市 国 资 委 党 委 二 零 一 七 年 工 作 要 点 来 看	根   据   二   零   一   七   年   初   上   海   市   国   资   委   党   委   二   零   一   七   年   工   作   要   点   来   看	0	0	0
/opt/gpfs/users/shuai/work/block-conversion-b2/OmniVoice/results_b2_final_gs3p0/seedtts_zh/00004721-00000034.wav	0.0	当 时 天 黑 没 人 想 到 问 一 问 人 是 否 全 到 齐 了	当   时   天   黑   没   人   想   到   问   一   问   人   是   否   全   到   齐   了	0	0	0
/opt/gpfs/users/shuai/work/block-conversion-b2/OmniVoice/results_b2_final_gs3p0/seedtts_zh/00004721-00000118.wav	0.05263157894736842	不 足 二 十 平 的 卧 室 月 租 金 就 早 已 超 过 两 千 元	呃   不   足   二   十   平   的   卧   室   月   租   金   就   早   已   超   过   两   千   元	1	0	0
/opt/gpfs/users/shuai/work/block-conversion-b2/OmniVoice/results_b2_final_gs3p0/seedtts_zh/00004722-00000079.wav	0.0	上 帝 造 完 所 有 的 动 物 后 挑 了 狼 做 他 的 狗 却 单 单 忘 了 造 山 羊	上   帝   造   完   所   有   的   动   物   后   挑   了   狼   做   他   的   狗   却   单   单   忘   了   造   山   羊	0	0	0
/opt/gpfs/users/shuai/work/block-conversion-b2/OmniVoice/results_b2_final_gs3p0/seedtts_zh/00004722-00000087.wav	0.058823529411764705	这 是 灭 蚊 灯 蚊 子 就 被 这 灯 光 引 来 真 好 玩	啊   这   是   灭   蚊   灯   蚊   子   就   被   这   灯   光   引   来   真   好   玩	1	0	0
/opt/gpfs/users/shuai/work/block-conversion-b2/OmniVoice/results_b2_final_gs3p0/seedtts_zh/00004723-00000025.wav	0.04	她 回 家 前 还 曾 在 路 边 抽 烟 后 来 发 现 记 者 踪 影 马 上 拔 足 狂 奔	他   回   家   前   还   曾   在   路   边   抽   烟   后   来   发   现   记   者   踪   影   马   上   拔   足   狂   奔	0	0	1
/opt/gpfs/users/shuai/work/block-conversion-b2/OmniVoice/results_b2_final_gs3p0/seedtts_zh/00004723-00000007.wav	0.0	老 太 太 青 面 獠 牙 姑 娘 一 见 心 惊 胆 战 打 算 赶 快 逃 走	老   太   太   青   面   獠   牙   姑   娘   一   见   心   惊   胆   战   打   算   赶   快   逃   走	0	0	0
/opt/gpfs/users/shuai/work/block-conversion-b2/OmniVoice/results_b2_final_gs3p0/seedtts_zh/00004724-00000036.wav	0.045454545454545456	攀 爬 上 官 场 高 位 后 开 始 给 家 里 的 各 种 亲 戚 安 排 工 作	啊   攀   爬   上   官   场   高   位   后   开   始   给   家   里   的   各   种   亲   戚   安   排   工   作	1	0	0
/opt/gpfs/users/shuai/work/block-conversion-b2/OmniVoice/results_b2_final_gs3p0/seedtts_zh/00004724-00000058.wav	0.08	为 什 么 这 位 阔 气 的 先 生 肯 请 佃 农 夫 妇 住 到 自 己 的 宅 邸 里 去	啊   为   什   么   这   位   阔   气   的   先   生   恳   请   佃   农   夫   妇   住   到   自   己   的   宅   邸   里   去	1	0	1
/opt/gpfs/users/shuai/work/block-conversion-b2/OmniVoice/results_b2_final_gs3p0/seedtts_zh/00004725-00000067.wav	0.07407407407407407	似 乎 科 琳 完 成 的 这 身 午 夜 蓝 套 裙 与 旧 时 代 的 职 业 女 性 并 无 分 别	似   乎   柯   林   完   成   的   这   身   午   夜   蓝   套   裙   与   旧   时   代   的   职   业   女   性   并   无   分   别	0	0	2
/opt/gpfs/users/shuai/work/block-conversion-b2/OmniVoice/results_b2_final_gs3p0/seedtts_zh/00004725-00000046.wav	0.0	雪 孩 子 紧 紧 把 它 攥 在 手 里 好 像 攥 着 自 己 的 生 命 一 样	雪   孩   子   紧   紧   把   它   攥   在   手   里   好   像   攥   着   自   己   的   生   命   一   样	0	0	0
/opt/gpfs/users/shuai/work/block-conversion-b2/OmniVoice/results_b2_final_gs3p0/seedtts_zh/00004726-00000103.wav	0.038461538461538464	但 是 当 小 人 越 叫 越 惨 时 她 就 快 步 跑 上 去 把 搏 斗 的 双 方 分 开 了	但   是   当   小   人   越   叫   越   惨   时   他   就   快   步   跑   上   去   把   搏   斗   的   双   方   分   开   了	0	0	1
/opt/gpfs/users/shuai/work/block-conversion-b2/OmniVoice/results_b2_final_gs3p0/seedtts_zh/00004726-00000088.wav	0.037037037037037035	美 太 平 洋 司 令 部 司 令 哈 里 斯 上 周 三 在 澳 大 利 亚 布 里 斯 班 演 讲 称	美   太   平   洋   司   令   部   司   令   哈   里   斯   上   周   三   在   澳   大   利   亚   布   里   斯   班   演   讲	0	1	0
/opt/gpfs/users/shuai/work/block-conversion-b2/OmniVoice/results_b2_final_gs3p0/seedtts_zh/00004727-00000104.wav	0.14285714285714285	这 差 事 真 美 妙 就 是 真 正 有 用 的 了	啊   这   差   是   真   美   妙   就   是   真   正   有   用   的   了	1	0	1
/opt/gpfs/users/shuai/work/block-conversion-b2/OmniVoice/results_b2_final_gs3p0/seedtts_zh/00004727-00000071.wav	0.0	但 为 此 案 给 韩 国 民 众 带 来 烦 扰 而 道 歉	但   为   此   案   给   韩   国   民   众   带   来   烦   扰   而   道   歉	0	0	0
/opt/gpfs/users/shuai/work/block-conversion-b2/OmniVoice/results_b2_final_gs3p0/seedtts_zh/00004728-00000047.wav	0.09523809523809523	小 朋 友 送 上 一 张 爱 心 卡 就 可 以 领 养 一 只 小 狗 回 家	哦   小   朋   友   送   上   一   张   爱   心   卡   就   可   以   领   养   一   只   小   狗   回	1	1	0
/opt/gpfs/users/shuai/work/block-conversion-b2/OmniVoice/results_b2_final_gs3p0/seedtts_zh/00004728-00000037.wav	0.0	我 碰 到 水 就 会 坏 掉 我 没 有 任 何 宗 教 信 仰	我   碰   到   水   就   会   坏   掉   我   没   有   任   何   宗   教   信   仰	0	0	0
/opt/gpfs/users/shuai/work/block-conversion-b2/OmniVoice/results_b2_final_gs3p0/seedtts_zh/00004729-00000108.wav	0.0	拧 开 直 饮 水 水 龙 头 可 直 接 饮 用 价 格 明 显 低 于 桶 装 水	拧   开   直   饮   水   水   龙   头   可   直   接   饮   用   价   格   明   显   低   于   桶   装   水	0	0	0
/opt/gpfs/users/shuai/work/block-conversion-b2/OmniVoice/results_b2_final_gs3p0/seedtts_zh/00004729-00000078.wav	0.045454545454545456	由 月 华 二 号 的 声 音 立 即 强 行 侵 入 眼 前 的 圆 球 机 器 人	哦   由   月   华   二   号   的   声   音   立   即   强   行   侵   入   眼   前   的   圆   球   机   器   人	1	0	0
/opt/gpfs/users/shuai/work/block-conversion-b2/OmniVoice/results_b2_final_gs3p0/seedtts_zh/00004730-00000074.wav	0.045454545454545456	清 明 节 是 中 国 的 传 统 节 日 但 这 天 中 国 人 要 祭 奠 死 者	哦   清   明   节   是   中   国   的   传   统   节   日   但   这   天   中   国   人   要   祭   奠   死   者	1	0	0
/opt/gpfs/users/shuai/work/block-conversion-b2/OmniVoice/results_b2_final_gs3p0/seedtts_zh/00004730-00000068.wav	0.0	然 而 急 流 照 样 奔 腾 向 前 在 梯 级 的 边 沿 形 成 瀑 布 跌 宕 而 下	然   而   急   流   照   样   奔   腾   向   前   在   梯   级   的   边   沿   形   成   瀑   布   跌   宕   而   下	0	0	0
/opt/gpfs/users/shuai/work/block-conversion-b2/OmniVoice/results_b2_final_gs3p0/seedtts_zh/00004731-00000059.wav	0.047619047619047616	对 全 党 全 国 各 族 人 民 都 是 一 个 极 大 的 警 醒 和 教 育	呃   对   全   党   全   国   各   族   人   民   都   是   一   个   极   大   的   警   醒   和   教   育	1	0	0
/opt/gpfs/users/shuai/work/block-conversion-b2/OmniVoice/results_b2_final_gs3p0/seedtts_zh/00004731-00000081.wav	0.041666666666666664	随 着 人 们 对 渔 业 及 海 底 资 源 等 海 洋 资 源 的 意 识 不 断 提 高	呃   随   着   人   们   对   渔   业   及   海   底   资   源   等   海   洋   资   源   的   意   识   不   断   提   高	1	0	0
/opt/gpfs/users/shuai/work/block-conversion-b2/OmniVoice/results_b2_final_gs3p0/seedtts_zh/00004732-00000034.wav	0.045454545454545456	一 军 团 就 开 始 一 个 大 迂 回 就 从 外 线 迂 回 往 南 线 迂 回	啊   一   军   团   就   开   始   一   个   大   迂   回   就   从   外   线   迂   回   往   南   线   迂   回	1	0	0
/opt/gpfs/users/shuai/work/block-conversion-b2/OmniVoice/results_b2_final_gs3p0/seedtts_zh/00004732-00000005.wav	0.058823529411764705	星 期 天 早 上 九 点 钟 一 定 要 到 达 体 育 馆 哦	啊   星   期   天   早   上   九   点   钟   一   定   要   到   达   体   育   馆   哦	1	0	0
/opt/gpfs/users/shuai/work/block-conversion-b2/OmniVoice/results_b2_final_gs3p0/seedtts_zh/00004733-00000094.wav	0.04	孩 子 们 光 顾 你 争 我 抢 没 有 注 意 到 教 室 里 突 然 变 得 鸦 雀 无 声	啊   孩   子   们   光   顾   你   争   我   抢   没   有   注   意   到   教   室   里   突   然   变   得   鸦   雀   无   声	1	0	0
/opt/gpfs/users/shuai/work/block-conversion-b2/OmniVoice/results_b2_final_gs3p0/seedtts_zh/00004733-00000051.wav	0.037037037037037035	兔 宝 宝 经 常 去 泉 眼 井 边 照 影 子 在 这 个 镜 子 前 做 各 种 动 作 很 开 心	啊   兔   宝   宝   经   常   去   泉   眼   井   边   照   影   子   在   这   个   镜   子   前   做   各   种   动   作   很   开   心	1	0	0
/opt/gpfs/users/shuai/work/block-conversion-b2/OmniVoice/results_b2_final_gs3p0/seedtts_zh/00004734-00000015.wav	0.0	一 群 鸟 听 到 了 来 帮 他 们 排 忧 解 难	一   群   鸟   听   到   了   来   帮   他   们   排   忧   解   难	0	0	0
/opt/gpfs/users/shuai/work/block-conversion-b2/OmniVoice/results_b2_final_gs3p0/seedtts_zh/00004734-00000104.wav	0.0	他 们 与 罗 马 尼 亚 签 下 了 一 份 为 期 五 年 的 长 约	他   们   与   罗   马   尼   亚   签   下   了   一   份   为   期   五   年   的   长   约	0	0	0
/opt/gpfs/users/shuai/work/block-conversion-b2/OmniVoice/results_b2_final_gs3p0/seedtts_zh/00004735-00000099.wav	0.0	被 遗 忘 在 在 了 开 元 路 青 年 路 口 的 一 个 石 凳 子	被   遗   忘   在   在   了   开   元   路   青   年   路   口   的   一   个   石   凳   子	0	0	0
/opt/gpfs/users/shuai/work/block-conversion-b2/OmniVoice/results_b2_final_gs3p0/seedtts_zh/00004735-00000068.wav	0.0625	哈 克 问 他 们 头 上 缠 粗 麻 布 抹 着 灰 干 嘛	哈   克   问   他   们   头   上   缠   出   麻   布   抹   着   灰   干   嘛	0	0	1
/opt/gpfs/users/shuai/work/block-conversion-b2/OmniVoice/results_b2_final_gs3p0/seedtts_zh/00004736-00000054.wav	0.0625	惊 雷 如 潮 震 耳 欲 聋 惊 魂 夺 魄 难 以 言 状	呃   惊   雷   如   潮   震   耳   欲   聋   惊   魂   夺   魄   难   以   言   状	1	0	0
/opt/gpfs/users/shuai/work/block-conversion-b2/OmniVoice/results_b2_final_gs3p0/seedtts_zh/00004736-00000117.wav	0.0625	我 吃 了 点 燕 麦 片 煎 鸡 蛋 还 喝 了 点 橙 汁	呃   我   吃   了   点   燕   麦   片   煎   鸡   蛋   还   喝   了   点   橙   汁	1	0	0
/opt/gpfs/users/shuai/work/block-conversion-b2/OmniVoice/results_b2_final_gs3p0/seedtts_zh/00004737-00000055.wav	0.0	这 么 说 来 这 就 是 二 十 六 年 前 抗 日 健 儿 和 日 寇 浴 血 搏 杀 的 战 场	这   么   说   来   这   就   是   二   十   六   年   前   抗   日   健   儿   和   日   寇   浴   血   搏   杀   的   战   场	0	0	0
/opt/gpfs/users/shuai/work/block-conversion-b2/OmniVoice/results_b2_final_gs3p0/seedtts_zh/00004737-00000066.wav	0.0	农 业 生 产 与 二 十 四 节 气 的 密 切 关 系 是 原 因 之 一	农   业   生   产   与   二   十   四   节   气   的   密   切   关   系   是   原   因   之   一	0	0	0
/opt/gpfs/users/shuai/work/block-conversion-b2/OmniVoice/results_b2_final_gs3p0/seedtts_zh/00004738-00000056.wav	0.09523809523809523	那 松 弛 的 肌 肉 在 她 的 手 中 如 同 棉 花 一 样 软 弱 无 力	啊   那   松   弛   的   肌   肉   在   他   的   手   中   如   同   棉   花   一   样   软   弱   无   力	1	0	1
/opt/gpfs/users/shuai/work/block-conversion-b2/OmniVoice/results_b2_final_gs3p0/seedtts_zh/00004738-00000024.wav	0.0	国 际 奥 会 官 员 回 应 孙 杨 被 辱 事 件 望 运 动 员 彼 此 尊 重	国   际   奥   会   官   员   回   应   孙   杨   被   辱   事   件   望   运   动   员   彼   此   尊   重	0	0	0
/opt/gpfs/users/shuai/work/block-conversion-b2/OmniVoice/results_b2_final_gs3p0/seedtts_zh/00004739-00000028.wav	0.043478260869565216	金 庸 和 琼 瑶 的 作 品 曾 稳 占 影 视 剧 改 编 界 多 年 屹 立 不 倒	金   庸   和   琼   瑶   的   作   品   曾   稳   战   影   视   剧   改   编   界   多   年   屹   立   不   倒	0	0	1
/opt/gpfs/users/shuai/work/block-conversion-b2/OmniVoice/results_b2_final_gs3p0/seedtts_zh/00004739-00000079.wav	0.043478260869565216	维 尔 威 国 王 是 个 极 其 固 执 的 国 王 屡 战 屡 败 却 屡 败 屡 战	威   尔   威   国   王   是   个   极   其   固   执   的   国   王   屡   战   屡   败   却   屡   败   屡   战	0	0	1
/opt/gpfs/users/shuai/work/block-conversion-b2/OmniVoice/results_b2_final_gs3p0/seedtts_zh/00004740-00000061.wav	0.045454545454545456	眨 眼 工 夫 几 个 混 混 亮 明 警 察 身 份 一 瞬 间 将 张 某 制 服	眨   眼   功   夫   几   个   混   混   亮   明   警   察   身   份   一   瞬   间   将   张   某   制   服	0	0	1
/opt/gpfs/users/shuai/work/block-conversion-b2/OmniVoice/results_b2_final_gs3p0/seedtts_zh/00004740-00000017.wav	0.05	相 反 的 井 底 之 蛙 以 井 观 天 以 为 望 出 去 就 是 世 界	啊   相   反   的   井   底   之   蛙   以   井   观   天   以   为   望   出   去   就   是   世   界	1	0	0
/opt/gpfs/users/shuai/work/block-conversion-b2/OmniVoice/results_b2_final_gs3p0/seedtts_zh/00004741-00000044.wav	0.08695652173913043	胡 萝 卜 凉 拌 或 炒 鸡 蛋 味 道 都 是 棒 极 的 胡 萝 卜 骄 傲 地 说	啊   胡   萝   卜   凉   拌   或   炒   鸡   蛋   味   道   都   是   棒   极   的   胡   萝   卜   骄   傲   的   说	1	0	1
/opt/gpfs/users/shuai/work/block-conversion-b2/OmniVoice/results_b2_final_gs3p0/seedtts_zh/00004741-00000082.wav	0.058823529411764705	真 是 个 浪 漫 的 邂 逅 可 以 说 是 英 雄 救 美 了	啊   真   是   个   浪   漫   的   邂   逅   可   以   说   是   英   雄   救   美   了	1	0	0
/opt/gpfs/users/shuai/work/block-conversion-b2/OmniVoice/results_b2_final_gs3p0/seedtts_zh/00004742-00000088.wav	0.0	李 雪 辉 将 钱 用 茶 叶 包 装 盒 包 好 放 进 塑 胶 桶 装 上 石 灰 用 砖 块 压 着	李   雪   辉   将   钱   用   茶   叶   包   装   盒   包   好   放   进   塑   胶   桶   装   上   石   灰   用   砖   块   压   着	0	0	0
/opt/gpfs/users/shuai/work/block-conversion-b2/OmniVoice/results_b2_final_gs3p0/seedtts_zh/00004742-00000035.wav	0.038461538461538464	打 柴 人 把 银 子 拿 去 买 砖 瓦 了 拿 去 雇 木 瓦 匠 了 又 拿 去 买 木 料 了	打   柴   人   把   银   子   拿   去   买   砖   瓦   了   拿   去   固   木   瓦   匠   了   又   拿   去   买   木   料   了	0	0	1
/opt/gpfs/users/shuai/work/block-conversion-b2/OmniVoice/results_b2_final_gs3p0/seedtts_zh/00004743-00000012.wav	0.0	毛 泽 东 沁 园 春 中 有 两 句 词 秦 皇 汉 武 略 输 文 采	毛   泽   东   沁   园   春   中   有   两   句   词   秦   皇   汉   武   略   输   文   采	0	0	0
/opt/gpfs/users/shuai/work/block-conversion-b2/OmniVoice/results_b2_final_gs3p0/seedtts_zh/00004743-00000045.wav	0.0	因 为 事 实 上 他 身 高 并 没 有 二 十 五 英 尺 甚 至 远 远 挨 不 上 这 个 边	因   为   事   实   上   他   身   高   并   没   有   二   十   五   英   尺   甚   至   远   远   挨   不   上   这   个   边	0	0	0
/opt/gpfs/users/shuai/work/block-conversion-b2/OmniVoice/results_b2_final_gs3p0/seedtts_zh/00004744-00000078.wav	0.0	垃 圾 食 品 油 脂 含 量 又 高 不 过 还 有 另 外 一 个 原 因	垃   圾   食   品   油   脂   含   量   又   高   不   过   还   有   另   外   一   个   原   因	0	0	0
/opt/gpfs/users/shuai/work/block-conversion-b2/OmniVoice/results_b2_final_gs3p0/seedtts_zh/00004744-00000117.wav	0.0	而 与 此 同 时 他 却 又 那 么 身 强 力 壮 勇 敢 豪 爽	而   与   此   同   时   他   却   又   那   么   身   强   力   壮   勇   敢   豪   爽	0	0	0
/opt/gpfs/users/shuai/work/block-conversion-b2/OmniVoice/results_b2_final_gs3p0/seedtts_zh/00004745-00000054.wav	0.041666666666666664	于 五 月 四 日 安 排 周 某 将 杨 某 某 写 好 的 道 歉 词 发 到 微 博 上	呃   于   五   月   四   日   安   排   周   某   将   杨   某   某   写   好   的   道   歉   词   发   到   微   博   上	1	0	0
/opt/gpfs/users/shuai/work/block-conversion-b2/OmniVoice/results_b2_final_gs3p0/seedtts_zh/00004745-00000020.wav	0.03333333333333333	调 整 海 外 购 买 住 宅 征 收 额 外 印 花 税 率 从 百 分 之 三 调 整 到 百 分 之 七 而 言	啊   调   整   海   外   购   买   住   宅   征   收   额   外   印   花   税   率   从   百   分   之   三   调   整   到   百   分   之   七   而   言	1	0	0
/opt/gpfs/users/shuai/work/block-conversion-b2/OmniVoice/results_b2_final_gs3p0/seedtts_zh/00004746-00000115.wav	0.045454545454545456	创 办 三 资 企 业 三 百 户 力 争 外 贸 出 口 总 值 达 五 亿 美 元	呃   创   办   三   资   企   业   三   百   户   力   争   外   贸   出   口   总   值   达   五   亿   美   元	1	0	0
/opt/gpfs/users/shuai/work/block-conversion-b2/OmniVoice/results_b2_final_gs3p0/seedtts_zh/00004746-00000106.wav	0.0	之 前 这 艘 船 也 曾 被 用 来 监 视 印 美 海 上 演 习	之   前   这   艘   船   也   曾   被   用   来   监   视   印   美   海   上   演   习	0	0	0
/opt/gpfs/users/shuai/work/block-conversion-b2/OmniVoice/results_b2_final_gs3p0/seedtts_zh/00004747-00000109.wav	0.1111111111111111	在 此 之 后 他 又 玩 了 四 五 次 每 次 劲 过 去 之 后	呃   在   此   之   后   他   又   玩   了   四   五   次   每   次   进   过   去   之   后	1	0	1
/opt/gpfs/users/shuai/work/block-conversion-b2/OmniVoice/results_b2_final_gs3p0/seedtts_zh/00004747-00000042.wav	0.045454545454545456	这 对 广 大 的 单 身 汪 朋 友 们 难 道 不 是 赤 裸 裸 的 伤 害 吗	啊   这   对   广   大   的   单   身   汪   朋   友   们   难   道   不   是   赤   裸   裸   的   伤   害   吗	1	0	0
/opt/gpfs/users/shuai/work/block-conversion-b2/OmniVoice/results_b2_final_gs3p0/seedtts_zh/00004748-00000033.wav	0.0	相 比 较 而 言 象 尾 又 短 又 细 是 大 象 身 体 最 薄 弱 的 部 位	相   比   较   而   言   象   尾   又   短   又   细   是   大   象   身   体   最   薄   弱   的   部   位	0	0	0
/opt/gpfs/users/shuai/work/block-conversion-b2/OmniVoice/results_b2_final_gs3p0/seedtts_zh/00004748-00000057.wav	0.058823529411764705	雷 特 维 克 湾 所 有 的 陆 地 都 埋 在 积 雪 底 下	把   雷   特   维   克   湾   所   有   的   陆   地   都   埋   在   积   雪   底   下	1	0	0
/opt/gpfs/users/shuai/work/block-conversion-b2/OmniVoice/results_b2_final_gs3p0/seedtts_zh/00004749-00000045.wav	0.041666666666666664	天 空 忽 然 飘 起 了 蒙 蒙 细 雨 北 川 老 县 城 笼 罩 在 一 片 雾 霭 里	啊   天   空   忽   然   飘   起   了   蒙   蒙   细   雨   北   川   老   县   城   笼   罩   在   一   片   雾   霭   里	1	0	0
/opt/gpfs/users/shuai/work/block-conversion-b2/OmniVoice/results_b2_final_gs3p0/seedtts_zh/00004749-00000099.wav	0.0625	嗨 是 你 呀 还 有 点 印 象 你 们 找 我 干 什 么	哎   嗨   是   你   呀   还   有   点   印   象   你   们   找   我   干   什   么	1	0	0
/opt/gpfs/users/shuai/work/block-conversion-b2/OmniVoice/results_b2_final_gs3p0/seedtts_zh/00004750-00000109.wav	0.0	我 们 希 望 无 论 旅 行 到 世 界 上 哪 个 角 落	我   们   希   望   无   论   旅   行   到   世   界   上   哪   个   角   落	0	0	0
/opt/gpfs/users/shuai/work/block-conversion-b2/OmniVoice/results_b2_final_gs3p0/seedtts_zh/00004750-00000096.wav	0.09090909090909091	本 月 共 有 一 百 三 十 二 家 银 行 提 供 九 点 五 折 优 惠 利 率	啊   本   月   共   有   一   百   三   十   二   家   银   行   提   供   九   点   五   折   优   惠   利	1	1	0
/opt/gpfs/users/shuai/work/block-conversion-b2/OmniVoice/results_b2_final_gs3p0/seedtts_zh/00004751-00000023.wav	0.04	从 腰 部 开 始 弯 曲 上 身 与 下 身 都 向 上 翘 起 双 脚 与 头 基 本 等 高	啊   从   腰   部   开   始   弯   曲   上   身   与   下   身   都   向   上   翘   起   双   脚   与   头   基   本   等   高	1	0	0
/opt/gpfs/users/shuai/work/block-conversion-b2/OmniVoice/results_b2_final_gs3p0/seedtts_zh/00004751-00000010.wav	0.08	肇 庆 市 端 午 当 天 多 云 昼 雨 温 差 大 展 望 六 月 一 日 到 六 月 三 日	啊   肇   庆   市   端   午   当   天   多   云   骤   雨   温   差   大   展   望   六   月   一   日   到   六   月   三   日	1	0	1
/opt/gpfs/users/shuai/work/block-conversion-b2/OmniVoice/results_b2_final_gs3p0/seedtts_zh/00004752-00000053.wav	0.0	有 一 头 很 大 的 狗 叫 阿 约 拉 鲁 迪 的 父 亲 遗 留 下 来 的	有   一   头   很   大   的   狗   叫   阿   约   拉   鲁   迪   的   父   亲   遗   留   下   来   的	0	0	0
/opt/gpfs/users/shuai/work/block-conversion-b2/OmniVoice/results_b2_final_gs3p0/seedtts_zh/00004752-00000112.wav	0.043478260869565216	可 是 哎 呀 他 张 大 嘴 巴 又 要 打 喷 嚏 了 他 又 把 手 掏 餐 巾 纸	啊   可   是   哎   呀   他   张   大   嘴   巴   又   要   打   喷   嚏   了   他   又   把   手   掏   餐   巾   纸	1	0	0
/opt/gpfs/users/shuai/work/block-conversion-b2/OmniVoice/results_b2_final_gs3p0/seedtts_zh/00004753-00000104.wav	0.0	晃 了 几 天 以 后 终 于 有 一 个 公 司 说 要 聘 用 他 做 销 售 员	晃   了   几   天   以   后   终   于   有   一   个   公   司   说   要   聘   用   他   做   销   售   员	0	0	0
/opt/gpfs/users/shuai/work/block-conversion-b2/OmniVoice/results_b2_final_gs3p0/seedtts_zh/00004753-00000120.wav	0.0	在 一 旁 瞧 热 闹 的 房 客 都 说 这 些 人 一 定 是 疯 子	在   一   旁   瞧   热   闹   的   房   客   都   说   这   些   人   一   定   是   疯   子	0	0	0
/opt/gpfs/users/shuai/work/block-conversion-b2/OmniVoice/results_b2_final_gs3p0/seedtts_zh/00004754-00000102.wav	0.0	灾 难 和 痛 苦 从 此 离 他 而 去 而 愉 快 和 幸 福 却 时 常 陪 伴 着 他	灾   难   和   痛   苦   从   此   离   他   而   去   而   愉   快   和   幸   福   却   时   常   陪   伴   着   他	0	0	0
/opt/gpfs/users/shuai/work/block-conversion-b2/OmniVoice/results_b2_final_gs3p0/seedtts_zh/00004754-00000016.wav	0.04	国 光 小 姐 生 涯 令 翁 秀 敏 印 象 最 深 的 是 春 节 无 法 和 家 人 团 圆	啊   国   光   小   姐   生   涯   令   翁   秀   敏   印   象   最   深   的   是   春   节   无   法   和   家   人   团   圆	1	0	0
/opt/gpfs/users/shuai/work/block-conversion-b2/OmniVoice/results_b2_final_gs3p0/seedtts_zh/00004755-00000072.wav	0.0	这 两 种 元 素 的 一 部 分 就 是 从 饮 用 水 里 摄 取 的	这   两   种   元   素   的   一   部   分   就   是   从   饮   用   水   里   摄   取   的	0	0	0
/opt/gpfs/users/shuai/work/block-conversion-b2/OmniVoice/results_b2_final_gs3p0/seedtts_zh/00004755-00000095.wav	0.037037037037037035	尾 号 八 八 四 七 的 乘 客 刚 夸 了 你 春 节 路 上 很 辛 苦 一 路 温 暖 不 怕 堵	啊   尾   号   八   八   四   七   的   乘   客   刚   夸   了   你   春   节   路   上   很   辛   苦   一   路   温   暖   不   怕   堵	1	0	0
/opt/gpfs/users/shuai/work/block-conversion-b2/OmniVoice/results_b2_final_gs3p0/seedtts_zh/00004756-00000034.wav	0.0	星 期 天 早 上 天 刚 刚 有 点 蒙 蒙 亮 哈 克 就 摸 上 山	星   期   天   早   上   天   刚   刚   有   点   蒙   蒙   亮   哈   克   就   摸   上   山	0	0	0
/opt/gpfs/users/shuai/work/block-conversion-b2/OmniVoice/results_b2_final_gs3p0/seedtts_zh/00004756-00000058.wav	0.0	太 方 便 了 我 们 甚 至 都 不 用 准 备 调 料 了	太   方   便   了   我   们   甚   至   都   不   用   准   备   调   料   了	0	0	0
/opt/gpfs/users/shuai/work/block-conversion-b2/OmniVoice/results_b2_final_gs3p0/seedtts_zh/00004757-00000106.wav	0.0	原 本 送 礼 为 主 的 市 场 向 自 我 犒 赏 等 消 费 目 的 转 移	原   本   送   礼   为   主   的   市   场   向   自   我   犒   赏   等   消   费   目   的   转   移	0	0	0
/opt/gpfs/users/shuai/work/block-conversion-b2/OmniVoice/results_b2_final_gs3p0/seedtts_zh/00004757-00000052.wav	0.0	当 时 我 的 耳 朵 嗡 嗡 响 脑 袋 一 片 空 白 浑 身 是 血 满 脸 黑 灰	当   时   我   的   耳   朵   嗡   嗡   响   脑   袋   一   片   空   白   浑   身   是   血   满   脸   黑   灰	0	0	0
/opt/gpfs/users/shuai/work/block-conversion-b2/OmniVoice/results_b2_final_gs3p0/seedtts_zh/00004758-00000113.wav	0.047619047619047616	并 采 取 实 际 行 动 去 培 训 快 递 员 这 方 面 的 法 律 意 识	啊   并   采   取   实   际   行   动   去   培   训   快   递   员   这   方   面   的   法   律   意   识	1	0	0
/opt/gpfs/users/shuai/work/block-conversion-b2/OmniVoice/results_b2_final_gs3p0/seedtts_zh/00004758-00000099.wav	0.0	是 由 远 洋 地 产 二 零 一 一 年 倾 力 打 造 的 三 大 别 墅 产 品 之 一	是   由   远   洋   地   产   二   零   一   一   年   倾   力   打   造   的   三   大   别   墅   产   品   之   一	0	0	0
/opt/gpfs/users/shuai/work/block-conversion-b2/OmniVoice/results_b2_final_gs3p0/seedtts_zh/00004759-00000098.wav	0.058823529411764705	从 而 引 发 病 毒 性 结 膜 炎 和 病 毒 性 角 膜 炎	呃   从   而   引   发   病   毒   性   结   膜   炎   和   病   毒   性   角   膜   炎	1	0	0
/opt/gpfs/users/shuai/work/block-conversion-b2/OmniVoice/results_b2_final_gs3p0/seedtts_zh/00004759-00000040.wav	0.0	甚 至 不 如 一 个 武 林 人 士 出 身 的 保 安 旅 旅 长	甚   至   不   如   一   个   武   林   人   士   出   身   的   保   安   旅   旅   长	0	0	0
/opt/gpfs/users/shuai/work/block-conversion-b2/OmniVoice/results_b2_final_gs3p0/seedtts_zh/00004760-00000003.wav	0.0	眼 睛 下 面 总 挂 着 一 双 一 元 硬 币 大 小 的 眼 袋	眼   睛   下   面   总   挂   着   一   双   一   元   硬   币   大   小   的   眼   袋	0	0	0
/opt/gpfs/users/shuai/work/block-conversion-b2/OmniVoice/results_b2_final_gs3p0/seedtts_zh/00004760-00000060.wav	0.0	细 绿 荫 深 处 尖 塔 高 耸 的 深 宅 大 院 点 缀 其 间	细   绿   荫   深   处   尖   塔   高   耸   的   深   宅   大   院   点   缀   其   间	0	0	0
/opt/gpfs/users/shuai/work/block-conversion-b2/OmniVoice/results_b2_final_gs3p0/seedtts_zh/00004761-00000027.wav	0.05	他 们 在 镇 外 的 树 林 里 睡 了 一 觉 醒 来 时 天 已 快 亮	啊   他   们   在   镇   外   的   树   林   里   睡   了   一   觉   醒   来   时   天   已   快   亮	1	0	0
/opt/gpfs/users/shuai/work/block-conversion-b2/OmniVoice/results_b2_final_gs3p0/seedtts_zh/00004761-00000024.wav	0.0	曾 有 投 资 人 把 签 订 对 赌 协 议 比 作 是 投 资 机 构 买 的 一 份 保 险	曾   有   投   资   人   把   签   订   对   赌   协   议   比   作   是   投   资   机   构   买   的   一   份   保   险	0	0	0
/opt/gpfs/users/shuai/work/block-conversion-b2/OmniVoice/results_b2_final_gs3p0/seedtts_zh/00004762-00000108.wav	0.0	用 一 把 勺 子 挖 地 道 越 狱 需 要 多 长 时 间	用   一   把   勺   子   挖   地   道   越   狱   需   要   多   长   时   间	0	0	0
/opt/gpfs/users/shuai/work/block-conversion-b2/OmniVoice/results_b2_final_gs3p0/seedtts_zh/00004762-00000092.wav	0.0	一 九 九 五 年 他 与 西 雅 图 交 响 乐 的 总 监 史 瓦 兹 一 起 指 挥	一   九   九   五   年   他   与   西   雅   图   交   响   乐   的   总   监   史   瓦   兹   一   起   指   挥	0	0	0
/opt/gpfs/users/shuai/work/block-conversion-b2/OmniVoice/results_b2_final_gs3p0/seedtts_zh/00004763-00000054.wav	0.0	那 份 职 位 就 是 我 的 不 客 气 你 很 有 礼 貌	那   份   职   位   就   是   我   的   不   客   气   你   很   有   礼   貌	0	0	0
/opt/gpfs/users/shuai/work/block-conversion-b2/OmniVoice/results_b2_final_gs3p0/seedtts_zh/00004763-00000092.wav	0.06666666666666667	灿 若 云 霞 好 像 一 朵 朵 红 云 铺 满 大 地	灿   若   云   霞   好   像   一   朵   朵   红   云   铺   满   大   地   啊	1	0	0
/opt/gpfs/users/shuai/work/block-conversion-b2/OmniVoice/results_b2_final_gs3p0/seedtts_zh/00004764-00000042.wav	0.0	希 望 他 们 以 上 的 介 绍 对 生 活 中 的 各 位 朋 友 有 所 帮 助	希   望   他   们   以   上   的   介   绍   对   生   活   中   的   各   位   朋   友   有   所   帮   助	0	0	0
/opt/gpfs/users/shuai/work/block-conversion-b2/OmniVoice/results_b2_final_gs3p0/seedtts_zh/00004764-00000083.wav	0.0	公 安 机 关 也 无 权 强 制 要 求 原 住 房 将 户 口 迁 出	公   安   机   关   也   无   权   强   制   要   求   原   住   房   将   户   口   迁   出	0	0	0
/opt/gpfs/users/shuai/work/block-conversion-b2/OmniVoice/results_b2_final_gs3p0/seedtts_zh/00004765-00000018.wav	0.0	永 安 今 日 天 降 中 雨 今 天 十 二 日 永 安 天 气 多 云 转 阴	永   安   今   日   天   降   中   雨   今   天   十   二   日   永   安   天   气   多   云   转   阴	0	0	0
/opt/gpfs/users/shuai/work/block-conversion-b2/OmniVoice/results_b2_final_gs3p0/seedtts_zh/00004765-00000089.wav	0.0	科 幻 片 警 匪 片 甚 至 灾 难 片 都 不 愿 意 看 恐 怖 片	科   幻   片   警   匪   片   甚   至   灾   难   片   都   不   愿   意   看   恐   怖   片	0	0	0
/opt/gpfs/users/shuai/work/block-conversion-b2/OmniVoice/results_b2_final_gs3p0/seedtts_zh/00004766-00000021.wav	0.0	光 看 满 街 的 咖 啡 厅 和 手 摇 茶 店 就 知 道 台 湾 人 有 多 爱 喝 饮 料 了	光   看   满   街   的   咖   啡   厅   和   手   摇   茶   店   就   知   道   台   湾   人   有   多   爱   喝   饮   料   了	0	0	0
/opt/gpfs/users/shuai/work/block-conversion-b2/OmniVoice/results_b2_final_gs3p0/seedtts_zh/00004766-00000076.wav	0.0	那 么 你 知 道 考 生 在 未 来 的 几 天 应 该 消 除 压 力	那   么   你   知   道   考   生   在   未   来   的   几   天   应   该   消   除   压   力	0	0	0
/opt/gpfs/users/shuai/work/block-conversion-b2/OmniVoice/results_b2_final_gs3p0/seedtts_zh/00004767-00000044.wav	0.09090909090909091	而 鹦 鹉 又 拒 绝 说 出 自 己 的 年 龄 她 们 就 再 没 话 可 说 了	鹦   鹉   又   拒   绝   说   出   自   己   的   年   龄   他   们   就   再   没   话   可   说   了	0	1	1
/opt/gpfs/users/shuai/work/block-conversion-b2/OmniVoice/results_b2_final_gs3p0/seedtts_zh/00004767-00000025.wav	0.06666666666666667	武 汉 麻 将 以 红 中 赖 子 杠 为 主 流 打 法	武   汉   麻   将   以   红   中   癞   子   杠   为   主   流   打   法	0	0	1
/opt/gpfs/users/shuai/work/block-conversion-b2/OmniVoice/results_b2_final_gs3p0/seedtts_zh/00004768-00000086.wav	0.05263157894736842	好 的 我 妻 子 刚 给 我 发 了 一 条 短 信 让 我 回 家 呢	哦   好   的   我   妻   子   刚   给   我   发   了   一   条   短   信   让   我   回   家   呢	1	0	0
/opt/gpfs/users/shuai/work/block-conversion-b2/OmniVoice/results_b2_final_gs3p0/seedtts_zh/00004768-00000070.wav	0.043478260869565216	十 九 岁 女 车 钥 匙 遭 拔 全 身 被 摸 留 老 板 娘 电 话 逮 到 恶 狼	十   九   岁   女   车   钥   匙   遭   拔   全   身   被   摸   留   老   板   娘   电   话   逮   到   饿   狼	0	0	1
/opt/gpfs/users/shuai/work/block-conversion-b2/OmniVoice/results_b2_final_gs3p0/seedtts_zh/00004769-00000018.wav	0.08	男 友 怂 恿 她 染 上 了 毒 瘾 从 小 父 母 离 异 的 小 薇 跟 着 爸 爸 长 大	老   友   怂   恿   他   染   上   了   毒   瘾   从   小   父   母   离   异   的   小   薇   跟   着   爸   爸   长   大	0	0	2
/opt/gpfs/users/shuai/work/block-conversion-b2/OmniVoice/results_b2_final_gs3p0/seedtts_zh/00004769-00000089.wav	0.06666666666666667	学 习 哈 佛 毕 业 生 的 周 末 自 我 投 资 法	啊   学   习   哈   佛   毕   业   生   的   周   末   自   我   投   资   法	1	0	0
/opt/gpfs/users/shuai/work/block-conversion-b2/OmniVoice/results_b2_final_gs3p0/seedtts_zh/00004770-00000049.wav	0.0	我 最 近 一 直 很 难 入 睡 这 首 歌 听 起 来 好 有 趣	我   最   近   一   直   很   难   入   睡   这   首   歌   听   起   来   好   有   趣	0	0	0
/opt/gpfs/users/shuai/work/block-conversion-b2/OmniVoice/results_b2_final_gs3p0/seedtts_zh/00004770-00000090.wav	0.05	一 月 六 日 天 下 文 化 举 办 字 里 行 间 的 新 书 导 读 会	一   月   六   日   天   下   文   化   举   办   字   里   行   间   的   新   书   导   读	0	1	0
/opt/gpfs/users/shuai/work/block-conversion-b2/OmniVoice/results_b2_final_gs3p0/seedtts_zh/00004771-00000042.wav	0.0	国 内 各 个 高 校 的 电 竞 专 业 开 始 如 雨 后 春 笋 般 出 现	国   内   各   个   高   校   的   电   竞   专   业   开   始   如   雨   后   春   笋   般   出   现	0	0	0
/opt/gpfs/users/shuai/work/block-conversion-b2/OmniVoice/results_b2_final_gs3p0/seedtts_zh/00004771-00000016.wav	0.0	奥 巴 马 卸 任 前 以 俄 罗 斯 通 过 网 络 攻 击 干 预 美 国 总 统 选 举 为 由	奥   巴   马   卸   任   前   以   俄   罗   斯   通   过   网   络   攻   击   干   预   美   国   总   统   选   举   为   由	0	0	0
/opt/gpfs/users/shuai/work/block-conversion-b2/OmniVoice/results_b2_final_gs3p0/seedtts_zh/00004772-00000037.wav	0.05	二 公 主 没 有 大 公 主 美 丽 但 是 温 文 尔 雅 非 常 柔 美	而   公   主   没   有   大   公   主   美   丽   但   是   温   文   尔   雅   非   常   柔   美	0	0	1
/opt/gpfs/users/shuai/work/block-conversion-b2/OmniVoice/results_b2_final_gs3p0/seedtts_zh/00004772-00000096.wav	0.0	一 天 深 夜 我 们 又 被 阿 布 异 样 的 叫 声 吵 醒	一   天   深   夜   我   们   又   被   阿   布   异   样   的   叫   声   吵   醒	0	0	0
/opt/gpfs/users/shuai/work/block-conversion-b2/OmniVoice/results_b2_final_gs3p0/seedtts_zh/00004773-00000064.wav	0.1	十 二 海 里 是 所 有 国 家 沿 海 向 外 延 伸 的 领 土 界 限	啊   十   二   海   里   是   所   有   国   家   沿   海   向   外   延   伸   的   领   土   界   限   啊	2	0	0
/opt/gpfs/users/shuai/work/block-conversion-b2/OmniVoice/results_b2_final_gs3p0/seedtts_zh/00004773-00000109.wav	0.0	江 西 省 赣 台 交 流 服 务 中 心 爱 心 捐 赠 慰 问 物 品	江   西   省   赣   台   交   流   服   务   中   心   爱   心   捐   赠   慰   问   物   品	0	0	0
/opt/gpfs/users/shuai/work/block-conversion-b2/OmniVoice/results_b2_final_gs3p0/seedtts_zh/00004774-00000061.wav	0.9047619047619048	当 然 啦 我 们 过 新 年 时 也 都 穿 平 日 里 不 穿 的 好 衣 服	当   然   了	0	18	1
/opt/gpfs/users/shuai/work/block-conversion-b2/OmniVoice/results_b2_final_gs3p0/seedtts_zh/00004774-00000058.wav	0.0	他 们 在 一 条 荒 僻 的 小 径 上 被 一 个 食 人 妖 魔 挡 住	他   们   在   一   条   荒   僻   的   小   径   上   被   一   个   食   人   妖   魔   挡   住	0	0	0
/opt/gpfs/users/shuai/work/block-conversion-b2/OmniVoice/results_b2_final_gs3p0/seedtts_zh/00004775-00000061.wav	0.045454545454545456	玉 米 苗 长 得 有 筷 子 那 么 高 鼹 鼠 妈 妈 又 给 玉 米 苗 施 肥	啊   玉   米   苗   长   得   有   筷   子   那   么   高   鼹   鼠   妈   妈   又   给   玉   米   苗   施   肥	1	0	0
/opt/gpfs/users/shuai/work/block-conversion-b2/OmniVoice/results_b2_final_gs3p0/seedtts_zh/00004775-00000056.wav	0.047619047619047616	录 音 节 怎 可 少 了 蕾 丝 和 透 视 两 大 仙 女 的 必 备 元 素	啊   录   音   节   怎   可   少   了   蕾   丝   和   透   视   两   大   仙   女   的   必   备   元   素	1	0	0
/opt/gpfs/users/shuai/work/block-conversion-b2/OmniVoice/results_b2_final_gs3p0/seedtts_zh/00004776-00000080.wav	0.0	六 月 金 融 机 构 新 增 外 汇 各 项 贷 款 一 百 二 十 六 亿 美 元	六   月   金   融   机   构   新   增   外   汇   各   项   贷   款   一   百   二   十   六   亿   美   元	0	0	0
/opt/gpfs/users/shuai/work/block-conversion-b2/OmniVoice/results_b2_final_gs3p0/seedtts_zh/00004776-00000047.wav	0.0	他 习 惯 早 餐 喝 一 袋 早 餐 奶 的 却 发 现 桌 上 只 有 面 包 没 有 早 餐 奶	他   习   惯   早   餐   喝   一   袋   早   餐   奶   的   却   发   现   桌   上   只   有   面   包   没   有   早   餐   奶	0	0	0
/opt/gpfs/users/shuai/work/block-conversion-b2/OmniVoice/results_b2_final_gs3p0/seedtts_zh/00004777-00000004.wav	0.0	宁 泽 涛 孙 杨 吴 敏 霞 奥 运 十 大 健 儿 御 用 手 机	宁   泽   涛   孙   杨   吴   敏   霞   奥   运   十   大   健   儿   御   用   手   机	0	0	0
/opt/gpfs/users/shuai/work/block-conversion-b2/OmniVoice/results_b2_final_gs3p0/seedtts_zh/00004777-00000120.wav	0.047619047619047616	而 且 他 也 知 道 他 只 要 想 个 法 哄 哄 我 惹 我 大 笑 一 场	啊   而   且   他   也   知   道   他   只   要   想   个   法   哄   哄   我   惹   我   大   笑   一   场	1	0	0
/opt/gpfs/users/shuai/work/block-conversion-b2/OmniVoice/results_b2_final_gs3p0/seedtts_zh/00004778-00000013.wav	0.08695652173913043	除 了 黄 昏 时 偶 尔 出 来 散 步 以 外 她 也 很 少 到 院 子 外 边 去	哦   除   了   黄   昏   时   偶   尔   出   来   散   步   以   外   他   也   很   少   到   院   子   外   边   去	1	0	1
/opt/gpfs/users/shuai/work/block-conversion-b2/OmniVoice/results_b2_final_gs3p0/seedtts_zh/00004778-00000027.wav	0.043478260869565216	榜 单 前 五 位 分 别 为 阿 里 巴 巴 海 尔 集 团 百 度 华 为 和 联 想	呃   榜   单   前   五   位   分   别   为   阿   里   巴   巴   海   尔   集   团   百   度   华   为   和   联   想	1	0	0
/opt/gpfs/users/shuai/work/block-conversion-b2/OmniVoice/results_b2_final_gs3p0/seedtts_zh/00004779-00000112.wav	0.05	因 为 只 有 极 短 的 胡 子 才 能 重 新 再 钻 回 皮 肤 里 去	呃   因   为   只   有   极   短   的   胡   子   才   能   重   新   再   钻   回   皮   肤   里   去	1	0	0
/opt/gpfs/users/shuai/work/block-conversion-b2/OmniVoice/results_b2_final_gs3p0/seedtts_zh/00004779-00000071.wav	0.058823529411764705	捡 便 宜 省 最 多 看 到 限 时 限 量 商 品 就 手 滑	呃   捡   便   宜   省   最   多   看   到   限   时   限   量   商   品   就   手   滑	1	0	0
/opt/gpfs/users/shuai/work/block-conversion-b2/OmniVoice/results_b2_final_gs3p0/seedtts_zh/00004780-00000075.wav	0.03333333333333333	德 国 纳 粹 头 目 希 特 勒 五 十 五 岁 时 为 与 爱 与 情 妇 爱 娃 保 持 正 常 的 性 生 活	啊   德   国   纳   粹   头   目   希   特   勒   五   十   五   岁   时   为   与   爱   与   情   妇   爱   娃   保   持   正   常   的   性   生   活	1	0	0
/opt/gpfs/users/shuai/work/block-conversion-b2/OmniVoice/results_b2_final_gs3p0/seedtts_zh/00004780-00000028.wav	0.0	马 上 把 他 的 两 只 眼 睛 抠 掉 抠 完 以 后 还 要 扔 地 上 把 报 纸 踩 烂	马   上   把   他   的   两   只   眼   睛   抠   掉   抠   完   以   后   还   要   扔   地   上   把   报   纸   踩   烂	0	0	0
/opt/gpfs/users/shuai/work/block-conversion-b2/OmniVoice/results_b2_final_gs3p0/seedtts_zh/00004781-00000102.wav	0.05555555555555555	手 指 甚 至 是 有 些 野 蛮 的 撤 掉 他 的 衬 衣 纽 扣	啊   手   指   甚   至   是   有   些   野   蛮   的   撤   掉   他   的   衬   衣   纽   扣	1	0	0
/opt/gpfs/users/shuai/work/block-conversion-b2/OmniVoice/results_b2_final_gs3p0/seedtts_zh/00004781-00000071.wav	0.0	李 远 哲 推 动 院 长 任 期 制 院 长 一 任 五 年	李   远   哲   推   动   院   长   任   期   制   院   长   一   任   五   年	0	0	0
/opt/gpfs/users/shuai/work/block-conversion-b2/OmniVoice/results_b2_final_gs3p0/seedtts_zh/00004782-00000055.wav	0.0	奎 罗 兹 认 为 那 不 但 是 个 犯 规 而 且 还 是 红 牌 而 且 没 有 任 何 借 口	奎   罗   兹   认   为   那   不   但   是   个   犯   规   而   且   还   是   红   牌   而   且   没   有   任   何   借   口	0	0	0
/opt/gpfs/users/shuai/work/block-conversion-b2/OmniVoice/results_b2_final_gs3p0/seedtts_zh/00004782-00000070.wav	0.05	好 久 没 去 幼 稚 园 看 小 朋 友 们 了 不 能 两 手 空 空 呀	啊   好   久   没   去   幼   稚   园   看   小   朋   友   们   了   不   能   两   手   空   空   呀	1	0	0
/opt/gpfs/users/shuai/work/block-conversion-b2/OmniVoice/results_b2_final_gs3p0/seedtts_zh/00004783-00000097.wav	0.0	他 认 为 欧 洲 安 全 与 合 作 组 织 不 能 代 替 北 约	他   认   为   欧   洲   安   全   与   合   作   组   织   不   能   代   替   北   约	0	0	0
/opt/gpfs/users/shuai/work/block-conversion-b2/OmniVoice/results_b2_final_gs3p0/seedtts_zh/00004783-00000075.wav	0.0	美 国 国 家 利 益 杂 志 网 站 一 月 二 十 一 日 文 章	美   国   国   家   利   益   杂   志   网   站   一   月   二   十   一   日   文   章	0	0	0
/opt/gpfs/users/shuai/work/block-conversion-b2/OmniVoice/results_b2_final_gs3p0/seedtts_zh/00004784-00000120.wav	0.0	此 外 陈 威 宇 也 负 责 筹 措 约 二 百 万 美 元	此   外   陈   威   宇   也   负   责   筹   措   约   二   百   万   美   元	0	0	0
/opt/gpfs/users/shuai/work/block-conversion-b2/OmniVoice/results_b2_final_gs3p0/seedtts_zh/00004784-00000031.wav	0.0	况 且 即 使 最 坏 的 违 约 情 况 发 生 对 债 权 银 行 来 说 仍 属 短 空 长 多	况   且   即   使   最   坏   的   违   约   情   况   发   生   对   债   权   银   行   来   说   仍   属   短   空   长   多	0	0	0
/opt/gpfs/users/shuai/work/block-conversion-b2/OmniVoice/results_b2_final_gs3p0/seedtts_zh/00004785-00000034.wav	0.0	酒 吧 黑 漆 漆 无 日 无 夜 阿 生 说 你 们 打 开 门 扫 地	酒   吧   黑   漆   漆   无   日   无   夜   阿   生   说   你   们   打   开   门   扫   地	0	0	0
/opt/gpfs/users/shuai/work/block-conversion-b2/OmniVoice/results_b2_final_gs3p0/seedtts_zh/00004785-00000011.wav	0.047619047619047616	三 峡 船 闸 一 直 以 来 都 是 长 江 过 坝 货 物 的 重 要 通 道	呃   三   峡   船   闸   一   直   以   来   都   是   长   江   过   坝   货   物   的   重   要   通   道	1	0	0
/opt/gpfs/users/shuai/work/block-conversion-b2/OmniVoice/results_b2_final_gs3p0/seedtts_zh/00004786-00000060.wav	0.058823529411764705	穿 起 往 日 快 快 活 活 时 那 套 有 趣 的 烂 衣 服	啊   穿   起   往   日   快   快   活   活   时   那   套   有   趣   的   烂   衣   服	1	0	0
/opt/gpfs/users/shuai/work/block-conversion-b2/OmniVoice/results_b2_final_gs3p0/seedtts_zh/00004786-00000025.wav	0.0	原 因 是 计 算 机 很 死 板 只 能 做 人 们 预 先 编 排 好 的 事	原   因   是   计   算   机   很   死   板   只   能   做   人   们   预   先   编   排   好   的   事	0	0	0
/opt/gpfs/users/shuai/work/block-conversion-b2/OmniVoice/results_b2_final_gs3p0/seedtts_zh/00004787-00000029.wav	0.0	在 自 己 最 愉 快 的 时 刻 总 也 要 有 几 分 忧 伤 耗 子 王 说 道	在   自   己   最   愉   快   的   时   刻   总   也   要   有   几   分   忧   伤   耗   子   王   说   道	0	0	0
/opt/gpfs/users/shuai/work/block-conversion-b2/OmniVoice/results_b2_final_gs3p0/seedtts_zh/00004787-00000015.wav	0.047619047619047616	所 以 希 望 我 钝 一 点 傻 一 点 学 会 撒 娇 不 要 倔 强 逞 强	所   以   希   望   我   笨   一   点   傻   一   点   学   会   撒   娇   不   要   倔   强   逞   强	0	0	1
/opt/gpfs/users/shuai/work/block-conversion-b2/OmniVoice/results_b2_final_gs3p0/seedtts_zh/00004788-00000029.wav	0.0	东 海 龙 王 说 玉 帝 已 准 奏 你 们 犯 下 死 罪 一 个 也 跑 不 了	东   海   龙   王   说   玉   帝   已   准   奏   你   们   犯   下   死   罪   一   个   也   跑   不   了	0	0	0
/opt/gpfs/users/shuai/work/block-conversion-b2/OmniVoice/results_b2_final_gs3p0/seedtts_zh/00004788-00000013.wav	0.0	我 用 胸 抵 住 车 把 掌 握 方 向 速 度 一 点 也 不 比 别 人 慢	我   用   胸   抵   住   车   把   掌   握   方   向   速   度   一   点   也   不   比   别   人   慢	0	0	0
/opt/gpfs/users/shuai/work/block-conversion-b2/OmniVoice/results_b2_final_gs3p0/seedtts_zh/00004789-00000110.wav	0.0	服 用 调 经 药 数 天 后 要 检 查 发 现 已 经 怀 孕 五 周 多	服   用   调   经   药   数   天   后   要   检   查   发   现   已   经   怀   孕   五   周   多	0	0	0
/opt/gpfs/users/shuai/work/block-conversion-b2/OmniVoice/results_b2_final_gs3p0/seedtts_zh/00004789-00000027.wav	0.0	只 追 究 其 暴 力 威 胁 外 国 官 员 罪	只   追   究   其   暴   力   威   胁   外   国   官   员   罪	0	0	0
/opt/gpfs/users/shuai/work/block-conversion-b2/OmniVoice/results_b2_final_gs3p0/seedtts_zh/00004790-00000056.wav	0.0	这 是 专 门 为 山 地 地 区 作 战 研 发 的 全 新 坦 克	这   是   专   门   为   山   地   地   区   作   战   研   发   的   全   新   坦   克	0	0	0
/opt/gpfs/users/shuai/work/block-conversion-b2/OmniVoice/results_b2_final_gs3p0/seedtts_zh/00004790-00000041.wav	0.0	因 为 从 诞 生 开 始 就 被 起 了 这 个 名 字	因   为   从   诞   生   开   始   就   被   起   了   这   个   名   字	0	0	0
/opt/gpfs/users/shuai/work/block-conversion-b2/OmniVoice/results_b2_final_gs3p0/seedtts_zh/00004792-00000040.wav	0.0	两 个 宣 讲 拆 迁 政 策 的 高 音 喇 叭 扰 乱 了 他 们 的 生 活	两   个   宣   讲   拆   迁   政   策   的   高   音   喇   叭   扰   乱   了   他   们   的   生   活	0	0	0
/opt/gpfs/users/shuai/work/block-conversion-b2/OmniVoice/results_b2_final_gs3p0/seedtts_zh/00004792-00000034.wav	0.0	他 身 穿 黑 大 衣 一 口 英 国 腔 一 看 就 是 个 标 准 的 绅 士	他   身   穿   黑   大   衣   一   口   英   国   腔   一   看   就   是   个   标   准   的   绅   士	0	0	0
/opt/gpfs/users/shuai/work/block-conversion-b2/OmniVoice/results_b2_final_gs3p0/seedtts_zh/00004793-00000021.wav	0.04	也 是 日 本 相 与 欧 美 国 家 相 比 乳 腺 癌 发 生 率 较 低 的 一 个 原 因	呃   也   是   日   本   相   与   欧   美   国   家   相   比   乳   腺   癌   发   生   率   较   低   的   一   个   原   因	1	0	0
/opt/gpfs/users/shuai/work/block-conversion-b2/OmniVoice/results_b2_final_gs3p0/seedtts_zh/00004793-00000053.wav	0.045454545454545456	住 宅 维 护 费 用 高 昂 他 们 将 搬 到 自 己 拥 有 的 公 寓 居 住	呃   住   宅   维   护   费   用   高   昂   他   们   将   搬   到   自   己   拥   有   的   公   寓   居   住	1	0	0
/opt/gpfs/users/shuai/work/block-conversion-b2/OmniVoice/results_b2_final_gs3p0/seedtts_zh/00004794-00000112.wav	0.0	追 到 附 近 北 一 路 一 网 吧 时 该 男 子 跑 进 网 吧 躲 藏	追   到   附   近   北   一   路   一   网   吧   时   该   男   子   跑   进   网   吧   躲   藏	0	0	0
/opt/gpfs/users/shuai/work/block-conversion-b2/OmniVoice/results_b2_final_gs3p0/seedtts_zh/00004794-00000081.wav	0.041666666666666664	丹 麦 人 荷 尔 格 把 治 理 印 度 的 一 切 大 权 都 交 给 了 约 恩 牧 师	啊   丹   麦   人   荷   尔   格   把   治   理   印   度   的   一   切   大   权   都   交   给   了   约   恩   牧   师	1	0	0
/opt/gpfs/users/shuai/work/block-conversion-b2/OmniVoice/results_b2_final_gs3p0/seedtts_zh/00004796-00000077.wav	0.0	该 游 戏 的 日 活 跃 用 户 约 为 十 四 点 八 万 人	该   游   戏   的   日   活   跃   用   户   约   为   十   四   点   八   万   人	0	0	0
/opt/gpfs/users/shuai/work/block-conversion-b2/OmniVoice/results_b2_final_gs3p0/seedtts_zh/00004796-00000051.wav	0.0	以 准 备 一 份 有 关 目 前 中 国 研 发 先 进 武 器 的 公 开 报 告	以   准   备   一   份   有   关   目   前   中   国   研   发   先   进   武   器   的   公   开   报   告	0	0	0
/opt/gpfs/users/shuai/work/block-conversion-b2/OmniVoice/results_b2_final_gs3p0/seedtts_zh/00004797-00000059.wav	0.09523809523809523	该 邦 已 有 多 达 一 百 六 十 七 人 死 于 高 温 导 致 的 中 暑	呃   该   帮   已   有   多   达   一   百   六   十   七   人   死   于   高   温   导   致   的   中   暑	1	0	1
/opt/gpfs/users/shuai/work/block-conversion-b2/OmniVoice/results_b2_final_gs3p0/seedtts_zh/00004797-00000021.wav	0.05555555555555555	北 京 环 卫 集 团 也 已 做 好 扫 雪 铲 冰 准 备 工 作	呃   北   京   环   卫   集   团   也   已   做   好   扫   雪   铲   冰   准   备   工   作	1	0	0
/opt/gpfs/users/shuai/work/block-conversion-b2/OmniVoice/results_b2_final_gs3p0/seedtts_zh/00004798-00000083.wav	0.03333333333333333	自 己 以 及 家 人 的 生 日 信 息 为 交 换 条 件 的 免 费 领 赠 品 活 动 需 要 谨 慎 注 意	啊   自   己   以   及   家   人   的   生   日   信   息   为   交   换   条   件   的   免   费   领   赠   品   活   动   需   要   谨   慎   注   意	1	0	0
/opt/gpfs/users/shuai/work/block-conversion-b2/OmniVoice/results_b2_final_gs3p0/seedtts_zh/00004798-00000013.wav	0.043478260869565216	切 实 帮 助 困 难 群 众 解 决 生 产 生 活 中 遇 到 的 困 难 和 问 题	哇   切   实   帮   助   困   难   群   众   解   决   生   产   生   活   中   遇   到   的   困   难   和   问   题	1	0	0
/opt/gpfs/users/shuai/work/block-conversion-b2/OmniVoice/results_b2_final_gs3p0/seedtts_zh/00004799-00000062.wav	0.1	但 应 采 儿 后 来 发 现 那 次 分 明 是 他 又 忘 了 买 礼 物	呃   但   应   采   儿   后   来   发   现   那   次   分   明   是   她   又   忘   了   买   礼   物	1	0	1
/opt/gpfs/users/shuai/work/block-conversion-b2/OmniVoice/results_b2_final_gs3p0/seedtts_zh/00004799-00000026.wav	0.13043478260869565	头 发 脑 后 一 束 衣 着 洒 脱 的 女 歌 手 娓 娓 软 语 唱 出 法 文 歌	哦   头   发   脑   后   一   束   衣   着   洒   脱   的   女   歌   手   玮   娓   阮   语   唱   出   法   文   歌	1	0	2
/opt/gpfs/users/shuai/work/block-conversion-b2/OmniVoice/results_b2_final_gs3p0/seedtts_zh/00004800-00000078.wav	0.125	女 友 这 才 转 怒 为 喜 拿 着 喷 香 美 味 的 兔 子 后 腿 走 出 了 官 院	啊   女   友   这   才   转   怒   为   戏   拿   着   喷   香   美   味   的   兔   子   后   腿   走   出   了   观   院	1	0	2
/opt/gpfs/users/shuai/work/block-conversion-b2/OmniVoice/results_b2_final_gs3p0/seedtts_zh/00004800-00000001.wav	0.08333333333333333	她 把 温 热 的 手 放 在 男 孩 额 头 朝 着 他 的 眼 睛 念 了 一 些 咒 语	啊   他   把   温   热   的   手   放   在   男   孩   额   头   朝   着   他   的   眼   睛   念   了   一   些   咒   语	1	0	1
/opt/gpfs/users/shuai/work/block-conversion-b2/OmniVoice/results_b2_final_gs3p0/seedtts_zh/00004801-00000051.wav	0.0	记 者 走 访 上 海 一 些 奢 侈 品 专 卖 店 也 发 现 购 买 人 数 明 显 缩 水	记   者   走   访   上   海   一   些   奢   侈   品   专   卖   店   也   发   现   购   买   人   数   明   显   缩   水	0	0	0
/opt/gpfs/users/shuai/work/block-conversion-b2/OmniVoice/results_b2_final_gs3p0/seedtts_zh/00004801-00000116.wav	0.0	德 云 社 成 立 十 五 周 年 庆 典 演 出 在 北 京 展 览 馆 举 行	德   云   社   成   立   十   五   周   年   庆   典   演   出   在   北   京   展   览   馆   举   行	0	0	0
/opt/gpfs/users/shuai/work/block-conversion-b2/OmniVoice/results_b2_final_gs3p0/seedtts_zh/00004803-00000077.wav	0.09523809523809523	资 深 媒 体 人 以 佛 国 之 旅 获 金 钟 奖 资 讯 综 艺 节 目 奖	呃   资   深   媒   体   人   以   佛   国   之   旅   获   金   钟   奖   资   讯   综   艺   节   目   奖   啊	2	0	0
/opt/gpfs/users/shuai/work/block-conversion-b2/OmniVoice/results_b2_final_gs3p0/seedtts_zh/00004803-00000117.wav	0.14814814814814814	他 的 家 里 挤 满 了 要 追 求 他 太 太 潘 妮 洛 普 的 无 赖 们 白 吃 白 喝 混 着	呃   他   的   家   里   挤   满   了   要   追   求   他   太   太   潘   尼   洛   普   的   无   赖   们   白   吃   白   喝	1	2	1
/opt/gpfs/users/shuai/work/block-conversion-b2/OmniVoice/results_b2_final_gs3p0/seedtts_zh/00004804-00000065.wav	0.04	曾 有 投 资 人 把 签 订 对 赌 协 议 比 作 是 投 资 机 构 买 的 一 份 保 险	啊   曾   有   投   资   人   把   签   订   对   赌   协   议   比   作   是   投   资   机   构   买   的   一   份   保   险	1	0	0
/opt/gpfs/users/shuai/work/block-conversion-b2/OmniVoice/results_b2_final_gs3p0/seedtts_zh/00004804-00000020.wav	0.041666666666666664	一 组 上 海 阿 姨 制 止 车 厢 内 乘 客 吐 痰 的 图 片 获 得 大 量 转 发	啊   一   组   上   海   阿   姨   制   止   车   厢   内   乘   客   吐   痰   的   图   片   获   得   大   量   转   发	1	0	0
/opt/gpfs/users/shuai/work/block-conversion-b2/OmniVoice/results_b2_final_gs3p0/seedtts_zh/00004805-00000118.wav	0.06666666666666667	虽 然 日 本 军 队 对 抵 抗 分 子 严 酷 无 情	呃   虽   然   日   本   军   队   对   抵   抗   分   子   严   酷   无   情	1	0	0
/opt/gpfs/users/shuai/work/block-conversion-b2/OmniVoice/results_b2_final_gs3p0/seedtts_zh/00004805-00000100.wav	0.041666666666666664	他 们 显 然 明 白 自 己 的 性 命 难 保 而 且 这 座 城 堡 也 岌 岌 可 危	呃   他   们   显   然   明   白   自   己   的   性   命   难   保   而   且   这   座   城   堡   也   岌   岌   可   危	1	0	0
/opt/gpfs/users/shuai/work/block-conversion-b2/OmniVoice/results_b2_final_gs3p0/seedtts_zh/00004806-00000042.wav	0.0	以 保 证 同 一 套 房 所 有 购 房 人 提 取 总 额 度 不 超 过 购 房 总 价 款	以   保   证   同   一   套   房   所   有   购   房   人   提   取   总   额   度   不   超   过   购   房   总   价   款	0	0	0
/opt/gpfs/users/shuai/work/block-conversion-b2/OmniVoice/results_b2_final_gs3p0/seedtts_zh/00004806-00000046.wav	0.058823529411764705	但 那 不 关 我 们 的 事 我 会 习 惯 离 开 父 母 的	呃   但   那   不   关   我   们   的   事   我   会   习   惯   离   开   父   母   的	1	0	0
/opt/gpfs/users/shuai/work/block-conversion-b2/OmniVoice/results_b2_final_gs3p0/seedtts_zh/00004807-00000116.wav	0.0	十 三 号 星 期 五 要 倒 霉 的 说 法 真 是 荒 唐	十   三   号   星   期   五   要   倒   霉   的   说   法   真   是   荒   唐	0	0	0
/opt/gpfs/users/shuai/work/block-conversion-b2/OmniVoice/results_b2_final_gs3p0/seedtts_zh/00004807-00000061.wav	0.0	在 七 绝 咏 蛙 独 坐 池 塘 如 虎 踞 绿 杨 树 下 养 精 神 中	在   七   绝   咏   蛙   独   坐   池   塘   如   虎   踞   绿   杨   树   下   养   精   神   中	0	0	0
/opt/gpfs/users/shuai/work/block-conversion-b2/OmniVoice/results_b2_final_gs3p0/seedtts_zh/00004812-00000014.wav	0.1111111111111111	你 到 哪 去 了 为 什 么 连 迎 春 节 都 没 有 来 过 呀	啊   你   到   哪   儿   去   了   为   什   么   连   迎   春   节   都   没   有   来   过   呀	2	0	0
/opt/gpfs/users/shuai/work/block-conversion-b2/OmniVoice/results_b2_final_gs3p0/seedtts_zh/00004812-00000031.wav	0.0	因 为 外 面 有 战 争 家 里 又 有 战 争 带 来 的 悲 伤 和 匮 乏	因   为   外   面   有   战   争   家   里   又   有   战   争   带   来   的   悲   伤   和   匮   乏	0	0	0
/opt/gpfs/users/shuai/work/block-conversion-b2/OmniVoice/results_b2_final_gs3p0/seedtts_zh/00004814-00000078.wav	0.0	南 方 降 雨 减 弱 多 地 迎 来 降 雨 间 歇 期 昨 天	南   方   降   雨   减   弱   多   地   迎   来   降   雨   间   歇   期   昨   天	0	0	0
/opt/gpfs/users/shuai/work/block-conversion-b2/OmniVoice/results_b2_final_gs3p0/seedtts_zh/00004814-00000111.wav	0.0	总 是 抱 着 亡 羊 补 牢 甚 至 是 破 罐 子 破 摔 的 心 态	总   是   抱   着   亡   羊   补   牢   甚   至   是   破   罐   子   破   摔   的   心   态	0	0	0
/opt/gpfs/users/shuai/work/block-conversion-b2/OmniVoice/results_b2_final_gs3p0/seedtts_zh/00004815-00000016.wav	0.0	想 要 在 五 一 小 长 假 把 自 己 的 身 体 补 起 来 的 话	想   要   在   五   一   小   长   假   把   自   己   的   身   体   补   起   来   的   话	0	0	0
/opt/gpfs/users/shuai/work/block-conversion-b2/OmniVoice/results_b2_final_gs3p0/seedtts_zh/00004815-00000036.wav	0.037037037037037035	尾 号 二 二 六 零 的 乘 客 刚 夸 了 你 司 机 师 傅 稳 又 快 速 度 安 全 两 不 怠	尾   号   二   二   六   零   的   乘   客   刚   夸   了   你   司   机   师   傅   稳   又   快   速   度   安   全   两   不   带	0	0	1
/opt/gpfs/users/shuai/work/block-conversion-b2/OmniVoice/results_b2_final_gs3p0/seedtts_zh/00004816-00000100.wav	0.09090909090909091	二 十 七 日 股 价 大 涨 早 盘 十 点 不 到 就 立 刻 攻 上 涨 停 价	二   二   十   七   七   日   股   价   大   涨   早   盘   十   点   不   到   就   立   刻   攻   上   涨   停   价	2	0	0
/opt/gpfs/users/shuai/work/block-conversion-b2/OmniVoice/results_b2_final_gs3p0/seedtts_zh/00004816-00000048.wav	0.0	好 吧 我 看 你 也 使 用 我 们 的 移 动 服 务	好   吧   我   看   你   也   使   用   我   们   的   移   动   服   务	0	0	0
/opt/gpfs/users/shuai/work/block-conversion-b2/OmniVoice/results_b2_final_gs3p0/seedtts_zh/00004817-00000006.wav	0.047619047619047616	他 终 生 的 使 命 就 是 爬 啊 爬 啊 爬 向 大 海 不 管 有 多 远	啊   他   终   生   的   使   命   就   是   爬   啊   爬   啊   爬   向   大   海   不   管   有   多   远	1	0	0
/opt/gpfs/users/shuai/work/block-conversion-b2/OmniVoice/results_b2_final_gs3p0/seedtts_zh/00004817-00000086.wav	0.05	不 一 会 试 卷 发 下 来 了 题 目 是 一 人 两 人 有 心 无 心	啊   不   一   会   试   卷   发   下   来   了   题   目   是   一   人   两   人   有   心   无   心	1	0	0
/opt/gpfs/users/shuai/work/block-conversion-b2/OmniVoice/results_b2_final_gs3p0/seedtts_zh/00004818-00000055.wav	0.041666666666666664	六 运 会 借 鉴 一 九 八 四 年 洛 杉 矶 奥 运 会 市 场 化 模 式 与 思 路	呃   六   运   会   借   鉴   一   九   八   四   年   洛   杉   矶   奥   运   会   市   场   化   模   式   与   思   路	1	0	0
/opt/gpfs/users/shuai/work/block-conversion-b2/OmniVoice/results_b2_final_gs3p0/seedtts_zh/00004818-00000023.wav	0.0	流 行 个 鬼 我 从 来 就 没 有 看 到 街 上 有 谁 会 穿 这 个	流   行   个   鬼   我   从   来   就   没   有   看   到   街   上   有   谁   会   穿   这   个	0	0	0
/opt/gpfs/users/shuai/work/block-conversion-b2/OmniVoice/results_b2_final_gs3p0/seedtts_zh/00004819-00000048.wav	0.0	五 月 中 旬 就 出 现 高 温 天 气 是 否 异 常	五   月   中   旬   就   出   现   高   温   天   气   是   否   异   常	0	0	0
/opt/gpfs/users/shuai/work/block-conversion-b2/OmniVoice/results_b2_final_gs3p0/seedtts_zh/00004819-00000081.wav	0.041666666666666664	因 为 眼 前 奥 斯 比 约 恩 的 鱼 篓 里 就 躺 着 一 个 活 生 生 的 小 人	因   为   眼   前   奥   斯   比   约   恩   的   鱼   楼   里   就   躺   着   一   个   活   生   生   的   小   人	0	0	1
/opt/gpfs/users/shuai/work/block-conversion-b2/OmniVoice/results_b2_final_gs3p0/seedtts_zh/00004821-00000113.wav	0.0	祝 愿 他 在 接 下 来 的 赛 季 里 在 英 格 兰 一 切 顺 利	祝   愿   他   在   接   下   来   的   赛   季   里   在   英   格   兰   一   切   顺   利	0	0	0
/opt/gpfs/users/shuai/work/block-conversion-b2/OmniVoice/results_b2_final_gs3p0/seedtts_zh/00004821-00000064.wav	0.0	总 裁 问 刚 才 皮 皮 鲁 唱 的 歌 是 谁 的 词 谁 的 曲 大 手 笔 呀	总   裁   问   刚   才   皮   皮   鲁   唱   的   歌   是   谁   的   词   谁   的   曲   大   手   笔   呀	0	0	0
/opt/gpfs/users/shuai/work/block-conversion-b2/OmniVoice/results_b2_final_gs3p0/seedtts_zh/00004822-00000047.wav	0.0	因 为 你 我 终 于 体 验 什 么 是 爱 笑 爱 闹 爱 哭 的 十 七 岁 少 女	因   为   你   我   终   于   体   验   什   么   是   爱   笑   爱   闹   爱   哭   的   十   七   岁   少   女	0	0	0
/opt/gpfs/users/shuai/work/block-conversion-b2/OmniVoice/results_b2_final_gs3p0/seedtts_zh/00004822-00000119.wav	0.0	英 语 需 要 积 累 我 现 在 正 在 努 力 练 习 呢	英   语   需   要   积   累   我   现   在   正   在   努   力   练   习   呢	0	0	0
/opt/gpfs/users/shuai/work/block-conversion-b2/OmniVoice/results_b2_final_gs3p0/seedtts_zh/00004826-00000076.wav	0.043478260869565216	周 先 生 慌 忙 中 操 起 一 把 拖 把 砸 向 小 车 玻 璃 结 果 没 打 着	周   先   生   慌   忙   中   抄   起   一   把   拖   把   砸   向   小   车   玻   璃   结   果   没   打   着	0	0	1
/opt/gpfs/users/shuai/work/block-conversion-b2/OmniVoice/results_b2_final_gs3p0/seedtts_zh/00004826-00000043.wav	0.05555555555555555	谢 谢 你 的 意 见 我 今 晚 会 跟 我 未 婚 夫 商 量 的	呃   谢   谢   你   的   意   见   我   今   晚   会   跟   我   未   婚   夫   商   量   的	1	0	0
/opt/gpfs/users/shuai/work/block-conversion-b2/OmniVoice/results_b2_final_gs3p0/seedtts_zh/00004827-00000049.wav	0.0	大 大 的 眼 睛 望 着 镜 头 闪 闪 发 亮 肉 肉 的 小 胳 膊 小 腿 也 惹 人 怜 爱	大   大   的   眼   睛   望   着   镜   头   闪   闪   发   亮   肉   肉   的   小   胳   膊   小   腿   也   惹   人   怜   爱	0	0	0
/opt/gpfs/users/shuai/work/block-conversion-b2/OmniVoice/results_b2_final_gs3p0/seedtts_zh/00004827-00000054.wav	0.037037037037037035	禁 止 利 用 私 人 小 客 车 合 乘 名 义 从 事 网 络 预 约 出 租 汽 车 经 营 服 务	禁   止   利   用   私   人   小   客   车   合   成   名   义   从   事   网   络   预   约   出   租   汽   车   经   营   服   务	0	0	1
/opt/gpfs/users/shuai/work/block-conversion-b2/OmniVoice/results_b2_final_gs3p0/seedtts_zh/00004828-00000068.wav	0.0	绝 大 多 数 引 擎 都 能 准 确 控 制 燃 油 进 排 气 油 温 水 温 及 转 速 等	绝   大   多   数   引   擎   都   能   准   确   控   制   燃   油   进   排   气   油   温   水   温   及   转   速   等	0	0	0
/opt/gpfs/users/shuai/work/block-conversion-b2/OmniVoice/results_b2_final_gs3p0/seedtts_zh/00004828-00000045.wav	0.0	深 圳 市 五 月 餐 饮 服 务 场 所 控 烟 执 法 督 查 行 动 进 行 到 了 第 五 站	深   圳   市   五   月   餐   饮   服   务   场   所   控   烟   执   法   督   查   行   动   进   行   到   了   第   五   站	0	0	0
/opt/gpfs/users/shuai/work/block-conversion-b2/OmniVoice/results_b2_final_gs3p0/seedtts_zh/00004829-00000095.wav	0.0	等 到 拿 回 来 用 嘴 一 咬 根 本 咬 不 动 也 没 什 么 味 道	等   到   拿   回   来   用   嘴   一   咬   根   本   咬   不   动   也   没   什   么   味   道	0	0	0
/opt/gpfs/users/shuai/work/block-conversion-b2/OmniVoice/results_b2_final_gs3p0/seedtts_zh/00004829-00000004.wav	0.047619047619047616	令 我 吃 惊 的 是 这 个 经 理 还 试 图 和 我 谈 论 中 国 诗 歌	哦   令   我   吃   惊   的   是   这   个   经   理   还   试   图   和   我   谈   论   中   国   诗   歌	1	0	0
/opt/gpfs/users/shuai/work/block-conversion-b2/OmniVoice/results_b2_final_gs3p0/seedtts_zh/00004830-00000116.wav	0.045454545454545456	适 量 的 脂 肪 也 有 助 于 刺 激 胆 囊 排 放 胆 汁 从 而 有 助 于	啊   适   量   的   脂   肪   也   有   助   于   刺   激   胆   囊   排   放   胆   汁   从   而   有   助   于	1	0	0
/opt/gpfs/users/shuai/work/block-conversion-b2/OmniVoice/results_b2_final_gs3p0/seedtts_zh/00004830-00000076.wav	0.05	二 环 内 禁 止 增 加 建 筑 用 地 早 已 被 政 府 明 文 规 定	啊   二   环   内   禁   止   增   加   建   筑   用   地   早   已   被   政   府   明   文   规   定	1	0	0
/opt/gpfs/users/shuai/work/block-conversion-b2/OmniVoice/results_b2_final_gs3p0/seedtts_zh/00004831-00000023.wav	0.047619047619047616	哦 等 他 酒 醒 以 后 我 打 电 话 请 公 司 的 人 来 保 他 出 去	等   他   酒   醒   以   后   我   打   电   话   请   公   司   的   人   来   保   他   出   去	0	1	0
/opt/gpfs/users/shuai/work/block-conversion-b2/OmniVoice/results_b2_final_gs3p0/seedtts_zh/00004831-00000090.wav	0.043478260869565216	我 的 脚 扭 伤 了 不 能 去 小 白 猪 那 里 谢 谢 他 请 小 白 猪 原 谅	呃   我   的   脚   扭   伤   了   不   能   去   小   白   猪   那   里   谢   谢   他   请   小   白   猪   原   谅	1	0	0
/opt/gpfs/users/shuai/work/block-conversion-b2/OmniVoice/results_b2_final_gs3p0/seedtts_zh/00004832-00000046.wav	0.08333333333333333	你 的 口 气 闻 起 来 如 此 之 差 以 至 于 连 狗 都 厌 恶 地 退 避 三 舍	呃   你   的   口   气   闻   起   来   如   此   之   差   以   至   于   连   狗   都   厌   恶   的   退   避   三   舍	1	0	1
/opt/gpfs/users/shuai/work/block-conversion-b2/OmniVoice/results_b2_final_gs3p0/seedtts_zh/00004832-00000007.wav	0.07692307692307693	象 伯 伯 又 说 今 天 的 天 气 真 好 你 洗 的 衣 服 晒 到 下 午 一 定 干 透 了	呃   向   伯   伯   又   说   今   天   的   天   气   真   好   你   洗   的   衣   服   晒   到   下   午   一   定   干   透   了	1	0	1
/opt/gpfs/users/shuai/work/block-conversion-b2/OmniVoice/results_b2_final_gs3p0/seedtts_zh/00004833-00000032.wav	0.0	嗓 子 里 还 是 有 一 股 股 的 水 涌 上 来 连 带 着 一 阵 阵 恶 心	嗓   子   里   还   是   有   一   股   股   的   水   涌   上   来   连   带   着   一   阵   阵   恶   心	0	0	0
/opt/gpfs/users/shuai/work/block-conversion-b2/OmniVoice/results_b2_final_gs3p0/seedtts_zh/00004833-00000117.wav	0.0	走 到 三 十 米 开 外 的 冲 床 前 依 然 稳 稳 当 当	走   到   三   十   米   开   外   的   冲   床   前   依   然   稳   稳   当   当	0	0	0
/opt/gpfs/users/shuai/work/block-conversion-b2/OmniVoice/results_b2_final_gs3p0/seedtts_zh/00004834-00000018.wav	0.0	这 样 你 坐 在 车 座 上 的 时 候 腿 才 能 全 部 伸 展 开	这   样   你   坐   在   车   座   上   的   时   候   腿   才   能   全   部   伸   展   开	0	0	0
/opt/gpfs/users/shuai/work/block-conversion-b2/OmniVoice/results_b2_final_gs3p0/seedtts_zh/00004834-00000006.wav	0.0	患 痴 呆 症 或 阿 尔 茨 海 默 症 的 风 险 要 低 百 分 之 六 十 五	患   痴   呆   症   或   阿   尔   茨   海   默   症   的   风   险   要   低   百   分   之   六   十   五	0	0	0
/opt/gpfs/users/shuai/work/block-conversion-b2/OmniVoice/results_b2_final_gs3p0/seedtts_zh/00004835-00000085.wav	0.09090909090909091	希 望 自 己 也 可 以 用 盐 雕 设 计 出 自 己 钟 爱 的 玩 偶 造 型	啊   希   望   自   己   也   可   以   用   岩   雕   设   计   出   自   己   钟   爱   的   玩   偶   造   型	1	0	1
/opt/gpfs/users/shuai/work/block-conversion-b2/OmniVoice/results_b2_final_gs3p0/seedtts_zh/00004835-00000058.wav	0.05263157894736842	一 路 保 重 在 猴 群 们 目 光 中 小 白 鹿 向 远 方 走 去	啊   一   路   保   重   在   猴   群   们   目   光   中   小   白   鹿   向   远   方   走   去	1	0	0
/opt/gpfs/users/shuai/work/block-conversion-b2/OmniVoice/results_b2_final_gs3p0/seedtts_zh/00004837-00000113.wav	0.06666666666666667	贫 穷 而 孤 独 生 活 按 部 就 班 了 无 生 趣	啊   贫   穷   而   孤   独   生   活   按   部   就   班   了   无   生   趣	1	0	0
/opt/gpfs/users/shuai/work/block-conversion-b2/OmniVoice/results_b2_final_gs3p0/seedtts_zh/00004837-00000084.wav	0.09523809523809523	就 连 中 国 传 媒 大 学 这 样 的 二 幺 幺 高 校 也 列 位 其 中	啊   就   连   中   国   传   媒   大   学   这   样   的   二   幺   幺   高   校   也   列   为   其   中	1	0	1
/opt/gpfs/users/shuai/work/block-conversion-b2/OmniVoice/results_b2_final_gs3p0/seedtts_zh/00004838-00000004.wav	0.0625	气 宇 轩 昂 带 着 些 说 不 出 来 的 冷 傲 气 质	啊   气   宇   轩   昂   带   着   些   说   不   出   来   的   冷   傲   气   质	1	0	0
/opt/gpfs/users/shuai/work/block-conversion-b2/OmniVoice/results_b2_final_gs3p0/seedtts_zh/00004838-00000005.wav	0.058823529411764705	于 是 我 把 我 孩 子 的 一 个 洋 娃 娃 放 在 窗 前	啊   于   是   我   把   我   孩   子   的   一   个   洋   娃   娃   放   在   窗   前	1	0	0
/opt/gpfs/users/shuai/work/block-conversion-b2/OmniVoice/results_b2_final_gs3p0/seedtts_zh/00004839-00000094.wav	0.047619047619047616	数 枚 拇 指 粗 细 的 子 弹 便 静 静 悬 浮 在 万 磁 王 的 眼 前	啊   数   枚   拇   指   粗   细   的   子   弹   便   静   静   悬   浮   在   万   磁   王   的   眼   前	1	0	0
/opt/gpfs/users/shuai/work/block-conversion-b2/OmniVoice/results_b2_final_gs3p0/seedtts_zh/00004839-00000003.wav	0.0	我 们 三 四 六 团 到 达 位 于 云 山 西 北 方 的 白 土 洞	我   们   三   四   六   团   到   达   位   于   云   山   西   北   方   的   白   土   洞	0	0	0
/opt/gpfs/users/shuai/work/block-conversion-b2/OmniVoice/results_b2_final_gs3p0/seedtts_zh/00004840-00000001.wav	0.041666666666666664	净 化 空 气 观 赏 植 物 许 多 观 赏 植 物 除 了 绿 化 和 观 赏 功 能 外	呃   净   化   空   气   观   赏   植   物   许   多   观   赏   植   物   除   了   绿   化   和   观   赏   功   能   外	1	0	0
/opt/gpfs/users/shuai/work/block-conversion-b2/OmniVoice/results_b2_final_gs3p0/seedtts_zh/00004840-00000028.wav	0.041666666666666664	因 为 眼 前 奥 斯 比 约 恩 的 鱼 篓 里 就 躺 着 一 个 活 生 生 的 小 人	啊   因   为   眼   前   奥   斯   比   约   恩   的   鱼   篓   里   就   躺   着   一   个   活   生   生   的   小   人	1	0	0
/opt/gpfs/users/shuai/work/block-conversion-b2/OmniVoice/results_b2_final_gs3p0/seedtts_zh/00004841-00000079.wav	0.041666666666666664	他 坐 下 在 最 该 笑 的 地 方 笑 也 在 最 该 拍 巴 掌 的 地 方 拍 巴 掌	啊   他   坐   下   在   最   该   笑   的   地   方   笑   也   在   最   该   拍   巴   掌   的   地   方   拍   巴   掌	1	0	0
/opt/gpfs/users/shuai/work/block-conversion-b2/OmniVoice/results_b2_final_gs3p0/seedtts_zh/00004841-00000026.wav	0.08333333333333333	我 想 让 种 子 得 到 充 分 灌 溉 你 随 便 哭 一 下 不 就 能 下 场 雨 嘛	哇   我   想   让   种   子   得   到   充   分   灌   溉   你   随   便   哭   一   下   不   就   能   下   场   雨   吗	1	0	1
/opt/gpfs/users/shuai/work/block-conversion-b2/OmniVoice/results_b2_final_gs3p0/seedtts_zh/00004842-00000005.wav	0.0	他 们 已 经 经 历 过 因 此 而 造 成 的 致 命 的 暴 风 雨 雪 天 气 了	他   们   已   经   经   历   过   因   此   而   造   成   的   致   命   的   暴   风   雨   雪   天   气   了	0	0	0
/opt/gpfs/users/shuai/work/block-conversion-b2/OmniVoice/results_b2_final_gs3p0/seedtts_zh/00004842-00000116.wav	0.05555555555555555	除 非 我 有 不 在 场 证 明 否 则 我 会 成 为 嫌 疑 犯	啊   除   非   我   有   不   在   场   证   明   否   则   我   会   成   为   嫌   疑   犯	1	0	0
/opt/gpfs/users/shuai/work/block-conversion-b2/OmniVoice/results_b2_final_gs3p0/seedtts_zh/00004843-00000080.wav	0.043478260869565216	无 论 买 卖 房 源 还 是 租 赁 房 源 都 要 求 业 主 签 授 权 委 托 书	呃   无   论   买   卖   房   源   还   是   租   赁   房   源   都   要   求   业   主   签   授   权   委   托   书	1	0	0
/opt/gpfs/users/shuai/work/block-conversion-b2/OmniVoice/results_b2_final_gs3p0/seedtts_zh/00004843-00000059.wav	0.12	不 过 旁 人 看 来 那 不 过 是 一 种 可 怜 渺 小 变 幻 无 常 的 爱 恋 罢 了	啊   不   过   旁   人   看   来   那   不   过   是   一   种   可   怜   渺   小   变   幻   无   常   的   爱   恋	1	2	0
/opt/gpfs/users/shuai/work/block-conversion-b2/OmniVoice/results_b2_final_gs3p0/seedtts_zh/00004844-00000082.wav	0.04	在 史 安 斌 看 来 这 一 切 均 为 日 后 酿 成 的 各 种 事 件 埋 下 了 伏 笔	呃   在   史   安   斌   看   来   这   一   切   均   为   日   后   酿   成   的   各   种   事   件   埋   下   了   伏   笔	1	0	0
/opt/gpfs/users/shuai/work/block-conversion-b2/OmniVoice/results_b2_final_gs3p0/seedtts_zh/00004844-00000005.wav	0.0	而 素 有 铁 娘 子 之 称 的 撒 切 尔 夫 人 也 并 不 愿 意 就 此 退 让	而   素   有   铁   娘   子   之   称   的   撒   切   尔   夫   人   也   并   不   愿   意   就   此   退   让	0	0	0
/opt/gpfs/users/shuai/work/block-conversion-b2/OmniVoice/results_b2_final_gs3p0/seedtts_zh/00004845-00000049.wav	0.047619047619047616	比 如 无 法 表 现 掐 烟 头 动 作 所 以 还 是 决 定 采 用 真 烟	呃   比   如   无   法   表   现   掐   烟   头   动   作   所   以   还   是   决   定   采   用   真   烟	1	0	0
/opt/gpfs/users/shuai/work/block-conversion-b2/OmniVoice/results_b2_final_gs3p0/seedtts_zh/00004845-00000050.wav	0.05555555555555555	穆 帅 签 约 又 推 迟 曼 联 得 先 向 切 尔 西 交 赎 金	呃   穆   帅   签   约   又   推   迟   曼   联   得   先   向   切   尔   西   交   赎   金	1	0	0
/opt/gpfs/users/shuai/work/block-conversion-b2/OmniVoice/results_b2_final_gs3p0/seedtts_zh/00004846-00000048.wav	0.0	他 身 穿 黑 大 衣 一 口 英 国 腔 一 看 就 是 个 标 准 的 绅 士	他   身   穿   黑   大   衣   一   口   英   国   腔   一   看   就   是   个   标   准   的   绅   士	0	0	0
/opt/gpfs/users/shuai/work/block-conversion-b2/OmniVoice/results_b2_final_gs3p0/seedtts_zh/00004846-00000035.wav	0.0	因 为 外 面 有 战 争 家 里 又 有 战 争 带 来 的 悲 伤 和 匮 乏	因   为   外   面   有   战   争   家   里   又   有   战   争   带   来   的   悲   伤   和   匮   乏	0	0	0
/opt/gpfs/users/shuai/work/block-conversion-b2/OmniVoice/results_b2_final_gs3p0/seedtts_zh/00004847-00000040.wav	0.09523809523809523	古 诗 孔 雀 东 南 飞 中 便 有 赞 美 女 子 纤 纤 细 步 的 诗 句	古   诗   孔   雀   东   南   飞   中   遍   有   赞   美   女   子   纤   纤   细   布   的   诗   句	0	0	2
/opt/gpfs/users/shuai/work/block-conversion-b2/OmniVoice/results_b2_final_gs3p0/seedtts_zh/00004847-00000037.wav	0.05263157894736842	二 零 一 七 年 五 月 热 点 城 市 房 价 涨 速 整 体 回 落	呃   二   零   一   七   年   五   月   热   点   城   市   房   价   涨   速   整   体   回   落	1	0	0
/opt/gpfs/users/shuai/work/block-conversion-b2/OmniVoice/results_b2_final_gs3p0/seedtts_zh/00004848-00000077.wav	0.041666666666666664	通 过 越 野 跑 邀 请 赛 为 当 地 旅 游 资 格 烙 上 活 力 无 限 的 印 记	啊   通   过   越   野   跑   邀   请   赛   为   当   地   旅   游   资   格   烙   上   活   力   无   限   的   印   记	1	0	0
/opt/gpfs/users/shuai/work/block-conversion-b2/OmniVoice/results_b2_final_gs3p0/seedtts_zh/00004848-00000092.wav	0.041666666666666664	凡 是 青 壮 年 的 健 全 男 子 都 要 应 征 入 伍 拿 起 武 器 参 加 战 斗	啊   凡   是   青   壮   年   的   健   全   男   子   都   要   应   征   入   伍   拿   起   武   器   参   加   战   斗	1	0	0
/opt/gpfs/users/shuai/work/block-conversion-b2/OmniVoice/results_b2_final_gs3p0/seedtts_zh/00004849-00000078.wav	0.038461538461538464	我 们 顺 着 石 头 铺 的 螺 旋 台 阶 走 了 上 去 穿 过 木 梁 屋 顶 下 的 长 廊	呃   我   们   顺   着   石   头   铺   的   螺   旋   台   阶   走   了   上   去   穿   过   木   梁   屋   顶   下   的   长   廊	1	0	0
/opt/gpfs/users/shuai/work/block-conversion-b2/OmniVoice/results_b2_final_gs3p0/seedtts_zh/00004849-00000053.wav	0.034482758620689655	法 院 与 不 动 产 登 记 部 门 加 强 沟 通 并 督 促 银 行 提 前 办 理 抵 押 预 约 登 记	呃   法   院   与   不   动   产   登   记   部   门   加   强   沟   通   并   督   促   银   行   提   前   办   理   抵   押   预   约   登   记	1	0	0
/opt/gpfs/users/shuai/work/block-conversion-b2/OmniVoice/results_b2_final_gs3p0/seedtts_zh/00004850-00000034.wav	0.0	文 本 转 换 器 进 行 转 码 这 样 得 到 的 中 文 就 和 原 文 一 致 了	文   本   转   换   器   进   行   转   码   这   样   得   到   的   中   文   就   和   原   文   一   致   了	0	0	0
/opt/gpfs/users/shuai/work/block-conversion-b2/OmniVoice/results_b2_final_gs3p0/seedtts_zh/00004850-00000074.wav	0.047619047619047616	比 如 用 舔 屁 眼 讽 刺 萨 科 奇 只 喜 欢 别 人 对 他 拍 马 屁	比   如   用   舔   屁   眼   讽   刺   萨   科   齐   只   喜   欢   别   人   对   他   拍   马   屁	0	0	1
/opt/gpfs/users/shuai/work/block-conversion-b2/OmniVoice/results_b2_final_gs3p0/seedtts_zh/00004851-00000096.wav	0.0	第 三 天 有 些 动 物 失 踪 了 大 家 都 知 道 是 狮 子 为 了 抢 夺 水 源 干 的	第   三   天   有   些   动   物   失   踪   了   大   家   都   知   道   是   狮   子   为   了   抢   夺   水   源   干   的	0	0	0
/opt/gpfs/users/shuai/work/block-conversion-b2/OmniVoice/results_b2_final_gs3p0/seedtts_zh/00004851-00000108.wav	0.045454545454545456	那 么 孔 老 师 跟 他 什 么 仇 什 么 怨 这 样 动 用 文 采 损 他 呢	那   么   孔   老   师   跟   他   什   么   仇   什   么   怨   这   样   动   用   文   才   损   他   呢	0	0	1
/opt/gpfs/users/shuai/work/block-conversion-b2/OmniVoice/results_b2_final_gs3p0/seedtts_zh/00004853-00000024.wav	0.0	亲 吻 和 拥 抱 是 张 杰 对 孩 子 们 经 常 做 的 动 作	亲   吻   和   拥   抱   是   张   杰   对   孩   子   们   经   常   做   的   动   作	0	0	0
/opt/gpfs/users/shuai/work/block-conversion-b2/OmniVoice/results_b2_final_gs3p0/seedtts_zh/00004853-00000047.wav	0.0	一 是 温 度 要 达 到 该 物 质 的 着 火 点 二 是 要 有 充 分 的 空 气	一   是   温   度   要   达   到   该   物   质   的   着   火   点   二   是   要   有   充   分   的   空   气	0	0	0
/opt/gpfs/users/shuai/work/block-conversion-b2/OmniVoice/results_b2_final_gs3p0/seedtts_zh/00004855-00000072.wav	0.11764705882352941	在 当 地 时 间 周 五 晚 结 束 的 一 场 友 谊 赛 中	啊   在   当   地   时   间   周   五   晚   结   束   的   一   场   友   谊   赛	1	1	0
/opt/gpfs/users/shuai/work/block-conversion-b2/OmniVoice/results_b2_final_gs3p0/seedtts_zh/00004855-00000035.wav	0.0	那 也 得 先 有 孩 子 呀 那 也 是 你 的 职 责	那   也   得   先   有   孩   子   呀   那   也   是   你   的   职   责	0	0	0
/opt/gpfs/users/shuai/work/block-conversion-b2/OmniVoice/results_b2_final_gs3p0/seedtts_zh/00004858-00000093.wav	0.0	让 鬼 王 鬼 后 出 没 人 间 时 却 意 外 得 到 拜 拜 民 众 的 温 暖 招 待 与 欢 迎	让   鬼   王   鬼   后   出   没   人   间   时   却   意   外   得   到   拜   拜   民   众   的   温   暖   招   待   与   欢   迎	0	0	0
/opt/gpfs/users/shuai/work/block-conversion-b2/OmniVoice/results_b2_final_gs3p0/seedtts_zh/00004858-00000113.wav	0.05555555555555555	房 屋 中 介 千 方 百 计 殷 勤 询 探 卖 不 卖 租 不 租	房   屋   中   介   千   方   百   计   殷   勤   寻   探   卖   不   卖   租   不   租	0	0	1
/opt/gpfs/users/shuai/work/block-conversion-b2/OmniVoice/results_b2_final_gs3p0/seedtts_zh/00004859-00000069.wav	0.043478260869565216	市 场 认 同 离 不 开 一 系 列 准 确 而 有 效 的 市 场 宣 传 和 推 广	呃   市   场   认   同   离   不   开   一   系   列   准   确   而   有   效   的   市   场   宣   传   和   推   广	1	0	0
/opt/gpfs/users/shuai/work/block-conversion-b2/OmniVoice/results_b2_final_gs3p0/seedtts_zh/00004859-00000005.wav	0.0	嗓 子 里 还 是 有 一 股 股 的 水 涌 上 来 连 带 着 一 阵 阵 恶 心	嗓   子   里   还   是   有   一   股   股   的   水   涌   上   来   连   带   着   一   阵   阵   恶   心	0	0	0
/opt/gpfs/users/shuai/work/block-conversion-b2/OmniVoice/results_b2_final_gs3p0/seedtts_zh/00004861-00000073.wav	0.0	将 原 有 的 铝 窗 之 外 另 外 再 加 装 遮 雨 遮 阳 的 罩 子 与 外 窗	将   原   有   的   铝   窗   之   外   另   外   再   加   装   遮   雨   遮   阳   的   罩   子   与   外   窗	0	0	0
/opt/gpfs/users/shuai/work/block-conversion-b2/OmniVoice/results_b2_final_gs3p0/seedtts_zh/00004861-00000008.wav	0.09523809523809523	而 且 她 一 直 以 为 他 的 头 发 是 属 于 很 硬 的 那 种 发 质	呃   而   且   他   一   直   以   为   他   的   头   发   是   属   于   很   硬   的   那   种   发   质	1	0	1
/opt/gpfs/users/shuai/work/block-conversion-b2/OmniVoice/results_b2_final_gs3p0/seedtts_zh/00004863-00000075.wav	0.0	我 只 希 望 女 儿 年 轻 的 时 候 读 书 上 大 学 安 安 稳 稳 过 日 子	我   只   希   望   女   儿   年   轻   的   时   候   读   书   上   大   学   安   安   稳   稳   过   日   子	0	0	0
/opt/gpfs/users/shuai/work/block-conversion-b2/OmniVoice/results_b2_final_gs3p0/seedtts_zh/00004863-00000010.wav	0.0	如 今 熬 夜 在 很 多 人 眼 中 都 是 家 常 便 饭	如   今   熬   夜   在   很   多   人   眼   中   都   是   家   常   便   饭	0	0	0
/opt/gpfs/users/shuai/work/block-conversion-b2/OmniVoice/results_b2_final_gs3p0/seedtts_zh/00004864-00000105.wav	0.045454545454545456	是 对 全 球 时 装 产 业 与 时 装 学 院 伟 大 成 就 的 曼 妙 回 眸	呃   是   对   全   球   时   装   产   业   与   时   装   学   院   伟   大   成   就   的   曼   妙   回   眸	1	0	0
/opt/gpfs/users/shuai/work/block-conversion-b2/OmniVoice/results_b2_final_gs3p0/seedtts_zh/00004864-00000005.wav	0.041666666666666664	子 贡 靠 着 他 巧 言 善 辩 曾 多 次 解 救 孔 子 及 其 他 弟 子 于 危 难	呃   子   贡   靠   着   他   巧   言   善   辩   曾   多   次   解   救   孔   子   及   其   他   弟   子   于   危   难	1	0	0
/opt/gpfs/users/shuai/work/block-conversion-b2/OmniVoice/results_b2_final_gs3p0/seedtts_zh/00004865-00000094.wav	0.0	此 前 一 次 的 业 绩 预 告 则 预 计 盈 利 六 亿 元 至 八 亿 元	此   前   一   次   的   业   绩   预   告   则   预   计   盈   利   六   亿   元   至   八   亿   元	0	0	0
/opt/gpfs/users/shuai/work/block-conversion-b2/OmniVoice/results_b2_final_gs3p0/seedtts_zh/00004865-00000080.wav	0.0	他 对 穿 着 十 分 讲 究 我 也 要 多 穿 点 衣 服 了	他   对   穿   着   十   分   讲   究   我   也   要   多   穿   点   衣   服   了	0	0	0
/opt/gpfs/users/shuai/work/block-conversion-b2/OmniVoice/results_b2_final_gs3p0/seedtts_zh/00004866-00000005.wav	0.0	因 为 我 们 悄 悄 走 过 所 以 当 时 那 些 惊 涛 骇 浪 都 烟 消 云 散	因   为   我   们   悄   悄   走   过   所   以   当   时   那   些   惊   涛   骇   浪   都   烟   消   云   散	0	0	0
/opt/gpfs/users/shuai/work/block-conversion-b2/OmniVoice/results_b2_final_gs3p0/seedtts_zh/00004866-00000081.wav	0.1	借 用 王 某 单 位 出 具 的 工 资 收 入 证 明 的 名 义 购 房	呃   借   用   王   某   单   位   出   具   的   工   资   收   入   证   明   的   名   义   购   房   呃	2	0	0
/opt/gpfs/users/shuai/work/block-conversion-b2/OmniVoice/results_b2_final_gs3p0/seedtts_zh/00004867-00000109.wav	0.0	将 蕾 丝 的 精 致 华 丽 与 皮 质 的 细 腻 柔 和 完 美 融 合	将   蕾   丝   的   精   致   华   丽   与   皮   质   的   细   腻   柔   和   完   美   融   合	0	0	0
/opt/gpfs/users/shuai/work/block-conversion-b2/OmniVoice/results_b2_final_gs3p0/seedtts_zh/00004867-00000078.wav	0.045454545454545456	肖 恩 基 尔 帕 特 里 克 和 乔 哈 里 斯 都 比 之 前 要 更 加 好 了	肖   恩   吉   尔   帕   特   里   克   和   乔   哈   里   斯   都   比   之   前   要   更   加   好   了	0	0	1
/opt/gpfs/users/shuai/work/block-conversion-b2/OmniVoice/results_b2_final_gs3p0/seedtts_zh/00004868-00000015.wav	0.05	比 如 有 的 业 主 贪 便 宜 找 马 路 上 的 游 击 队 来 装 修	啊   比   如   有   的   业   主   贪   便   宜   找   马   路   上   的   游   击   队   来   装   修	1	0	0
/opt/gpfs/users/shuai/work/block-conversion-b2/OmniVoice/results_b2_final_gs3p0/seedtts_zh/00004868-00000047.wav	0.0	拿 到 劳 伦 斯 奖 特 别 成 就 奖 后 李 娜 透 露 这 座 奖 杯 不 会 放 在 家 里	拿   到   劳   伦   斯   奖   特   别   成   就   奖   后   李   娜   透   露   这   座   奖   杯   不   会   放   在   家   里	0	0	0
/opt/gpfs/users/shuai/work/block-conversion-b2/OmniVoice/results_b2_final_gs3p0/seedtts_zh/00004869-00000080.wav	0.09523809523809523	而 且 她 一 直 以 为 他 的 头 发 是 属 于 很 硬 的 那 种 发 质	呃   而   且   他   一   直   以   为   他   的   头   发   是   属   于   很   硬   的   那   种   发   质	1	0	1
/opt/gpfs/users/shuai/work/block-conversion-b2/OmniVoice/results_b2_final_gs3p0/seedtts_zh/00004869-00000094.wav	0.0	横 琴 是 珠 海 面 积 最 大 的 海 岛 地 处 珠 江 口 西 岸	横   琴   是   珠   海   面   积   最   大   的   海   岛   地   处   珠   江   口   西   岸	0	0	0
/opt/gpfs/users/shuai/work/block-conversion-b2/OmniVoice/results_b2_final_gs3p0/seedtts_zh/00004871-00000006.wav	0.1111111111111111	拿 破 仑 远 征 俄 国 跟 他 的 婚 姻 有 一 定 的 关 系	哦   拿   破   仑   远   征   俄   国   跟   他   的   婚   姻   有   一   定   的   关   系   嗯	2	0	0
/opt/gpfs/users/shuai/work/block-conversion-b2/OmniVoice/results_b2_final_gs3p0/seedtts_zh/00004871-00000033.wav	0.0	癌 前 病 变 演 化 为 癌 的 几 率 仅 百 分 之 三 左 右	癌   前   病   变   演   化   为   癌   的   几   率   仅   百   分   之   三   左   右	0	0	0
/opt/gpfs/users/shuai/work/block-conversion-b2/OmniVoice/results_b2_final_gs3p0/seedtts_zh/00004872-00000022.wav	0.03571428571428571	自 己 以 及 家 人 的 信 息 为 交 换 条 件 的 免 费 领 赠 品 活 动 需 要 谨 慎 注 意	啊   自   己   以   及   家   人   的   信   息   为   交   换   条   件   的   免   费   领   赠   品   活   动   需   要   谨   慎   注   意	1	0	0
/opt/gpfs/users/shuai/work/block-conversion-b2/OmniVoice/results_b2_final_gs3p0/seedtts_zh/00004872-00000061.wav	0.0	一 个 疗 程 的 售 价 在 两 千 元 至 数 万 元 不 等	一   个   疗   程   的   售   价   在   两   千   元   至   数   万   元   不   等	0	0	0
/opt/gpfs/users/shuai/work/block-conversion-b2/OmniVoice/results_b2_final_gs3p0/seedtts_zh/00004875-00000007.wav	0.05	赖 佩 霞 为 什 么 会 选 择 这 个 相 对 冷 门 的 治 疗 领 域	啊   赖   佩   霞   为   什   么   会   选   择   这   个   相   对   冷   门   的   治   疗   领   域	1	0	0
/opt/gpfs/users/shuai/work/block-conversion-b2/OmniVoice/results_b2_final_gs3p0/seedtts_zh/00004875-00000010.wav	0.045454545454545456	为 庆 祝 主 题 为 英 伦 披 肩 幻 想 曲 高 定 披 肩 世 界 巡 回 展	啊   为   庆   祝   主   题   为   英   伦   披   肩   幻   想   曲   高   定   披   肩   世   界   巡   回   展	1	0	0
/opt/gpfs/users/shuai/work/block-conversion-b2/OmniVoice/results_b2_final_gs3p0/seedtts_zh/00004883-00000049.wav	0.0	能 够 分 享 秘 密 说 明 我 们 是 亲 密 无 间 的 好 朋 友	能   够   分   享   秘   密   说   明   我   们   是   亲   密   无   间   的   好   朋   友	0	0	0
/opt/gpfs/users/shuai/work/block-conversion-b2/OmniVoice/results_b2_final_gs3p0/seedtts_zh/00004883-00000009.wav	0.047619047619047616	首 先 使 自 己 挺 起 腰 杆 作 出 表 率 敢 抓 敢 管 敢 负 责 任	首   先   使   自   己   挺   起   腰   杆   做   出   表   率   敢   抓   敢   管   敢   负   责   任	0	0	1
/opt/gpfs/users/shuai/work/block-conversion-b2/OmniVoice/results_b2_final_gs3p0/seedtts_zh/00004884-00000071.wav	0.0	陈 鲁 豫 和 当 晚 的 演 讲 嘉 宾 们 一 起 畅 聊 王 小 波 的 过 往	陈   鲁   豫   和   当   晚   的   演   讲   嘉   宾   们   一   起   畅   聊   王   小   波   的   过   往	0	0	0
/opt/gpfs/users/shuai/work/block-conversion-b2/OmniVoice/results_b2_final_gs3p0/seedtts_zh/00004884-00000050.wav	0.037037037037037035	毒 虫 把 毒 品 丢 进 马 桶 冲 走 未 料 毒 品 又 浮 出 水 面 让 警 方 逮 个 正 着	呃   毒   虫   把   毒   品   丢   进   马   桶   冲   走   未   料   毒   品   又   浮   出   水   面   让   警   方   逮   个   正   着	1	0	0
/opt/gpfs/users/shuai/work/block-conversion-b2/OmniVoice/results_b2_final_gs3p0/seedtts_zh/00004885-00000005.wav	0.07407407407407407	李 雪 辉 将 钱 用 茶 叶 包 装 盒 包 好 放 进 塑 胶 桶 装 上 石 灰 用 砖 块 压 着	呃   李   雪   辉   将   钱   用   茶   叶   包   装   盒   包   好   放   进   塑   胶   桶   装   上   石   灰   用   砖   块   压   着   啊	2	0	0
/opt/gpfs/users/shuai/work/block-conversion-b2/OmniVoice/results_b2_final_gs3p0/seedtts_zh/00004885-00000056.wav	0.047619047619047616	尤 文 图 斯 将 与 阿 森 纳 争 斗 葡 萄 牙 中 场 威 廉 卡 瓦 诺	呃   尤   文   图   斯   将   与   阿   森   纳   争   斗   葡   萄   牙   中   场   威   廉   卡   瓦   诺	1	0	0
/opt/gpfs/users/shuai/work/block-conversion-b2/OmniVoice/results_b2_final_gs3p0/seedtts_zh/00004886-00000102.wav	0.0	御 厨 又 拿 过 一 杯 金 光 闪 闪 的 红 色 液 体 雪 孩 子 抿 了 一 小 口	御   厨   又   拿   过   一   杯   金   光   闪   闪   的   红   色   液   体   雪   孩   子   抿   了   一   小   口	0	0	0
/opt/gpfs/users/shuai/work/block-conversion-b2/OmniVoice/results_b2_final_gs3p0/seedtts_zh/00004886-00000113.wav	0.09523809523809523	突 然 屋 外 变 得 十 分 喧 闹 随 后 一 大 队 人 马 涌 了 进 来	哇   屋   外   变   得   十   分   喧   闹   随   后   一   大   队   人   马   涌   了   进   来	0	1	1
/opt/gpfs/users/shuai/work/block-conversion-b2/OmniVoice/results_b2_final_gs3p0/seedtts_zh/00004887-00000116.wav	0.0625	恰 在 此 时 他 遇 到 了 他 的 铁 哥 们 乔 哈 帕	呃   恰   在   此   时   他   遇   到   了   他   的   铁   哥   们   乔   哈   帕	1	0	0
/opt/gpfs/users/shuai/work/block-conversion-b2/OmniVoice/results_b2_final_gs3p0/seedtts_zh/00004887-00000102.wav	0.06666666666666667	然 后 你 就 掏 出 烟 斗 咱 俩 点 上 火 来 抽	啊   然   后   你   就   掏   出   烟   斗   咱   俩   点   上   火   来   抽	1	0	0
/opt/gpfs/users/shuai/work/block-conversion-b2/OmniVoice/results_b2_final_gs3p0/seedtts_zh/00004888-00000027.wav	0.08	共 和 党 原 准 备 于 二 十 日 特 朗 普 上 任 当 天 确 认 蓬 佩 奥 的 提 名	呃   共   和   党   原   准   备   于   二   十   日   特   朗   普   上   任   当   天   确   认   蓬   佩   奥   的   提   名   呃	2	0	0
/opt/gpfs/users/shuai/work/block-conversion-b2/OmniVoice/results_b2_final_gs3p0/seedtts_zh/00004888-00000019.wav	0.0	当 时 中 国 将 中 海 油 九 百 八 十 一 号 钻 油 台 运 送 到 西 沙 群 岛 一 带 海 域 钻 探	当   时   中   国   将   中   海   油   九   百   八   十   一   号   钻   油   台   运   送   到   西   沙   群   岛   一   带   海   域   钻   探	0	0	0
/opt/gpfs/users/shuai/work/block-conversion-b2/OmniVoice/results_b2_final_gs3p0/seedtts_zh/00004889-00000029.wav	0.08333333333333333	说 完 小 宝 几 步 爬 上 了 树 大 树 很 高 不 好 爬 小 宝 爬 得 很 吃 力	啊   说   完   小   宝   几   步   爬   上   了   树   大   树   很   高   不   好   爬   小   宝   爬   的   很   吃   力	1	0	1
/opt/gpfs/users/shuai/work/block-conversion-b2/OmniVoice/results_b2_final_gs3p0/seedtts_zh/00004889-00000050.wav	0.045454545454545456	再 笨 也 看 得 出 来 这 群 黑 甲 军 是 特 地 针 对 苍 天 三 人 的	哎   再   笨   也   看   得   出   来   这   群   黑   甲   军   是   特   地   针   对   苍   天   三   人   的	1	0	0
/opt/gpfs/users/shuai/work/block-conversion-b2/OmniVoice/results_b2_final_gs3p0/seedtts_zh/00004890-00000111.wav	0.0	汤 姆 帮 了 我 很 多 忙 今 晚 我 整 理 整 理 就 拍	汤   姆   帮   了   我   很   多   忙   今   晚   我   整   理   整   理   就   拍	0	0	0
/opt/gpfs/users/shuai/work/block-conversion-b2/OmniVoice/results_b2_final_gs3p0/seedtts_zh/00004890-00000021.wav	0.0	可 怕 的 力 量 如 惊 涛 骇 浪 一 般 汹 涌 澎 湃 而 出	可   怕   的   力   量   如   惊   涛   骇   浪   一   般   汹   涌   澎   湃   而   出	0	0	0
/opt/gpfs/users/shuai/work/block-conversion-b2/OmniVoice/results_b2_final_gs3p0/seedtts_zh/00004891-00000051.wav	0.08	你 在 我 们 屋 子 里 走 路 的 时 候 发 现 路 程 遥 远 这 是 不 足 为 怪 的	啊   你   在   我   们   屋   子   里   走   路   的   时   候   发   现   路   程   遥   远   这   是   不   足   为   怪   的   啊	2	0	0
/opt/gpfs/users/shuai/work/block-conversion-b2/OmniVoice/results_b2_final_gs3p0/seedtts_zh/00004891-00000087.wav	0.1	事 情 没 有 调 查 清 楚 怎 么 这 样 说 会 有 因 果 报 应 的	呃   事   情   没   有   调   查   清   楚   怎   么   这   样   说   会   有   因   果   报   应   呢	1	0	1
/opt/gpfs/users/shuai/work/block-conversion-b2/OmniVoice/results_b2_final_gs3p0/seedtts_zh/00004894-00000113.wav	0.0	在 他 看 来 像 这 般 用 一 排 大 炮 来 歼 灭 一 只 小 虫	在   他   看   来   像   这   般   用   一   排   大   炮   来   歼   灭   一   只   小   虫	0	0	0
/opt/gpfs/users/shuai/work/block-conversion-b2/OmniVoice/results_b2_final_gs3p0/seedtts_zh/00004894-00000042.wav	0.0	这 些 擦 肩 而 过 萍 水 相 逢 的 人 真 的 是 偶 然 遭 遇 吗	这   些   擦   肩   而   过   萍   水   相   逢   的   人   真   的   是   偶   然   遭   遇   吗	0	0	0
/opt/gpfs/users/shuai/work/block-conversion-b2/OmniVoice/results_b2_final_gs3p0/seedtts_zh/00004895-00000098.wav	0.0	其 实 葵 花 籽 含 有 大 量 的 亚 油 酸 以 及 多 种 氨 基 酸	其   实   葵   花   籽   含   有   大   量   的   亚   油   酸   以   及   多   种   氨   基   酸	0	0	0
/opt/gpfs/users/shuai/work/block-conversion-b2/OmniVoice/results_b2_final_gs3p0/seedtts_zh/00004895-00000090.wav	0.0	致 使 银 行 的 同 业 业 务 和 表 外 业 务 出 现 了 明 显 收 缩	致   使   银   行   的   同   业   业   务   和   表   外   业   务   出   现   了   明   显   收   缩	0	0	0
/opt/gpfs/users/shuai/work/block-conversion-b2/OmniVoice/results_b2_final_gs3p0/seedtts_zh/00004896-00000002.wav	0.125	忘 了 他 吧 今 晚 到 我 家 来 咱 们 一 醉 方 休	啊   忘   了   他   吧   今   晚   到   我   家   来   咱   们   一   醉   方   休   啊	2	0	0
/opt/gpfs/users/shuai/work/block-conversion-b2/OmniVoice/results_b2_final_gs3p0/seedtts_zh/00004896-00000014.wav	0.1	贾 梅 二 十 一 日 携 带 一 千 多 万 美 元 踏 上 流 亡 之 路	啊   甲   梅   二   十   一   日   携   带   一   千   多   万   美   元   踏   上   流   亡   之   路	1	0	1
/opt/gpfs/users/shuai/work/block-conversion-b2/OmniVoice/results_b2_final_gs3p0/seedtts_zh/00004898-00000081.wav	0.0	这 一 天 天 上 的 乌 云 又 多 又 厚 又 沉 整 个 森 林 暗 得 就 像 黑 夜 一 样	这   一   天   天   上   的   乌   云   又   多   又   厚   又   沉   整   个   森   林   暗   得   就   像   黑   夜   一   样	0	0	0
/opt/gpfs/users/shuai/work/block-conversion-b2/OmniVoice/results_b2_final_gs3p0/seedtts_zh/00004898-00000002.wav	0.0	然 而 位 于 维 纳 恩 湖 以 南 的 地 方 都 又 好 又 容 易 耕 种 跟 现 在 一 样	然   而   位   于   维   纳   恩   湖   以   南   的   地   方   都   又   好   又   容   易   耕   种   跟   现   在   一   样	0	0	0
/opt/gpfs/users/shuai/work/block-conversion-b2/OmniVoice/results_b2_final_gs3p0/seedtts_zh/00004899-00000055.wav	0.038461538461538464	最 小 的 人 叫 米 克 他 很 渴 望 能 做 敲 钟 人 可 是 他 的 力 气 又 那 么 小	啊   最   小   的   人   叫   米   克   他   很   渴   望   能   做   敲   钟   人   可   是   他   的   力   气   又   那   么   小	1	0	0
/opt/gpfs/users/shuai/work/block-conversion-b2/OmniVoice/results_b2_final_gs3p0/seedtts_zh/00004899-00000093.wav	0.05	那 无 边 无 际 的 大 海 啊 不 会 因 时 间 的 推 移 而 变 化	啊   那   无   边   无   际   的   大   海   啊   不   会   因   时   间   的   推   移   而   变   化	1	0	0
/opt/gpfs/users/shuai/work/block-conversion-b2/OmniVoice/results_b2_final_gs3p0/seedtts_zh/00004902-00000055.wav	0.041666666666666664	印 度 在 六 月 中 下 旬 与 美 国 开 展 了 一 系 列 安 全 领 域 互 动 后	呃   印   度   在   六   月   中   下   旬   与   美   国   开   展   了   一   系   列   安   全   领   域   互   动   后	1	0	0
/opt/gpfs/users/shuai/work/block-conversion-b2/OmniVoice/results_b2_final_gs3p0/seedtts_zh/00004902-00000063.wav	0.05555555555555555	同 业 存 单 对 于 金 融 机 构 而 言 具 有 积 极 意 义	呃   同   业   存   单   对   于   金   融   机   构   而   言   具   有   积   极   意   义	1	0	0
/opt/gpfs/users/shuai/work/block-conversion-b2/OmniVoice/results_b2_final_gs3p0/seedtts_zh/00004903-00000026.wav	0.03571428571428571	尾 号 四 四 三 七 五 的 乘 客 刚 夸 了 你 师 傅 操 作 猛 如 虎 上 班 路 上 不 添 堵	呃   尾   号   四   四   三   七   五   的   乘   客   刚   夸   了   你   师   傅   操   作   猛   如   虎   上   班   路   上   不   添   堵	1	0	0
/opt/gpfs/users/shuai/work/block-conversion-b2/OmniVoice/results_b2_final_gs3p0/seedtts_zh/00004903-00000067.wav	0.05263157894736842	他 陪 舅 舅 到 简 阳 一 所 学 校 考 察 捐 资 改 建 事 宜	呃   他   陪   舅   舅   到   简   阳   一   所   学   校   考   察   捐   资   改   建   事   宜	1	0	0
/opt/gpfs/users/shuai/work/block-conversion-b2/OmniVoice/results_b2_final_gs3p0/seedtts_zh/00004904-00000100.wav	0.045454545454545456	一 个 浅 口 黑 碗 里 倒 满 米 酒 党 师 傅 一 饮 而 尽 碗 口 朝 下	呃   一   个   浅   口   黑   碗   里   倒   满   米   酒   党   师   傅   一   饮   而   尽   碗   口   朝   下	1	0	0
/opt/gpfs/users/shuai/work/block-conversion-b2/OmniVoice/results_b2_final_gs3p0/seedtts_zh/00004904-00000046.wav	0.041666666666666664	而 他 不 知 道 的 是 这 个 所 谓 的 陌 生 女 孩 早 已 对 他 芳 心 暗 许	而   而   他   不   知   道   的   是   这   个   所   谓   的   陌   生   女   孩   早   已   对   他   芳   心   暗   许	1	0	0
/opt/gpfs/users/shuai/work/block-conversion-b2/OmniVoice/results_b2_final_gs3p0/seedtts_zh/00004905-00000109.wav	0.07692307692307693	夏 日 清 爽 补 养 喝 燕 窝 产 前 打 造 优 质 母 体 产 后 补 养 元 气 好 气 色	呃   夏   日   清   爽   补   养   喝   燕   窝   产   前   打   造   优   质   母   体   产   后   补   养   元   气   耗   气   色	1	0	1
/opt/gpfs/users/shuai/work/block-conversion-b2/OmniVoice/results_b2_final_gs3p0/seedtts_zh/00004905-00000054.wav	0.045454545454545456	毛 泽 东 一 语 点 醒 梦 中 人 改 浅 距 离 迂 回 为 远 距 离 包 抄	呃   毛   泽   东   一   语   点   醒   梦   中   人   改   浅   距   离   迂   回   为   远   距   离   包   抄	1	0	0
/opt/gpfs/users/shuai/work/block-conversion-b2/OmniVoice/results_b2_final_gs3p0/seedtts_zh/00004906-00000060.wav	0.15789473684210525	夜 鹰 类 的 蛋 壳 上 都 长 有 与 大 理 石 相 似 的 花 纹	呃   夜   莺   类   的   蛋   壳   上   都   藏   有   与   大   理   石   相   似   的   花   纹	1	0	2
/opt/gpfs/users/shuai/work/block-conversion-b2/OmniVoice/results_b2_final_gs3p0/seedtts_zh/00004906-00000111.wav	0.05263157894736842	但 是 总 觉 得 从 前 这 里 曾 经 有 过 骁 勇 强 悍 斗 士	呃   但   是   总   觉   得   从   前   这   里   曾   经   有   过   骁   勇   强   悍   斗   士	1	0	0
/opt/gpfs/users/shuai/work/block-conversion-b2/OmniVoice/results_b2_final_gs3p0/seedtts_zh/00004907-00000035.wav	0.09523809523809523	当 时 只 剩 下 田 永 梅 老 人 孤 零 零 地 守 着 那 栋 小 木 楼	啊   当   时   只   剩   下   田   永   梅   老   人   孤   零   零   的   守   着   那   栋   小   木   楼	1	0	1
/opt/gpfs/users/shuai/work/block-conversion-b2/OmniVoice/results_b2_final_gs3p0/seedtts_zh/00004907-00000075.wav	0.047619047619047616	我 们 在 避 免 这 些 行 为 之 后 还 可 以 通 过 食 物 养 养 胃	啊   我   们   在   避   免   这   些   行   为   之   后   还   可   以   通   过   食   物   养   养   胃	1	0	0
/opt/gpfs/users/shuai/work/block-conversion-b2/OmniVoice/results_b2_final_gs3p0/seedtts_zh/00004908-00000036.wav	0.0	才 出 现 了 包 含 各 种 冬 季 运 动 项 目 的 冬 季 奥 运 会	才   出   现   了   包   含   各   种   冬   季   运   动   项   目   的   冬   季   奥   运   会	0	0	0
/opt/gpfs/users/shuai/work/block-conversion-b2/OmniVoice/results_b2_final_gs3p0/seedtts_zh/00004908-00000044.wav	0.045454545454545456	而 预 言 的 神 奇 之 处 往 往 在 于 它 对 于 政 治 阴 谋 的 洞 察	而   预   言   的   神   奇   之   处   往   往   在   于   他   对   于   政   治   阴   谋   的   洞   察	0	0	1
/opt/gpfs/users/shuai/work/block-conversion-b2/OmniVoice/results_b2_final_gs3p0/seedtts_zh/00004909-00000078.wav	0.14285714285714285	因 此 在 遭 受 杜 宾 斯 先 生 有 史 以 来 最 严 酷 的 鞭 笞 时	呃   因   此   在   遭   受   杜   宾   斯   先   生   有   史   以   来   最   严   酷   的   鞭   耻   时   啊	2	0	1
/opt/gpfs/users/shuai/work/block-conversion-b2/OmniVoice/results_b2_final_gs3p0/seedtts_zh/00004909-00000046.wav	0.0	尾 号 五 四 四 九 的 乘 客 刚 夸 了 你 师 傅 开 车 顶 呱 呱 让 我 想 要 夸 一 夸	尾   号   五   四   四   九   的   乘   客   刚   夸   了   你   师   傅   开   车   顶   呱   呱   让   我   想   要   夸   一   夸	0	0	0
/opt/gpfs/users/shuai/work/block-conversion-b2/OmniVoice/results_b2_final_gs3p0/seedtts_zh/00004912-00000051.wav	0.05	但 公 共 政 策 的 难 点 就 在 于 公 平 和 效 率 不 可 兼 得	啊   但   公   共   政   策   的   难   点   就   在   于   公   平   和   效   率   不   可   兼   得	1	0	0
/opt/gpfs/users/shuai/work/block-conversion-b2/OmniVoice/results_b2_final_gs3p0/seedtts_zh/00004912-00000043.wav	0.05263157894736842	张 婆 婆 性 情 温 顺 和 善 身 体 硬 朗 挺 直 行 动 利 索	王   婆   婆   性   情   温   顺   和   善   身   体   硬   朗   挺   直   行   动   利   索	0	0	1
/opt/gpfs/users/shuai/work/block-conversion-b2/OmniVoice/results_b2_final_gs3p0/seedtts_zh/00004914-00000066.wav	0.03571428571428571	凯 特 王 妃 所 穿 的 这 条 蕾 丝 长 袖 婚 纱 可 谓 是 曝 光 度 最 高 的 婚 纱 之 一	呃   凯   特   王   妃   所   穿   的   这   条   蕾   丝   长   袖   婚   纱   可   谓   是   曝   光   度   最   高   的   婚   纱   之   一	1	0	0
/opt/gpfs/users/shuai/work/block-conversion-b2/OmniVoice/results_b2_final_gs3p0/seedtts_zh/00004914-00000113.wav	0.0	男 孩 子 要 是 稍 一 动 弹 就 会 把 他 们 惊 醒 过 来	男   孩   子   要   是   稍   一   动   弹   就   会   把   他   们   惊   醒   过   来	0	0	0
/opt/gpfs/users/shuai/work/block-conversion-b2/OmniVoice/results_b2_final_gs3p0/seedtts_zh/00004915-00000052.wav	0.045454545454545456	希 望 他 们 以 上 的 介 绍 对 生 活 中 的 各 位 朋 友 有 所 帮 助	我   希   望   他   们   以   上   的   介   绍   对   生   活   中   的   各   位   朋   友   有   所   帮   助	1	0	0
/opt/gpfs/users/shuai/work/block-conversion-b2/OmniVoice/results_b2_final_gs3p0/seedtts_zh/00004915-00000113.wav	0.0	城 隍 神 是 专 门 负 责 守 护 城 池 的 职 责 是 护 国 安 邦 惩 恶 扬 善	城   隍   神   是   专   门   负   责   守   护   城   池   的   职   责   是   护   国   安   邦   惩   恶   扬   善	0	0	0
/opt/gpfs/users/shuai/work/block-conversion-b2/OmniVoice/results_b2_final_gs3p0/seedtts_zh/00004916-00000019.wav	0.05263157894736842	由 于 价 格 属 于 渠 道 商 隐 私 故 不 提 供 直 接 下 载	啊   由   于   价   格   属   于   渠   道   商   隐   私   故   不   提   供   直   接   下   载	1	0	0
/opt/gpfs/users/shuai/work/block-conversion-b2/OmniVoice/results_b2_final_gs3p0/seedtts_zh/00004916-00000107.wav	0.045454545454545456	温 州 人 就 这 样 子 哪 里 便 宜 你 去 买 吧 哦 可 以 就 这 样 子	啊   温   州   人   就   这   样   子   哪   里   便   宜   你   去   买   吧   哦   可   以   就   这   样   子	1	0	0
/opt/gpfs/users/shuai/work/block-conversion-b2/OmniVoice/results_b2_final_gs3p0/seedtts_zh/00004917-00000087.wav	0.043478260869565216	其 余 的 废 物 需 要 经 过 水 的 运 送 通 过 肾 脏 由 尿 排 出 体 外	呃   其   余   的   废   物   需   要   经   过   水   的   运   送   通   过   肾   脏   由   尿   排   出   体   外	1	0	0
/opt/gpfs/users/shuai/work/block-conversion-b2/OmniVoice/results_b2_final_gs3p0/seedtts_zh/00004917-00000076.wav	0.0	军 绿 酒 红 暗 黑 深 藏 蓝 色 系 主 导 之 下 的 深 沉	军   绿   酒   红   暗   黑   深   藏   蓝   色   系   主   导   之   下   的   深   沉	0	0	0
/opt/gpfs/users/shuai/work/block-conversion-b2/OmniVoice/results_b2_final_gs3p0/seedtts_zh/00004918-00000021.wav	0.045454545454545456	老 三 也 就 是 排 在 长 兄 左 边 的 那 一 个 一 开 始 也 很 顺 利	啊   老   三   也   就   是   排   在   长   兄   左   边   的   那   一   个   一   开   始   也   很   顺   利	1	0	0
/opt/gpfs/users/shuai/work/block-conversion-b2/OmniVoice/results_b2_final_gs3p0/seedtts_zh/00004918-00000111.wav	0.058823529411764705	小 聪 明 也 是 聪 明 嘛 一 天 玩 了 三 天 的 马 戏	哦   小   聪   明   也   是   聪   明   嘛   一   天   玩   了   三   天   的   马   戏	1	0	0
/opt/gpfs/users/shuai/work/block-conversion-b2/OmniVoice/results_b2_final_gs3p0/seedtts_zh/00004919-00000063.wav	0.04	猴 群 长 幼 尊 卑 等 级 划 分 森 严 地 位 越 低 的 猴 子 离 电 热 板 越 远	呃   猴   群   长   幼   尊   卑   等   级   划   分   森   严   地   位   越   低   的   猴   子   离   电   热   板   越   远	1	0	0
/opt/gpfs/users/shuai/work/block-conversion-b2/OmniVoice/results_b2_final_gs3p0/seedtts_zh/00004919-00000103.wav	0.045454545454545456	抵 达 岳 阳 后 又 坐 汽 车 第 一 时 间 赶 往 岳 阳 市 内 涝 现 场	呃   抵   达   岳   阳   后   又   坐   汽   车   第   一   时   间   赶   往   岳   阳   市   内   涝   现   场	1	0	0
/opt/gpfs/users/shuai/work/block-conversion-b2/OmniVoice/results_b2_final_gs3p0/seedtts_zh/00004920-00000020.wav	0.04	准 备 进 山 采 挖 冬 虫 夏 草 的 牧 民 们 注 意 出 行 安 全 及 防 寒 保 暖	呃   准   备   进   山   采   挖   冬   虫   夏   草   的   牧   民   们   注   意   出   行   安   全   及   防   寒   保   暖	1	0	0
/opt/gpfs/users/shuai/work/block-conversion-b2/OmniVoice/results_b2_final_gs3p0/seedtts_zh/00004920-00000104.wav	0.05263157894736842	大 部 分 肥 胖 朋 友 会 出 现 脂 肪 代 谢 紊 乱 的 现 象	呃   大   部   分   肥   胖   朋   友   会   出   现   脂   肪   代   谢   紊   乱   的   现   象	1	0	0
/opt/gpfs/users/shuai/work/block-conversion-b2/OmniVoice/results_b2_final_gs3p0/seedtts_zh/00004921-00000094.wav	0.05555555555555555	科 学 家 一 直 希 望 研 制 出 能 预 防 癌 症 的 疫 苗	呃   科   学   家   一   直   希   望   研   制   出   能   预   防   癌   症   的   疫   苗	1	0	0
/opt/gpfs/users/shuai/work/block-conversion-b2/OmniVoice/results_b2_final_gs3p0/seedtts_zh/00004921-00000062.wav	0.05263157894736842	这 时 候 胎 儿 有 鼻 子 无 法 呼 吸 有 嘴 巴 不 能 吃 喝	呃   这   时   候   胎   儿   有   鼻   子   无   法   呼   吸   有   嘴   巴   不   能   吃   喝	1	0	0
/opt/gpfs/users/shuai/work/block-conversion-b2/OmniVoice/results_b2_final_gs3p0/seedtts_zh/00004922-00000019.wav	0.0625	他 和 这 个 战 神 还 有 一 个 战 约 没 有 完 成	呃   他   和   这   个   战   神   还   有   一   个   战   约   没   有   完   成	1	0	0
/opt/gpfs/users/shuai/work/block-conversion-b2/OmniVoice/results_b2_final_gs3p0/seedtts_zh/00004922-00000016.wav	0.09090909090909091	把 恐 怖 禁 忌 转 为 温 馨 场 景 带 出 存 好 心 备 好 料 的 诉 求	把   恐   怖   竞   技   转   为   温   馨   场   景   带   出   存   好   心   备   好   料   的   诉   求	0	0	2
/opt/gpfs/users/shuai/work/block-conversion-b2/OmniVoice/results_b2_final_gs3p0/seedtts_zh/00004923-00000016.wav	0.09523809523809523	你 用 这 些 花 给 你 大 哥 点 缀 天 廷 给 你 二 哥 增 色 江 山	啊   你   用   这   些   花   给   你   大   哥   点   缀   天   庭   给   你   二   哥   增   色   江   山	1	0	1
/opt/gpfs/users/shuai/work/block-conversion-b2/OmniVoice/results_b2_final_gs3p0/seedtts_zh/00004923-00000062.wav	0.0	还 有 约 翰 尼 米 勒 我 倒 是 很 想 让 约 翰 尼 米 勒 尝 两 口	还   有   约   翰   尼   米   勒   我   倒   是   很   想   让   约   翰   尼   米   勒   尝   两   口	0	0	0
/opt/gpfs/users/shuai/work/block-conversion-b2/OmniVoice/results_b2_final_gs3p0/seedtts_zh/00004925-00000087.wav	0.10526315789473684	人 们 建 造 了 一 座 带 教 堂 的 医 院 奉 献 给 圣 约 然	呃   人   们   建   造   了   一   座   带   教   堂   的   医   院   奉   献   给   圣   悦   然	1	0	1
/opt/gpfs/users/shuai/work/block-conversion-b2/OmniVoice/results_b2_final_gs3p0/seedtts_zh/00004925-00000068.wav	0.1	儿 子 媳 妇 工 作 太 忙 也 顾 不 上 管 娃 娃 成 绩 不 咋 地	儿   儿   子   媳   妇   儿   工   作   太   忙   也   顾   不   上   管   娃   娃   成   绩   不   咋   地	2	0	0
/opt/gpfs/users/shuai/work/block-conversion-b2/OmniVoice/results_b2_final_gs3p0/seedtts_zh/00004926-00000078.wav	0.04	你 在 我 们 屋 子 里 走 路 的 时 候 发 现 路 程 遥 远 这 是 不 足 为 怪 的	啊   你   在   我   们   屋   子   里   走   路   的   时   候   发   现   路   程   遥   远   这   是   不   足   为   怪   的	1	0	0
/opt/gpfs/users/shuai/work/block-conversion-b2/OmniVoice/results_b2_final_gs3p0/seedtts_zh/00004926-00000048.wav	0.07692307692307693	请 你 帮 我 织 一 张 渔 网 吧 我 要 捕 鱼 给 我 的 好 朋 友 眯 眼 做 生 日 宴	呃   请   你   帮   我   织   一   张   鱼   网   吧   我   要   捕   鱼   给   我   的   好   朋   友   眯   眼   做   生   日   宴	1	0	1
/opt/gpfs/users/shuai/work/block-conversion-b2/OmniVoice/results_b2_final_gs3p0/seedtts_zh/00004927-00000054.wav	0.05263157894736842	实 际 上 在 台 湾 许 多 父 母 都 是 这 样 告 诉 子 女 的	呃   实   际   上   在   台   湾   许   多   父   母   都   是   这   样   告   诉   子   女   的	1	0	0
/opt/gpfs/users/shuai/work/block-conversion-b2/OmniVoice/results_b2_final_gs3p0/seedtts_zh/00004927-00000017.wav	0.0	一 声 叹 息 我 没 懂 选 购 宝 宝 喜 爱 的 餐 具	一   声   叹   息   我   没   懂   选   购   宝   宝   喜   爱   的   餐   具	0	0	0
/opt/gpfs/users/shuai/work/block-conversion-b2/OmniVoice/results_b2_final_gs3p0/seedtts_zh/00004928-00000063.wav	0.0	印 军 非 但 不 予 理 睬 反 而 一 拥 而 上 想 把 中 国 士 兵 绑 架 出 境	印   军   非   但   不   予   理   睬   反   而   一   拥   而   上   想   把   中   国   士   兵   绑   架   出   境	0	0	0
/opt/gpfs/users/shuai/work/block-conversion-b2/OmniVoice/results_b2_final_gs3p0/seedtts_zh/00004928-00000062.wav	0.07407407407407407	换 完 以 后 农 夫 本 可 以 转 身 回 去 了 他 不 是 把 要 办 完 的 事 办 完 了 吗	啊   换   完   以   后   农   夫   本   可   以   转   身   回   去   了   他   不   是   把   要   办   完   的   事   办   完   了	1	1	0
/opt/gpfs/users/shuai/work/block-conversion-b2/OmniVoice/results_b2_final_gs3p0/seedtts_zh/00004929-00000047.wav	0.04	以 前 总 有 网 友 调 侃 明 星 爱 找 嫩 模 而 现 在 的 明 星 却 独 爱 网 红	啊   以   前   总   有   网   友   调   侃   明   星   爱   找   嫩   模   而   现   在   的   明   星   却   独   爱   网   红	1	0	0
/opt/gpfs/users/shuai/work/block-conversion-b2/OmniVoice/results_b2_final_gs3p0/seedtts_zh/00004929-00000078.wav	0.0	秋 冬 系 列 还 特 别 推 出 复 古 皮 靴 及 连 袜 鞋	秋   冬   系   列   还   特   别   推   出   复   古   皮   靴   及   连   袜   鞋	0	0	0
/opt/gpfs/users/shuai/work/block-conversion-b2/OmniVoice/results_b2_final_gs3p0/seedtts_zh/00004930-00000084.wav	0.043478260869565216	我 怎 么 感 觉 网 络 游 戏 的 画 质 不 仅 没 有 比 单 机 游 戏 降 低	呃   我   怎   么   感   觉   网   络   游   戏   的   画   质   不   仅   没   有   比   单   机   游   戏   降   低	1	0	0
/opt/gpfs/users/shuai/work/block-conversion-b2/OmniVoice/results_b2_final_gs3p0/seedtts_zh/00004930-00000030.wav	0.037037037037037035	国 王 穿 好 衣 服 戴 好 皇 冠 推 开 卧 室 的 门 浓 重 的 夜 色 立 刻 扑 面 而 来	啊   国   王   穿   好   衣   服   戴   好   皇   冠   推   开   卧   室   的   门   浓   重   的   夜   色   立   刻   扑   面   而   来	1	0	0
/opt/gpfs/users/shuai/work/block-conversion-b2/OmniVoice/results_b2_final_gs3p0/seedtts_zh/00004931-00000023.wav	0.0	聂 凤 一 点 不 像 家 长 口 中 以 学 霸 为 主 的 别 人 家 的 娃 那 般 让 人 喜 欢 不 起 来	聂   凤   一   点   不   像   家   长   口   中   以   学   霸   为   主   的   别   人   家   的   娃   那   般   让   人   喜   欢   不   起   来	0	0	0
/opt/gpfs/users/shuai/work/block-conversion-b2/OmniVoice/results_b2_final_gs3p0/seedtts_zh/00004931-00000080.wav	0.08333333333333333	从 圣 彼 得 堡 音 乐 院 毕 业 后 他 转 往 莫 斯 科 音 乐 院 担 任 教 授	啊   从   圣   彼   得   堡   音   乐   院   毕   业   后   他   转   往   莫   斯   科   音   乐   院   担   任   教   授   啊	2	0	0
/opt/gpfs/users/shuai/work/block-conversion-b2/OmniVoice/results_b2_final_gs3p0/seedtts_zh/00004932-00000013.wav	0.0	这 时 开 始 种 五 谷 制 造 生 产 工 具 用 兽 皮 制 作 衣 冠	这   时   开   始   种   五   谷   制   造   生   产   工   具   用   兽   皮   制   作   衣   冠	0	0	0
/opt/gpfs/users/shuai/work/block-conversion-b2/OmniVoice/results_b2_final_gs3p0/seedtts_zh/00004932-00000081.wav	0.0	自 己 以 及 家 人 的 生 日 信 息 为 交 换 条 件 的 免 费 领 赠 品 活 动 需 要 谨 慎 注 意	自   己   以   及   家   人   的   生   日   信   息   为   交   换   条   件   的   免   费   领   赠   品   活   动   需   要   谨   慎   注   意	0	0	0
/opt/gpfs/users/shuai/work/block-conversion-b2/OmniVoice/results_b2_final_gs3p0/seedtts_zh/00004933-00000046.wav	0.11764705882352941	结 果 被 卡 住 消 防 员 用 葵 花 油 倒 在 他 身 上	呃   结   果   被   卡   住   消   防   员   用   葵   花   油   倒   在   他   身   上   嗯	2	0	0
/opt/gpfs/users/shuai/work/block-conversion-b2/OmniVoice/results_b2_final_gs3p0/seedtts_zh/00004933-00000041.wav	0.0	我 喜 欢 春 天 这 时 候 万 物 转 绿 几 乎 总 是 晴 天	我   喜   欢   春   天   这   时   候   万   物   转   绿   几   乎   总   是   晴   天	0	0	0
/opt/gpfs/users/shuai/work/block-conversion-b2/OmniVoice/results_b2_final_gs3p0/seedtts_zh/00004934-00000024.wav	0.038461538461538464	张 家 界 怒 气 未 消 抓 起 路 边 的 草 果 样 的 东 西 狠 狠 的 咬 了 一 大 口	哦   张   家   界   怒   气   未   消   抓   起   路   边   的   草   果   样   的   东   西   狠   狠   的   咬   了   一   大   口	1	0	0
/opt/gpfs/users/shuai/work/block-conversion-b2/OmniVoice/results_b2_final_gs3p0/seedtts_zh/00004934-00000094.wav	0.041666666666666664	北 三 县 境 内 以 早 安 北 京 为 代 表 的 宜 居 房 产 也 将 受 到 关 注	北   三   线   境   内   以   早   安   北   京   为   代   表   的   宜   居   房   产   也   将   受   到   关   注	0	0	1
/opt/gpfs/users/shuai/work/block-conversion-b2/OmniVoice/results_b2_final_gs3p0/seedtts_zh/00004935-00000031.wav	0.045454545454545456	赖 女 士 联 系 了 其 他 邻 居 得 知 有 邻 居 也 发 现 白 虫 现 象	啊   赖   女   士   联   系   了   其   他   邻   居   得   知   有   邻   居   也   发   现   白   虫   现   象	1	0	0
/opt/gpfs/users/shuai/work/block-conversion-b2/OmniVoice/results_b2_final_gs3p0/seedtts_zh/00004935-00000040.wav	0.23529411764705882	两 人 一 直 对 婚 变 封 口 使 传 闻 闹 得 热 烘 烘	啊   两   人   一   直   对   婚   变   风   口   使   传   闻   闹   得   热   哄   哄	1	0	3
/opt/gpfs/users/shuai/work/block-conversion-b2/OmniVoice/results_b2_final_gs3p0/seedtts_zh/00004936-00000081.wav	0.05263157894736842	蒲 公 英 也 会 认 真 的 吸 取 养 分 努 力 使 自 己 成 长	啊   蒲   公   英   也   会   认   真   的   吸   取   养   分   努   力   使   自   己   成   长	1	0	0
/opt/gpfs/users/shuai/work/block-conversion-b2/OmniVoice/results_b2_final_gs3p0/seedtts_zh/00004936-00000012.wav	0.0	但 是 很 多 人 仍 然 是 深 夜 瑜 伽 的 死 忠 粉	但   是   很   多   人   仍   然   是   深   夜   瑜   伽   的   死   忠   粉	0	0	0
/opt/gpfs/users/shuai/work/block-conversion-b2/OmniVoice/results_b2_final_gs3p0/seedtts_zh/00004937-00000097.wav	0.0	可 又 缺 锅 少 灶 就 用 荷 叶 与 泥 巴 将 鸡 涂 包 起 来	可   又   缺   锅   少   灶   就   用   荷   叶   与   泥   巴   将   鸡   涂   包   起   来	0	0	0
/opt/gpfs/users/shuai/work/block-conversion-b2/OmniVoice/results_b2_final_gs3p0/seedtts_zh/00004937-00000086.wav	0.0	十 二 个 小 时 呀 简 单 无 法 想 象 怎 么 熬 过 来 的	十   二   个   小   时   呀   简   单   无   法   想   象   怎   么   熬   过   来   的	0	0	0
/opt/gpfs/users/shuai/work/block-conversion-b2/OmniVoice/results_b2_final_gs3p0/seedtts_zh/00004938-00000054.wav	0.05263157894736842	在 茶 杯 或 保 温 杯 中 以 沸 水 三 百 毫 升 左 右 冲 泡	啊   在   茶   杯   或   保   温   杯   中   以   沸   水   三   百   毫   升   左   右   冲   泡	1	0	0
/opt/gpfs/users/shuai/work/block-conversion-b2/OmniVoice/results_b2_final_gs3p0/seedtts_zh/00004938-00000104.wav	0.0	弥 勒 佛 一 见 人 就 笑 笑 了 就 发 财 圆 滚 滚 的 肚 子 还 能 储 藏 财 气	弥   勒   佛   一   见   人   就   笑   笑   了   就   发   财   圆   滚   滚   的   肚   子   还   能   储   藏   财   气	0	0	0
/opt/gpfs/users/shuai/work/block-conversion-b2/OmniVoice/results_b2_final_gs3p0/seedtts_zh/00004939-00000030.wav	0.0	高 个 子 叔 叔 把 花 耳 朵 举 起 来 给 床 上 的 正 玩 的 小 儿 子 看	高   个   子   叔   叔   把   花   耳   朵   举   起   来   给   床   上   的   正   玩   的   小   儿   子   看	0	0	0
/opt/gpfs/users/shuai/work/block-conversion-b2/OmniVoice/results_b2_final_gs3p0/seedtts_zh/00004939-00000094.wav	0.0	赖 建 明 将 鸭 肉 加 入 些 许 酒 有 酒 香 没 酒 气 汤 头 温 和 不 燥 热	赖   建   明   将   鸭   肉   加   入   些   许   酒   有   酒   香   没   酒   气   汤   头   温   和   不   燥   热	0	0	0
/opt/gpfs/users/shuai/work/block-conversion-b2/OmniVoice/results_b2_final_gs3p0/seedtts_zh/00004941-00000107.wav	0.043478260869565216	海 淀 区 标 杆 项 目 万 柳 书 院 以 十 七 万 两 千 三 百 二 十 五 元	呃   海   淀   区   标   杆   项   目   万   柳   书   院   以   十   七   万   两   千   三   百   二   十   五   元	1	0	0
/opt/gpfs/users/shuai/work/block-conversion-b2/OmniVoice/results_b2_final_gs3p0/seedtts_zh/00004941-00000050.wav	0.04	我 来 回 奔 走 弄 得 气 喘 吁 吁 总 算 将 三 只 绒 绒 棉 球 棒 上 了 护 栏	我   来   回   奔   走   弄   得   气   喘   吁   吁   总   算   将   三   只   绒   绒   棉   球   抱   上   了   护   栏	0	0	1
/opt/gpfs/users/shuai/work/block-conversion-b2/OmniVoice/results_b2_final_gs3p0/seedtts_zh/00004942-00000072.wav	0.038461538461538464	管 理 通 讯 设 备 间 使 用 无 线 电 频 率 讯 号 来 进 行 资 料 交 换 之 规 定	啊   管   理   通   讯   设   备   间   使   用   无   线   电   频   率   讯   号   来   进   行   资   料   交   换   之   规   定	1	0	0
/opt/gpfs/users/shuai/work/block-conversion-b2/OmniVoice/results_b2_final_gs3p0/seedtts_zh/00004942-00000073.wav	0.0	让 苦 寻 杀 父 凶 手 二 十 年 的 万 春 芳 看 到 了 某 种 希 望	让   苦   寻   杀   父   凶   手   二   十   年   的   万   春   芳   看   到   了   某   种   希   望	0	0	0
/opt/gpfs/users/shuai/work/block-conversion-b2/OmniVoice/results_b2_final_gs3p0/seedtts_zh/00004944-00000056.wav	0.05555555555555555	我 的 右 腿 被 踢 伤 落 下 了 伤 痛 走 路 一 瘸 一 拐	啊   我   的   右   腿   被   踢   伤   落   下   了   伤   痛   走   路   一   瘸   一   拐	1	0	0
/opt/gpfs/users/shuai/work/block-conversion-b2/OmniVoice/results_b2_final_gs3p0/seedtts_zh/00004944-00000117.wav	0.043478260869565216	他 们 可 以 利 用 这 种 方 式 逼 逼 迫 别 人 要 么 乖 乖 就 范 交 钱	啊   他   们   可   以   利   用   这   种   方   式   逼   逼   迫   别   人   要   么   乖   乖   就   范   交   钱	1	0	0
/opt/gpfs/users/shuai/work/block-conversion-b2/OmniVoice/results_b2_final_gs3p0/seedtts_zh/00004945-00000013.wav	0.10526315789473684	小 蚂 蚁 你 扛 的 这 根 毛 儿 就 是 我 脱 下 的 胎 毛 呀	啊   蚂   蚁   你   扛   的   这   根   毛   就   是   我   脱   下   的   胎   毛   呀	0	1	1
/opt/gpfs/users/shuai/work/block-conversion-b2/OmniVoice/results_b2_final_gs3p0/seedtts_zh/00004945-00000008.wav	0.058823529411764705	规 模 越 健 全 越 可 以 保 证 车 源 的 车 况 问 题	啊   规   模   越   健   全   越   可   以   保   证   车   源   的   车   况   问   题	1	0	0
/opt/gpfs/users/shuai/work/block-conversion-b2/OmniVoice/results_b2_final_gs3p0/seedtts_zh/00004946-00000025.wav	0.1	不 一 会 就 看 见 许 多 泡 泡 在 天 上 飘 呀 飘 呀 好 美 呀	呃   不   一   会   儿   就   看   见   许   多   泡   泡   在   天   上   飘   呀   飘   呀   好   美   呀	2	0	0
/opt/gpfs/users/shuai/work/block-conversion-b2/OmniVoice/results_b2_final_gs3p0/seedtts_zh/00004946-00000031.wav	0.05263157894736842	去 大 理 古 城 参 观 下 白 族 风 格 的 居 民 建 筑 群 吧	呃   去   大   理   古   城   参   观   下   白   族   风   格   的   居   民   建   筑   群   吧	1	0	0
/opt/gpfs/users/shuai/work/block-conversion-b2/OmniVoice/results_b2_final_gs3p0/seedtts_zh/00004947-00000075.wav	0.043478260869565216	一 个 挪 动 一 步 另 一 个 也 挪 一 步 可 都 是 斜 着 步 子 兜 圈 子	哦   一   个   挪   动   一   步   另   一   个   也   挪   一   步   可   都   是   斜   着   步   子   兜   圈   子	1	0	0
/opt/gpfs/users/shuai/work/block-conversion-b2/OmniVoice/results_b2_final_gs3p0/seedtts_zh/00004947-00000090.wav	0.037037037037037035	主 帅 查 尔 斯 奥 克 利 与 球 员 斯 蒂 芬 杰 克 逊 在 比 赛 中 爆 发 激 烈 争 吵	呃   主   帅   查   尔   斯   奥   克   利   与   球   员   斯   蒂   芬   杰   克   逊   在   比   赛   中   爆   发   激   烈   争   吵	1	0	0
/opt/gpfs/users/shuai/work/block-conversion-b2/OmniVoice/results_b2_final_gs3p0/seedtts_zh/00004948-00000043.wav	0.0	在 加 州 萨 克 拉 门 托 举 行 的 铁 路 竣 工 庆 祝 活 动 中	在   加   州   萨   克   拉   门   托   举   行   的   铁   路   竣   工   庆   祝   活   动   中	0	0	0
/opt/gpfs/users/shuai/work/block-conversion-b2/OmniVoice/results_b2_final_gs3p0/seedtts_zh/00004948-00000103.wav	0.0	近 年 蔡 秋 兰 作 品 取 材 偏 好 乡 村 怀 旧 浪 漫 景 物 与 波 动 光 影 等	近   年   蔡   秋   兰   作   品   取   材   偏   好   乡   村   怀   旧   浪   漫   景   物   与   波   动   光   影   等	0	0	0
/opt/gpfs/users/shuai/work/block-conversion-b2/OmniVoice/results_b2_final_gs3p0/seedtts_zh/00004949-00000071.wav	0.041666666666666664	刚 进 房 间 陈 缵 光 不 明 白 三 个 人 怎 么 挤 得 上 双 层 的 单 人 床	刚   进   房   间   陈   早   光   不   明   白   三   个   人   怎   么   挤   得   上   双   层   的   单   人   床	0	0	1
/opt/gpfs/users/shuai/work/block-conversion-b2/OmniVoice/results_b2_final_gs3p0/seedtts_zh/00004949-00000110.wav	0.041666666666666664	而 蓝 色 正 装 的 男 群 演 被 一 名 穿 着 白 色 的 衣 服 的 女 生 搂 着	而   蓝   色   正   装   的   男   裙   演   被   一   名   穿   着   白   色   的   衣   服   的   女   生   搂   着	0	0	1
/opt/gpfs/users/shuai/work/block-conversion-b2/OmniVoice/results_b2_final_gs3p0/seedtts_zh/00004973-00000045.wav	0.0	该 男 子 爬 起 后 竟 再 次 返 回 宾 馆 从 四 楼 跳 下	该   男   子   爬   起   后   竟   再   次   返   回   宾   馆   从   四   楼   跳   下	0	0	0
/opt/gpfs/users/shuai/work/block-conversion-b2/OmniVoice/results_b2_final_gs3p0/seedtts_zh/00004973-00000025.wav	0.0	一 道 道 合 金 钢 板 组 成 的 防 御 壁 顿 时 被 黑 雾 侵 蚀	一   道   道   合   金   钢   板   组   成   的   防   御   壁   顿   时   被   黑   雾   侵   蚀	0	0	0
/opt/gpfs/users/shuai/work/block-conversion-b2/OmniVoice/results_b2_final_gs3p0/seedtts_zh/00004975-00000030.wav	0.0	科 幻 片 警 匪 片 甚 至 灾 难 片 也 不 愿 意 看 恐 怖 片	科   幻   片   警   匪   片   甚   至   灾   难   片   也   不   愿   意   看   恐   怖   片	0	0	0
/opt/gpfs/users/shuai/work/block-conversion-b2/OmniVoice/results_b2_final_gs3p0/seedtts_zh/00004975-00000044.wav	0.05	凭 借 巴 拉 克 在 最 后 三 分 钟 的 头 球 才 闯 入 十 六 强	啊   凭   借   巴   拉   克   在   最   后   三   分   钟   的   头   球   才   闯   入   十   六   强	1	0	0
/opt/gpfs/users/shuai/work/block-conversion-b2/OmniVoice/results_b2_final_gs3p0/seedtts_zh/00004976-00000074.wav	0.19047619047619047	以 一 场 胜 利 以 及 与 伟 大 偶 像 的 合 影 结 束 了 季 前 赛	以   以   及   与   伟   大   偶   像   的   合   影   结   束   了   季   前   赛	0	4	0
/opt/gpfs/users/shuai/work/block-conversion-b2/OmniVoice/results_b2_final_gs3p0/seedtts_zh/00004976-00000044.wav	0.0	小 黑 狗 摆 摆 尾 巴 说 我 身 上 没 有 汗 腺 可 舌 头 上 有 许 多 汗 腺 的 呢	小   黑   狗   摆   摆   尾   巴   说   我   身   上   没   有   汗   腺   可   舌   头   上   有   许   多   汗   腺   的   呢	0	0	0
/opt/gpfs/users/shuai/work/block-conversion-b2/OmniVoice/results_b2_final_gs3p0/seedtts_zh/00004977-00000110.wav	0.045454545454545456	午 饭 以 后 海 盗 帮 全 体 出 动 到 哈 到 沙 洲 上 去 找 乌 龟 蛋	午   饭   以   后   海   盗   帮   全   体   出   动   道   哈   到   沙   洲   上   去   找   乌   龟   蛋	0	0	1
/opt/gpfs/users/shuai/work/block-conversion-b2/OmniVoice/results_b2_final_gs3p0/seedtts_zh/00004977-00000051.wav	0.045454545454545456	可 能 才 是 可 能 才 理 解 这 其 实 是 当 时 战 争 危 机 的 产 物	哦   可   能   才   是   可   能   才   理   解   这   其   实   是   当   时   战   争   危   机   的   产   物	1	0	0
/opt/gpfs/users/shuai/work/block-conversion-b2/OmniVoice/results_b2_final_gs3p0/seedtts_zh/00004978-00000072.wav	0.037037037037037035	他 矮 小 的 身 体 在 人 群 中 拱 来 拱 去 挤 到 了 前 场 看 到 了 悲 凉 的 场 面	他   矮   矮   小   的   身   体   在   人   群   中   拱   来   拱   去   挤   到   了   前   场   看   到   了   悲   凉   的   场   面	1	0	0
/opt/gpfs/users/shuai/work/block-conversion-b2/OmniVoice/results_b2_final_gs3p0/seedtts_zh/00004978-00000074.wav	0.0	吃 梨 可 以 止 咳 润 肺 我 要 是 想 认 识 蝴 蝶	吃   梨   可   以   止   咳   润   肺   我   要   是   想   认   识   蝴   蝶	0	0	0
/opt/gpfs/users/shuai/work/block-conversion-b2/OmniVoice/results_b2_final_gs3p0/seedtts_zh/00004979-00000005.wav	0.0	从 把 花 岗 岩 凿 成 一 块 梯 级 石 头 平 平 整 整 地 将 梯 级 修 好	从   把   花   岗   岩   凿   成   一   块   梯   级   石   头   平   平   整   整   地   将   梯   级   修   好	0	0	0
/opt/gpfs/users/shuai/work/block-conversion-b2/OmniVoice/results_b2_final_gs3p0/seedtts_zh/00004979-00000116.wav	0.0	看 到 了 脸 上 一 块 淤 青 便 询 问 阿 姨 被 告 知 是 虫 子 咬 的	看   到   了   脸   上   一   块   淤   青   便   询   问   阿   姨   被   告   知   是   虫   子   咬   的	0	0	0
/opt/gpfs/users/shuai/work/block-conversion-b2/OmniVoice/results_b2_final_gs3p0/seedtts_zh/00004981-00000014.wav	0.0	虽 然 之 前 暗 夜 组 织 都 约 定 好 不 会 探 究 对 方 的 身 份	虽   然   之   前   暗   夜   组   织   都   约   定   好   不   会   探   究   对   方   的   身   份	0	0	0
/opt/gpfs/users/shuai/work/block-conversion-b2/OmniVoice/results_b2_final_gs3p0/seedtts_zh/00004981-00000018.wav	0.0	非 银 非 标 派 生 渠 道 和 债 券 派 生 渠 道 明 显 收 缩	非   银   非   标   派   生   渠   道   和   债   券   派   生   渠   道   明   显   收   缩	0	0	0
/opt/gpfs/users/shuai/work/block-conversion-b2/OmniVoice/results_b2_final_gs3p0/seedtts_zh/00004988-00000041.wav	0.038461538461538464	樱 桃 白 白 胖 胖 的 外 形 也 让 摄 影 棚 的 叔 叔 阿 姨 们 都 觉 得 好 可 爱	呃   樱   桃   白   白   胖   胖   的   外   形   也   让   摄   影   棚   的   叔   叔   阿   姨   们   都   觉   得   好   可   爱	1	0	0
/opt/gpfs/users/shuai/work/block-conversion-b2/OmniVoice/results_b2_final_gs3p0/seedtts_zh/00004988-00000019.wav	0.047619047619047616	这 只 有 夸 张 的 傲 慢 神 气 和 老 爷 派 头 但 是 没 有 上 帝	这   只   有   夸   张   的   傲   慢   神   器   和   老   爷   派   头   但   是   没   有   上   帝	0	0	1
/opt/gpfs/users/shuai/work/block-conversion-b2/OmniVoice/results_b2_final_gs3p0/seedtts_zh/00005000-00000022.wav	0.0	奎 罗 兹 认 为 那 不 但 是 个 犯 规 而 且 还 是 红 牌 而 且 没 有 任 何 借 口	奎   罗   兹   认   为   那   不   但   是   个   犯   规   而   且   还   是   红   牌   而   且   没   有   任   何   借   口	0	0	0
/opt/gpfs/users/shuai/work/block-conversion-b2/OmniVoice/results_b2_final_gs3p0/seedtts_zh/00005000-00000083.wav	0.0	有 研 究 表 明 低 收 入 人 群 超 重 的 比 例 比 高 收 入 人 群 高	有   研   究   表   明   低   收   入   人   群   超   重   的   比   例   比   高   收   入   人   群   高	0	0	0
/opt/gpfs/users/shuai/work/block-conversion-b2/OmniVoice/results_b2_final_gs3p0/seedtts_zh/00005011-00000093.wav	0.0	此 前 一 次 的 业 绩 预 告 则 预 计 盈 利 六 亿 元 至 八 亿 元	此   前   一   次   的   业   绩   预   告   则   预   计   盈   利   六   亿   元   至   八   亿   元	0	0	0
/opt/gpfs/users/shuai/work/block-conversion-b2/OmniVoice/results_b2_final_gs3p0/seedtts_zh/00005011-00000080.wav	0.0	倘 若 司 法 轻 判 的 惯 性 不 改 纵 有 勇 夫 也 缺 乏 重 赏 诱 因	倘   若   司   法   轻   判   的   惯   性   不   改   纵   有   勇   夫   也   缺   乏   重   赏   诱   因	0	0	0
/opt/gpfs/users/shuai/work/block-conversion-b2/OmniVoice/results_b2_final_gs3p0/seedtts_zh/00005022-00000070.wav	0.0	因 为 它 含 有 白 藜 芦 醇 可 以 防 止 健 康 细 胞 癌 变	因   为   它   含   有   白   藜   芦   醇   可   以   防   止   健   康   细   胞   癌   变	0	0	0
/opt/gpfs/users/shuai/work/block-conversion-b2/OmniVoice/results_b2_final_gs3p0/seedtts_zh/00005022-00000083.wav	0.0	实 际 上 当 天 的 客 流 人 次 为 五 七 零 五 五 七	实   际   上   当   天   的   客   流   人   次   为   五   七   零   五   五   七	0	0	0
/opt/gpfs/users/shuai/work/block-conversion-b2/OmniVoice/results_b2_final_gs3p0/seedtts_zh/00005027-00000045.wav	0.043478260869565216	五 月 三 十 一 日 央 行 就 北 向 通 向 社 会 公 众 征 求 意 见 一 周	五   月   三   十   一   日   央   行   就   北   向   通   向   社   会   公   众   征   求   意   见   一   致	0	0	1
/opt/gpfs/users/shuai/work/block-conversion-b2/OmniVoice/results_b2_final_gs3p0/seedtts_zh/00005027-00000047.wav	0.047619047619047616	唐 嫣 罗 晋 邓 超 孙 俪 刘 恺 威 杨 幂 因 戏 结 缘 荧 屏 情 侣	唐   嫣   罗   晋   邓   超   孙   俪   刘   恺   威   杨   幂   因   系   结   缘   荧   屏   情   侣	0	0	1
/opt/gpfs/users/shuai/work/block-conversion-b2/OmniVoice/results_b2_final_gs3p0/seedtts_zh/00005028-00000075.wav	0.0	什 么 打 仗 啦 当 海 盗 呀 他 全 无 了 兴 趣	什   么   打   仗   啦   当   海   盗   呀   他   全   无   了   兴   趣	0	0	0
/opt/gpfs/users/shuai/work/block-conversion-b2/OmniVoice/results_b2_final_gs3p0/seedtts_zh/00005028-00000087.wav	0.0	兔 妈 妈 胀 麻 的 身 子 一 下 子 被 抽 空 久 违 的 轻 松 回 来 了	兔   妈   妈   胀   麻   的   身   子   一   下   子   被   抽   空   久   违   的   轻   松   回   来   了	0	0	0
/opt/gpfs/users/shuai/work/block-conversion-b2/OmniVoice/results_b2_final_gs3p0/seedtts_zh/00005029-00000065.wav	0.0	此 前 奥 巴 马 在 此 账 号 上 发 表 过 的 所 有 推 文 均 被 抹 掉	此   前   奥   巴   马   在   此   账   号   上   发   表   过   的   所   有   推   文   均   被   抹   掉	0	0	0
/opt/gpfs/users/shuai/work/block-conversion-b2/OmniVoice/results_b2_final_gs3p0/seedtts_zh/00005029-00000081.wav	0.0	除 了 大 量 伪 造 日 本 龙 银 四 川 军 政 府 银 元 袁 大 头 假 银 元 之 外	除   了   大   量   伪   造   日   本   龙   银   四   川   军   政   府   银   元   袁   大   头   假   银   元   之   外	0	0	0
/opt/gpfs/users/shuai/work/block-conversion-b2/OmniVoice/results_b2_final_gs3p0/seedtts_zh/00005030-00000018.wav	0.0	当 日 成 交 的 三 宗 地 价 溢 价 率 只 有 一 宗 为 百 分 之 二 十 七	当   日   成   交   的   三   宗   地   价   溢   价   率   只   有   一   宗   为   百   分   之   二   十   七	0	0	0
/opt/gpfs/users/shuai/work/block-conversion-b2/OmniVoice/results_b2_final_gs3p0/seedtts_zh/00005030-00000116.wav	0.041666666666666664	旁 边 一 位 中 年 男 子 见 状 抡 起 档 口 附 近 的 凳 子 将 范 某 打 跑	啊   旁   边   一   位   中   年   男   子   见   状   抡   起   档   口   附   近   的   凳   子   将   范   某   打   跑	1	0	0
/opt/gpfs/users/shuai/work/block-conversion-b2/OmniVoice/results_b2_final_gs3p0/seedtts_zh/00005031-00000056.wav	0.0	如 果 不 懂 拳 击 跳 拳 击 有 氧 也 可 以	如   果   不   懂   拳   击   跳   拳   击   有   氧   也   可   以	0	0	0
/opt/gpfs/users/shuai/work/block-conversion-b2/OmniVoice/results_b2_final_gs3p0/seedtts_zh/00005031-00000082.wav	0.0	他 找 来 两 根 横 幅 拧 起 后 对 接 打 算 作 为 绳 子 挂 在 窗 外 爬 下 去	他   找   来   两   根   横   幅   拧   起   后   对   接   打   算   作   为   绳   子   挂   在   窗   外   爬   下   去	0	0	0
/opt/gpfs/users/shuai/work/block-conversion-b2/OmniVoice/results_b2_final_gs3p0/seedtts_zh/00005034-00000071.wav	0.0	你 现 在 马 上 把 全 套 再 复 印 一 份 给 我 的 司 机 武 大	你   现   在   马   上   把   全   套   再   复   印   一   份   给   我   的   司   机   武   大	0	0	0
/opt/gpfs/users/shuai/work/block-conversion-b2/OmniVoice/results_b2_final_gs3p0/seedtts_zh/00005034-00000084.wav	0.0	接 通 后 介 绍 自 己 或 询 问 对 方 弄 清 是 与 谁 在 打 电 话 等 等	接   通   后   介   绍   自   己   或   询   问   对   方   弄   清   是   与   谁   在   打   电   话   等   等	0	0	0
/opt/gpfs/users/shuai/work/block-conversion-b2/OmniVoice/results_b2_final_gs3p0/seedtts_zh/00005035-00000067.wav	0.0	联 想 在 转 型 过 程 中 的 突 围 可 谓 困 难 重 重	联   想   在   转   型   过   程   中   的   突   围   可   谓   困   难   重   重	0	0	0
/opt/gpfs/users/shuai/work/block-conversion-b2/OmniVoice/results_b2_final_gs3p0/seedtts_zh/00005035-00000115.wav	0.0	心 生 则 种 种 法 生 心 灭 则 种 种 法 灭	心   生   则   种   种   法   生   心   灭   则   种   种   法   灭	0	0	0
/opt/gpfs/users/shuai/work/block-conversion-b2/OmniVoice/results_b2_final_gs3p0/seedtts_zh/00005036-00000119.wav	0.0	我 一 直 陪 在 产 房 当 时 真 希 望 我 也 有 止 痛 药	我   一   直   陪   在   产   房   当   时   真   希   望   我   也   有   止   痛   药	0	0	0
/opt/gpfs/users/shuai/work/block-conversion-b2/OmniVoice/results_b2_final_gs3p0/seedtts_zh/00005036-00000105.wav	0.0	目 前 发 改 委 也 预 备 培 育 发 展 城 市 群 和 新 生 中 小 城 市	目   前   发   改   委   也   预   备   培   育   发   展   城   市   群   和   新   生   中   小   城   市	0	0	0
/opt/gpfs/users/shuai/work/block-conversion-b2/OmniVoice/results_b2_final_gs3p0/seedtts_zh/00005037-00000044.wav	0.0	约 早 上 七 时 专 程 带 望 远 镜 来 等 辽 宁 舰	约   早   上   七   时   专   程   带   望   远   镜   来   等   辽   宁   舰	0	0	0
/opt/gpfs/users/shuai/work/block-conversion-b2/OmniVoice/results_b2_final_gs3p0/seedtts_zh/00005037-00000011.wav	0.09090909090909091	小 裁 缝 毫 无 惧 意 还 十 分 愉 快 地 说 不 入 虎 穴 焉 得 虎 子	啊   小   裁   缝   毫   无   惧   意   还   十   分   愉   快   的   说   不   入   虎   穴   焉   得   虎   子	1	0	1
/opt/gpfs/users/shuai/work/block-conversion-b2/OmniVoice/results_b2_final_gs3p0/seedtts_zh/00005038-00000006.wav	0.05263157894736842	王 后 为 此 日 夜 伤 感 说 我 就 像 块 不 长 庄 稼 的 地	哇   后   为   此   日   夜   伤   感   说   我   就   像   块   不   长   庄   稼   的   地	0	0	1
/opt/gpfs/users/shuai/work/block-conversion-b2/OmniVoice/results_b2_final_gs3p0/seedtts_zh/00005038-00000092.wav	0.0	暑 假 爸 爸 妈 妈 带 阿 朵 来 乡 下 看 外 公 外 婆	暑   假   爸   爸   妈   妈   带   阿   朵   来   乡   下   看   外   公   外   婆	0	0	0
/opt/gpfs/users/shuai/work/block-conversion-b2/OmniVoice/results_b2_final_gs3p0/seedtts_zh/00005039-00000094.wav	0.0	他 就 罚 我 站 在 全 班 同 学 面 前 真 是 好 尴 尬	他   就   罚   我   站   在   全   班   同   学   面   前   真   是   好   尴   尬	0	0	0
/opt/gpfs/users/shuai/work/block-conversion-b2/OmniVoice/results_b2_final_gs3p0/seedtts_zh/00005039-00000072.wav	0.0	二 手 房 买 卖 或 因 涨 价 毁 约 等 因 素 造 成 合 同 不 能 履 行	二   手   房   买   卖   或   因   涨   价   毁   约   等   因   素   造   成   合   同   不   能   履   行	0	0	0
/opt/gpfs/users/shuai/work/block-conversion-b2/OmniVoice/results_b2_final_gs3p0/seedtts_zh/00005040-00000010.wav	0.0	除 了 为 人 有 些 木 讷 外 赵 某 给 旁 人 的 最 大 感 觉 就 是 特 别 简 朴	除   了   为   人   有   些   木   讷   外   赵   某   给   旁   人   的   最   大   感   觉   就   是   特   别   简   朴	0	0	0
/opt/gpfs/users/shuai/work/block-conversion-b2/OmniVoice/results_b2_final_gs3p0/seedtts_zh/00005040-00000015.wav	0.043478260869565216	吕 旭 卿 说 小 刘 的 意 见 是 哪 有 越 换 越 差 的 只 能 越 换 越 好	吕   旭   清   说   小   刘   的   意   见   是   哪   有   越   换   越   差   的   只   能   越   换   越   好	0	0	1
/opt/gpfs/users/shuai/work/block-conversion-b2/OmniVoice/results_b2_final_gs3p0/seedtts_zh/00005045-00000067.wav	0.0	下 楼 梯 时 杨 女 士 慌 乱 中 不 小 心 把 脚 给 崴 了	下   楼   梯   时   杨   女   士   慌   乱   中   不   小   心   把   脚   给   崴   了	0	0	0
/opt/gpfs/users/shuai/work/block-conversion-b2/OmniVoice/results_b2_final_gs3p0/seedtts_zh/00005045-00000040.wav	0.0	趋 势 是 好 的 但 是 如 何 做 从 哪 里 开 始 阿 里 巴 巴 同 样 需 要 摸 索	趋   势   是   好   的   但   是   如   何   做   从   哪   里   开   始   阿   里   巴   巴   同   样   需   要   摸   索	0	0	0
/opt/gpfs/users/shuai/work/block-conversion-b2/OmniVoice/results_b2_final_gs3p0/seedtts_zh/00005046-00000003.wav	0.0	不 但 细 皮 嫩 肉 雪 白 笋 腿 修 长 笋 肉 也 格 外 清 甜	不   但   细   皮   嫩   肉   雪   白   笋   腿   修   长   笋   肉   也   格   外   清   甜	0	0	0
/opt/gpfs/users/shuai/work/block-conversion-b2/OmniVoice/results_b2_final_gs3p0/seedtts_zh/00005046-00000058.wav	0.05	由 于 六 月 人 民 币 走 向 主 要 受 美 元 指 数 走 软 影 响	啊   由   于   六   月   人   民   币   走   向   主   要   受   美   元   指   数   走   软   影   响	1	0	0
/opt/gpfs/users/shuai/work/block-conversion-b2/OmniVoice/results_b2_final_gs3p0/seedtts_zh/00005047-00000015.wav	0.058823529411764705	指 着 他 挨 着 右 边 胸 膛 的 位 置 的 一 个 疤 痕	啊   指   着   他   挨   着   右   边   胸   膛   的   位   置   的   一   个   疤   痕	1	0	0
/opt/gpfs/users/shuai/work/block-conversion-b2/OmniVoice/results_b2_final_gs3p0/seedtts_zh/00005047-00000005.wav	0.041666666666666664	特 别 是 在 美 国 多 家 情 报 机 构 指 证 俄 罗 斯 干 涉 美 国 大 选 后	啊   特   别   是   在   美   国   多   家   情   报   机   构   指   证   俄   罗   斯   干   涉   美   国   大   选   后	1	0	0
/opt/gpfs/users/shuai/work/block-conversion-b2/OmniVoice/results_b2_final_gs3p0/seedtts_zh/00005049-00000005.wav	0.0	三 人 一 直 往 北 走 一 路 上 黄 沙 滚 滚 什 么 也 看 不 见	三   人   一   直   往   北   走   一   路   上   黄   沙   滚   滚   什   么   也   看   不   见	0	0	0
/opt/gpfs/users/shuai/work/block-conversion-b2/OmniVoice/results_b2_final_gs3p0/seedtts_zh/00005049-00000081.wav	0.0	那 只 是 因 为 他 身 为 人 类 的 习 惯 暂 时 无 法 改 掉 罢 了	那   只   是   因   为   他   身   为   人   类   的   习   惯   暂   时   无   法   改   掉   罢   了	0	0	0
/opt/gpfs/users/shuai/work/block-conversion-b2/OmniVoice/results_b2_final_gs3p0/seedtts_zh/00005050-00000083.wav	0.05263157894736842	科 幻 片 警 匪 片 甚 至 灾 难 片 都 不 愿 意 看 恐 怖 片	科   幻   片   警   匪   片   甚   至   灾   难   片   都   不   愿   意   看   恐   怖	0	1	0
/opt/gpfs/users/shuai/work/block-conversion-b2/OmniVoice/results_b2_final_gs3p0/seedtts_zh/00005050-00000050.wav	0.0	所 以 填 写 的 时 候 未 免 小 心 谨 慎 以 至 于 有 些 战 战 兢 兢 的	所   以   填   写   的   时   候   未   免   小   心   谨   慎   以   至   于   有   些   战   战   兢   兢   的	0	0	0
/opt/gpfs/users/shuai/work/block-conversion-b2/OmniVoice/results_b2_final_gs3p0/seedtts_zh/00005051-00000052.wav	0.0	因 此 央 行 操 作 大 概 率 不 是 影 响 六 月 外 汇 占 款 变 动 的 主 要 原 因	因   此   央   行   操   作   大   概   率   不   是   影   响   六   月   外   汇   占   款   变   动   的   主   要   原   因	0	0	0
/opt/gpfs/users/shuai/work/block-conversion-b2/OmniVoice/results_b2_final_gs3p0/seedtts_zh/00005051-00000043.wav	0.05555555555555555	阳 光 多 明 媚 啊 我 们 到 阳 台 上 去 晒 晒 太 阳 吧	啊   阳   光   多   明   媚   啊   我   们   到   阳   台   上   去   晒   晒   太   阳   吧	1	0	0
/opt/gpfs/users/shuai/work/block-conversion-b2/OmniVoice/results_b2_final_gs3p0/seedtts_zh/00005053-00000086.wav	0.09090909090909091	如 麦 克 白 李 尔 王 等 他 们 用 英 语 演 示 莎 翁 原 作 的 台 词	如   麦   克   白   里   尔   王   等   他   们   用   英   语   演   示   沙   翁   原   作   的   台   词	0	0	2
/opt/gpfs/users/shuai/work/block-conversion-b2/OmniVoice/results_b2_final_gs3p0/seedtts_zh/00005053-00000042.wav	0.03333333333333333	可 樊 胜 美 在 抱 怨 房 产 证 不 填 自 己 名 字 这 件 事 情 时 的 穿 着 打 扮 有 点 出 戏	啊   可   樊   胜   美   在   抱   怨   房   产   证   不   填   自   己   名   字   这   件   事   情   时   的   穿   着   打   扮   有   点   出   戏	1	0	0
/opt/gpfs/users/shuai/work/block-conversion-b2/OmniVoice/results_b2_final_gs3p0/seedtts_zh/00005054-00000113.wav	0.09090909090909091	收 银 员 用 收 银 机 撤 销 结 账 两 月 偷 拿 超 市 九 点 二 万 元	哦   收   银   员   用   收   银   机   撤   销   结   账   两   月   偷   拿   超   市   九   点   二   万   元   哦	2	0	0
/opt/gpfs/users/shuai/work/block-conversion-b2/OmniVoice/results_b2_final_gs3p0/seedtts_zh/00005054-00000108.wav	0.0625	来 到 河 边 蹦 豆 打 开 渔 网 一 看 好 失 望 呀	来   到   河   边   蹦   逗   打   开   渔   网   一   看   好   失   望   呀	0	0	1
/opt/gpfs/users/shuai/work/block-conversion-b2/OmniVoice/results_b2_final_gs3p0/seedtts_zh/00005055-00000074.wav	0.0	一 八 一 二 年 俄 国 的 暖 冬 天 气 造 成 别 列 津 纳 河 意 外 解 冻	一   八   一   二   年   俄   国   的   暖   冬   天   气   造   成   别   列   津   纳   河   意   外   解   冻	0	0	0
/opt/gpfs/users/shuai/work/block-conversion-b2/OmniVoice/results_b2_final_gs3p0/seedtts_zh/00005055-00000047.wav	0.058823529411764705	我 们 希 望 日 方 在 这 个 问 题 务 必 谨 言 慎 行	啊   我   们   希   望   日   方   在   这   个   问   题   务   必   谨   言   慎   行	1	0	0
/opt/gpfs/users/shuai/work/block-conversion-b2/OmniVoice/results_b2_final_gs3p0/seedtts_zh/00005057-00000095.wav	0.0	请 你 帮 我 织 一 张 渔 网 吧 我 要 捕 鱼 给 我 的 好 朋 友 眯 眼 做 生 日 宴	请   你   帮   我   织   一   张   渔   网   吧   我   要   捕   鱼   给   我   的   好   朋   友   眯   眼   做   生   日   宴	0	0	0
/opt/gpfs/users/shuai/work/block-conversion-b2/OmniVoice/results_b2_final_gs3p0/seedtts_zh/00005057-00000042.wav	0.0	选 用 鸡 腿 排 最 软 嫩 的 部 位 先 以 香 料 腌 制 入 味	选   用   鸡   腿   排   最   软   嫩   的   部   位   先   以   香   料   腌   制   入   味	0	0	0
/opt/gpfs/users/shuai/work/block-conversion-b2/OmniVoice/results_b2_final_gs3p0/seedtts_zh/00005058-00000079.wav	0.04	也 是 日 本 相 与 欧 美 国 家 相 比 乳 腺 癌 发 生 率 较 低 的 一 个 原 因	啊   也   是   日   本   相   与   欧   美   国   家   相   比   乳   腺   癌   发   生   率   较   低   的   一   个   原   因	1	0	0
/opt/gpfs/users/shuai/work/block-conversion-b2/OmniVoice/results_b2_final_gs3p0/seedtts_zh/00005058-00000046.wav	0.0	而 芦 苇 呢 只 能 自 生 自 灭 长 在 水 坑 里	而   芦   苇   呢   只   能   自   生   自   灭   长   在   水   坑   里	0	0	0
/opt/gpfs/users/shuai/work/block-conversion-b2/OmniVoice/results_b2_final_gs3p0/seedtts_zh/00005059-00000112.wav	0.0	老 翁 马 上 命 人 摆 上 美 酒 佳 肴 与 他 开 怀 畅 饮	老   翁   马   上   命   人   摆   上   美   酒   佳   肴   与   他   开   怀   畅   饮	0	0	0
/opt/gpfs/users/shuai/work/block-conversion-b2/OmniVoice/results_b2_final_gs3p0/seedtts_zh/00005059-00000113.wav	0.0	远 传 电 信 推 荐 多 款 旗 舰 手 机 热 销 平 板 陪 您 洋 洋 得 意 过 好 年	远   传   电   信   推   荐   多   款   旗   舰   手   机   热   销   平   板   陪   您   洋   洋   得   意   过   好   年	0	0	0
/opt/gpfs/users/shuai/work/block-conversion-b2/OmniVoice/results_b2_final_gs3p0/seedtts_zh/00005060-00000078.wav	0.0	申 请 人 可 按 照 居 住 意 愿 和 承 受 能 力 自 主 选 择 可 选 房 源 内 的 套 型	申   请   人   可   按   照   居   住   意   愿   和   承   受   能   力   自   主   选   择   可   选   房   源   内   的   套   型	0	0	0
/opt/gpfs/users/shuai/work/block-conversion-b2/OmniVoice/results_b2_final_gs3p0/seedtts_zh/00005060-00000084.wav	0.0	那 个 五 千 多 万 现 在 差 好 多 嘞 一 千 多 万 没 付 过 只 付 了 几 百 万	那   个   五   千   多   万   现   在   差   好   多   嘞   一   千   多   万   没   付   过   只   付   了   几   百   万	0	0	0
/opt/gpfs/users/shuai/work/block-conversion-b2/OmniVoice/results_b2_final_gs3p0/seedtts_zh/00005061-00000059.wav	0.043478260869565216	由 于 互 不 相 让 谁 也 不 愿 失 去 扮 演 这 最 神 气 角 色 的 机 会	由   于   互   不   相   让   谁   也   不   愿   失   去   扮   演   这   最   神   奇   角   色   的   机   会	0	0	1
/opt/gpfs/users/shuai/work/block-conversion-b2/OmniVoice/results_b2_final_gs3p0/seedtts_zh/00005061-00000003.wav	0.045454545454545456	我 们 回 来 就 把 以 前 污 水 横 流 的 荒 土 荒 坡 用 田 土 复 盖	我   们   回   来   就   把   以   前   污   水   横   流   的   荒   土   荒   坡   用   田   土   覆   盖	0	0	1
/opt/gpfs/users/shuai/work/block-conversion-b2/OmniVoice/results_b2_final_gs3p0/seedtts_zh/00005062-00000003.wav	0.0	长 一 米 宽 零 点 六 米 为 打 渔 村 民 河 滩 捞 起	长   一   米   宽   零   点   六   米   为   打   渔   村   民   河   滩   捞   起	0	0	0
/opt/gpfs/users/shuai/work/block-conversion-b2/OmniVoice/results_b2_final_gs3p0/seedtts_zh/00005062-00000010.wav	0.05	哎 这 些 情 况 在 北 京 这 样 的 大 都 市 是 无 法 避 免 的	呃   这   些   情   况   在   北   京   这   样   的   大   都   市   是   无   法   避   免   的	0	0	1
/opt/gpfs/users/shuai/work/block-conversion-b2/OmniVoice/results_b2_final_gs3p0/seedtts_zh/00005063-00000091.wav	0.0	第 二 天 一 早 小 灰 熊 像 往 常 一 样 在 店 门 口 迎 客	第   二   天   一   早   小   灰   熊   像   往   常   一   样   在   店   门   口   迎   客	0	0	0
/opt/gpfs/users/shuai/work/block-conversion-b2/OmniVoice/results_b2_final_gs3p0/seedtts_zh/00005063-00000109.wav	0.05555555555555555	女 孩 看 样 子 年 龄 也 就 十 四 五 岁 正 拼 命 挣 扎	啊   女   孩   看   样   子   年   龄   也   就   十   四   五   岁   正   拼   命   挣   扎	1	0	0
/opt/gpfs/users/shuai/work/block-conversion-b2/OmniVoice/results_b2_final_gs3p0/seedtts_zh/00005064-00000114.wav	0.125	不 好 他 脸 色 苍 白 那 你 可 要 接 住 花 束 哦	哇   他   脸   色   苍   白   那   你   可   要   接   住   花   束   哦	0	1	1
/opt/gpfs/users/shuai/work/block-conversion-b2/OmniVoice/results_b2_final_gs3p0/seedtts_zh/00005064-00000006.wav	0.0	那 么 那 幢 房 子 看 起 来 保 准 像 是 给 小 孩 子 玩 耍 的 小 游 戏 屋 一 样	那   么   那   幢   房   子   看   起   来   保   准   像   是   给   小   孩   子   玩   耍   的   小   游   戏   屋   一   样	0	0	0
/opt/gpfs/users/shuai/work/block-conversion-b2/OmniVoice/results_b2_final_gs3p0/seedtts_zh/00005065-00000081.wav	0.0	在 攀 比 之 风 的 呼 啸 中 会 像 滚 雪 球 一 样 越 滚 越 大	在   攀   比   之   风   的   呼   啸   中   会   像   滚   雪   球   一   样   越   滚   越   大	0	0	0
/opt/gpfs/users/shuai/work/block-conversion-b2/OmniVoice/results_b2_final_gs3p0/seedtts_zh/00005065-00000095.wav	0.0	是 因 为 他 可 以 在 表 演 的 时 候 把 自 己 的 单 眼 皮 变 成 双 眼 皮	是   因   为   他   可   以   在   表   演   的   时   候   把   自   己   的   单   眼   皮   变   成   双   眼   皮	0	0	0
/opt/gpfs/users/shuai/work/block-conversion-b2/OmniVoice/results_b2_final_gs3p0/seedtts_zh/00005066-00000037.wav	0.05555555555555555	西 部 的 产 业 发 展 偏 重 于 矿 业 和 原 材 料 工 业	嗯   西   部   的   产   业   发   展   偏   重   于   矿   业   和   原   材   料   工   业	1	0	0
/opt/gpfs/users/shuai/work/block-conversion-b2/OmniVoice/results_b2_final_gs3p0/seedtts_zh/00005066-00000027.wav	0.05	华 夏 幸 福 自 二 零 零 二 年 进 入 固 安 工 业 园 区 以 来	啊   华   夏   幸   福   自   二   零   零   二   年   进   入   固   安   工   业   园   区   以   来	1	0	0
/opt/gpfs/users/shuai/work/block-conversion-b2/OmniVoice/results_b2_final_gs3p0/seedtts_zh/00005067-00000115.wav	0.0	窜 至 此 处 的 施 某 某 趁 小 高 不 备 抢 走 挎 包 并 迅 速 逃 跑	窜   至   此   处   的   施   某   某   趁   小   高   不   备   抢   走   挎   包   并   迅   速   逃   跑	0	0	0
/opt/gpfs/users/shuai/work/block-conversion-b2/OmniVoice/results_b2_final_gs3p0/seedtts_zh/00005067-00000090.wav	0.0	你 可 以 学 习 一 下 中 国 跳 棋 或 者 军 棋 这 两 个 容 易 多 了	你   可   以   学   习   一   下   中   国   跳   棋   或   者   军   棋   这   两   个   容   易   多   了	0	0	0
/opt/gpfs/users/shuai/work/block-conversion-b2/OmniVoice/results_b2_final_gs3p0/seedtts_zh/00005068-00000118.wav	0.0	深 圳 市 五 月 餐 饮 服 务 场 所 控 制 烟 执 法 督 查 行 动 进 行 到 了 第 五 站	深   圳   市   五   月   餐   饮   服   务   场   所   控   制   烟   执   法   督   查   行   动   进   行   到   了   第   五   站	0	0	0
/opt/gpfs/users/shuai/work/block-conversion-b2/OmniVoice/results_b2_final_gs3p0/seedtts_zh/00005068-00000022.wav	0.08333333333333333	天 山 网 讯 墨 玉 县 墨 尔 其 乡 帕 特 艾 格 勒 村 有 位 农 民 收 藏 家	天   山   网   讯   墨   玉   县   莫   尔   奇   乡   帕   特   艾   格   勒   村   有   位   农   民   收   藏   家	0	0	2
/opt/gpfs/users/shuai/work/block-conversion-b2/OmniVoice/results_b2_final_gs3p0/seedtts_zh/00005069-00000064.wav	1.0	我 全 身 都 起 了 疹 子 耳 朵 发 炎 真 是 又 痒 又 痛 又 累		0	20	0
/opt/gpfs/users/shuai/work/block-conversion-b2/OmniVoice/results_b2_final_gs3p0/seedtts_zh/00005069-00000026.wav	0.0	担 心 这 套 系 统 会 引 起 国 外 用 户 对 个 人 信 息 泄 露 问 题 的 担 忧	担   心   这   套   系   统   会   引   起   国   外   用   户   对   个   人   信   息   泄   露   问   题   的   担   忧	0	0	0
/opt/gpfs/users/shuai/work/block-conversion-b2/OmniVoice/results_b2_final_gs3p0/seedtts_zh/00005070-00000057.wav	0.0	我 的 光 比 别 的 光 都 亮 燃 的 时 间 也 更 长 一 些	我   的   光   比   别   的   光   都   亮   燃   的   时   间   也   更   长   一   些	0	0	0
/opt/gpfs/users/shuai/work/block-conversion-b2/OmniVoice/results_b2_final_gs3p0/seedtts_zh/00005070-00000010.wav	0.05263157894736842	公 民 党 负 责 人 也 批 评 普 选 设 预 选 是 一 个 倒 退	公   民   党   负   责   人   也   批   评   普   选   社   预   选   是   一   个   倒   退	0	0	1
/opt/gpfs/users/shuai/work/block-conversion-b2/OmniVoice/results_b2_final_gs3p0/seedtts_zh/00005073-00000078.wav	0.0	那 边 还 有 公 主 房 月 亮 房 水 晶 房 南 瓜 房 森 林 房 等	那   边   还   有   公   主   房   月   亮   房   水   晶   房   南   瓜   房   森   林   房   等	0	0	0
/opt/gpfs/users/shuai/work/block-conversion-b2/OmniVoice/results_b2_final_gs3p0/seedtts_zh/00005073-00000020.wav	0.0	有 面 没 有 口 有 脚 没 有 手 虽 有 四 只 脚 自 己 不 会 走	有   面   没   有   口   有   脚   没   有   手   虽   有   四   只   脚   自   己   不   会   走	0	0	0
/opt/gpfs/users/shuai/work/block-conversion-b2/OmniVoice/results_b2_final_gs3p0/seedtts_zh/00005074-00000001.wav	0.0	同 时 肥 胖 者 腹 部 脂 肪 堆 积 又 限 制 了 肺 的 呼 吸 运 动	同   时   肥   胖   者   腹   部   脂   肪   堆   积   又   限   制   了   肺   的   呼   吸   运   动	0	0	0
/opt/gpfs/users/shuai/work/block-conversion-b2/OmniVoice/results_b2_final_gs3p0/seedtts_zh/00005074-00000045.wav	0.0	等 裁 缝 伐 木 回 来 巨 人 又 命 令 他 去 打 几 头 野 猪 来 做 晚 餐	等   裁   缝   伐   木   回   来   巨   人   又   命   令   他   去   打   几   头   野   猪   来   做   晚   餐	0	0	0
/opt/gpfs/users/shuai/work/block-conversion-b2/OmniVoice/results_b2_final_gs3p0/seedtts_zh/00005075-00000115.wav	0.05555555555555555	而 曼 城 为 了 促 成 桑 切 斯 和 瓜 迪 奥 拉 的 重 逢	而   而   曼   城   为   了   促   成   桑   切   斯   和   瓜   迪   奥   拉   的   重   逢	1	0	0
/opt/gpfs/users/shuai/work/block-conversion-b2/OmniVoice/results_b2_final_gs3p0/seedtts_zh/00005075-00000077.wav	0.045454545454545456	两 种 属 性 相 加 后 剩 余 点 数 无 法 达 到 每 项 最 小 持 两 点	两   种   属   性   相   加   后   剩   余   点   数   无   法   达   到   每   项   最   小   值   两   点	0	0	1
/opt/gpfs/users/shuai/work/block-conversion-b2/OmniVoice/results_b2_final_gs3p0/seedtts_zh/00005076-00000072.wav	0.05555555555555555	摄 影 师 没 有 手 就 像 赛 跑 者 没 有 脚 令 人 气 馁	呃   摄   影   师   没   有   手   就   像   赛   跑   者   没   有   脚   令   人   气   馁	1	0	0
/opt/gpfs/users/shuai/work/block-conversion-b2/OmniVoice/results_b2_final_gs3p0/seedtts_zh/00005076-00000061.wav	0.0	哦 是 啊 也 许 我 该 让 他 们 只 沿 着 护 栏 走	哦   是   啊   也   许   我   该   让   他   们   只   沿   着   护   栏   走	0	0	0
/opt/gpfs/users/shuai/work/block-conversion-b2/OmniVoice/results_b2_final_gs3p0/seedtts_zh/00005077-00000063.wav	0.05	对 像 我 的 这 款 爱 立 信 的 网 上 提 供 的 曲 子 可 多 了	对   像   我   的   这   款   爱   立   信   的   网   上   提   供   的   曲   子   可   多	0	1	0
/opt/gpfs/users/shuai/work/block-conversion-b2/OmniVoice/results_b2_final_gs3p0/seedtts_zh/00005077-00000033.wav	0.05	只 要 眼 睛 一 眨 泪 水 就 会 淌 出 来 顺 着 鼻 尖 往 下 掉	只   要   眼   睛   一   眨   泪   水   就   会   淌   出   来   顺   着   鼻   尖   儿   往   下   掉	1	0	0
/opt/gpfs/users/shuai/work/block-conversion-b2/OmniVoice/results_b2_final_gs3p0/seedtts_zh/00005079-00000021.wav	0.0	小 袋 鼠 蹦 呀 蹦 一 天 送 了 一 百 封 小 乌 龟 爬 呀 爬 一 天 只 送 一 封	小   袋   鼠   蹦   呀   蹦   一   天   送   了   一   百   封   小   乌   龟   爬   呀   爬   一   天   只   送   一   封	0	0	0
/opt/gpfs/users/shuai/work/block-conversion-b2/OmniVoice/results_b2_final_gs3p0/seedtts_zh/00005079-00000078.wav	0.0	监 测 检 测 是 发 现 艾 滋 病 病 毒 感 染 者 掌 握 疫 情 的 有 效 手 段	监   测   检   测   是   发   现   艾   滋   病   病   毒   感   染   者   掌   握   疫   情   的   有   效   手   段	0	0	0
/opt/gpfs/users/shuai/work/block-conversion-b2/OmniVoice/results_b2_final_gs3p0/seedtts_zh/00005080-00000067.wav	0.03571428571428571	他 在 第 五 十 八 届 格 莱 美 音 乐 奖 获 得 年 度 单 曲 奖 和 最 佳 流 行 歌 手 奖	啊   他   在   第   五   十   八   届   格   莱   美   音   乐   奖   获   得   年   度   单   曲   奖   和   最   佳   流   行   歌   手   奖	1	0	0
/opt/gpfs/users/shuai/work/block-conversion-b2/OmniVoice/results_b2_final_gs3p0/seedtts_zh/00005080-00000103.wav	0.0	除 了 要 求 十 三 岁 或 以 上 青 少 年 用 户 使 用 外	除   了   要   求   十   三   岁   或   以   上   青   少   年   用   户   使   用   外	0	0	0
/opt/gpfs/users/shuai/work/block-conversion-b2/OmniVoice/results_b2_final_gs3p0/seedtts_zh/00005081-00000013.wav	0.0	幸 运 又 苦 命 的 孩 子 终 于 活 下 来 了 与 爷 爷 相 依 为 命	幸   运   又   苦   命   的   孩   子   终   于   活   下   来   了   与   爷   爷   相   依   为   命	0	0	0
/opt/gpfs/users/shuai/work/block-conversion-b2/OmniVoice/results_b2_final_gs3p0/seedtts_zh/00005081-00000116.wav	0.0	后 院 靠 墙 原 来 可 能 是 佣 人 住 的 几 间 房 间 作 为 讯 问 室	后   院   靠   墙   原   来   可   能   是   佣   人   住   的   几   间   房   间   作   为   讯   问   室	0	0	0
/opt/gpfs/users/shuai/work/block-conversion-b2/OmniVoice/results_b2_final_gs3p0/seedtts_zh/00005082-00000048.wav	0.0	上 述 部 分 地 区 并 伴 有 短 时 雷 雨 大 风 等 强 对 流 天 气	上   述   部   分   地   区   并   伴   有   短   时   雷   雨   大   风   等   强   对   流   天   气	0	0	0
/opt/gpfs/users/shuai/work/block-conversion-b2/OmniVoice/results_b2_final_gs3p0/seedtts_zh/00005082-00000116.wav	0.05	是 啊 我 们 在 那 些 大 树 下 玩 了 一 上 午 还 在 那 野 餐	是   啊   我   们   在   那   些   大   树   下   玩   了   一   上   午   还   在   那   野   餐   嗯	1	0	0
/opt/gpfs/users/shuai/work/block-conversion-b2/OmniVoice/results_b2_final_gs3p0/seedtts_zh/00005083-00000097.wav	0.0	有 耍 有 看 有 吃 最 重 要 的 是 有 意 义	有   耍   有   看   有   吃   最   重   要   的   是   有   意   义	0	0	0
/opt/gpfs/users/shuai/work/block-conversion-b2/OmniVoice/results_b2_final_gs3p0/seedtts_zh/00005083-00000091.wav	0.0	他 告 诉 我 台 湾 尚 在 生 产 番 薯 粉 的 粉 厂 就 他 了 解 只 剩 两 家	他   告   诉   我   台   湾   尚   在   生   产   番   薯   粉   的   粉   厂   就   他   了   解   只   剩   两   家	0	0	0
/opt/gpfs/users/shuai/work/block-conversion-b2/OmniVoice/results_b2_final_gs3p0/seedtts_zh/00005084-00000071.wav	0.125	尾 号 二 幺 七 七 的 乘 客 刚 夸 了 你 风 里 雨 里 出 行 不 能 没 有 你	喂   呀   尾   号   二   幺   七   七   的   乘   客   刚   夸   了   你   风   里   雨   里   出   行   不   能   没   有   你   啊	3	0	0
/opt/gpfs/users/shuai/work/block-conversion-b2/OmniVoice/results_b2_final_gs3p0/seedtts_zh/00005084-00000069.wav	0.09090909090909091	汪 洋 朱 小 丹 等 领 导 亲 切 拥 抱 参 加 残 奥 会 的 广 东 健 儿	哇   汪   洋   朱   晓   丹   等   领   导   亲   切   拥   抱   参   加   残   奥   会   的   广   东   健   儿	1	0	1
/opt/gpfs/users/shuai/work/block-conversion-b2/OmniVoice/results_b2_final_gs3p0/seedtts_zh/00005085-00000037.wav	0.20833333333333334	健 忘 草 的 气 味 使 歪 歪 一 下 子 糊 涂 了 连 自 己 是 谁 都 忘 记 了	啊   见   旺   草   的   气   味   使   Y Y   一   下   子   糊   涂   了   连   自   己   是   谁   都   忘   记   了	1	0	4
/opt/gpfs/users/shuai/work/block-conversion-b2/OmniVoice/results_b2_final_gs3p0/seedtts_zh/00005085-00000022.wav	0.041666666666666664	侧 压 腿 这 个 动 作 可 以 有 效 缓 解 坐 骨 神 经 卡 压 和 刺 激 症 状	呃   侧   压   腿   这   个   动   作   可   以   有   效   缓   解   坐   骨   神   经   卡   压   和   刺   激   症   状	1	0	0
/opt/gpfs/users/shuai/work/block-conversion-b2/OmniVoice/results_b2_final_gs3p0/seedtts_zh/00005086-00000010.wav	0.08695652173913043	二 十 日 白 天 到 晚 上 雨 水 有 所 减 弱 并 逐 渐 结 束 降 雨 过 程	呃   二   十   日   白   天   到   晚   上   雨   水   有   所   减   弱   并   逐   渐   结   束   降   雨   过   程   呃	2	0	0
/opt/gpfs/users/shuai/work/block-conversion-b2/OmniVoice/results_b2_final_gs3p0/seedtts_zh/00005086-00000090.wav	0.07407407407407407	并 且 让 我 月 底 无 论 如 何 也 要 去 一 趟 泰 国 考 察 一 下 她 推 荐 的 项 目	呃   并   且   让   我   月   底   无   论   如   何   也   要   去   一   趟   泰   国   考   察   一   下   他   推   荐   的   项   目	1	0	1
/opt/gpfs/users/shuai/work/block-conversion-b2/OmniVoice/results_b2_final_gs3p0/seedtts_zh/00005087-00000033.wav	0.041666666666666664	东 倒 西 歪 会 压 坏 所 以 在 家 里 都 戴 胶 框 眼 镜 比 较 耐 摔 耐 压	东   倒   西   歪   会   压   坏   所   以   在   家   里   都   戴   焦   框   眼   镜   比   较   耐   摔   耐   压	0	0	1
/opt/gpfs/users/shuai/work/block-conversion-b2/OmniVoice/results_b2_final_gs3p0/seedtts_zh/00005087-00000024.wav	0.038461538461538464	他 们 用 一 种 电 机 声 刺 耳 的 吹 气 筒 沿 着 马 路 把 枯 叶 都 吹 进 草 堆	他   们   用   一   种   电   击   声   刺   耳   的   吹   气   筒   沿   着   马   路   把   枯   叶   都   吹   进   草   堆	0	0	1
/opt/gpfs/users/shuai/work/block-conversion-b2/OmniVoice/results_b2_final_gs3p0/seedtts_zh/00005088-00000083.wav	0.047619047619047616	志 工 嘉 年 华 以 往 的 活 动 中 包 括 为 孩 子 们 粉 饰 房 屋	职   工   嘉   年   华   以   往   的   活   动   中   包   括   为   孩   子   们   粉   饰   房   屋	0	0	1
/opt/gpfs/users/shuai/work/block-conversion-b2/OmniVoice/results_b2_final_gs3p0/seedtts_zh/00005088-00000045.wav	0.21052631578947367	由 于 生 在 水 底 传 粉 以 水 为 媒 因 而 称 水 媒 传 粉	由   于   生   在   水   底   传   粉   以   水   为   煤   婴   儿   称   水   酶   传   粉	0	0	4
/opt/gpfs/users/shuai/work/block-conversion-b2/OmniVoice/results_b2_final_gs3p0/seedtts_zh/00005090-00000097.wav	0.13043478260869565	其 间 可 能 多 达 二 零 零 零 万 中 国 军 民 为 此 付 出 生 命 代 价	啊   期   间   可   能   多   达   二   零   零   零   万   中   国   军   民   为   此   付   出   生   命   代   价   啊	2	0	1
/opt/gpfs/users/shuai/work/block-conversion-b2/OmniVoice/results_b2_final_gs3p0/seedtts_zh/00005090-00000033.wav	0.0	法 国 超 级 杯 是 法 甲 开 季 前 的 一 项 传 统 赛 事	法   国   超   级   杯   是   法   甲   开   季   前   的   一   项   传   统   赛   事	0	0	0
/opt/gpfs/users/shuai/work/block-conversion-b2/OmniVoice/results_b2_final_gs3p0/seedtts_zh/00005091-00000084.wav	0.09523809523809523	猫 头 鹰 说 国 王 必 须 答 应 娶 她 为 妻 她 才 能 告 诉 国 王	猫   头   鹰   说   国   王   必   须   答   应   娶   他   为   妻   他   才   能   告   诉   国   王	0	0	2
/opt/gpfs/users/shuai/work/block-conversion-b2/OmniVoice/results_b2_final_gs3p0/seedtts_zh/00005091-00000025.wav	0.0	拿 破 仑 就 大 量 阅 读 俄 国 的 历 史 和 政 治 文 献	拿   破   仑   就   大   量   阅   读   俄   国   的   历   史   和   政   治   文   献	0	0	0
/opt/gpfs/users/shuai/work/block-conversion-b2/OmniVoice/results_b2_final_gs3p0/seedtts_zh/00005093-00000093.wav	0.045454545454545456	而 是 以 好 玩 儿 为 主 大 概 有 足 够 支 持 我 生 活 三 个 月 的	而   是   以   好   玩   为   主   大   概   有   足   够   支   持   我   生   活   三   个   月   的	0	1	0
/opt/gpfs/users/shuai/work/block-conversion-b2/OmniVoice/results_b2_final_gs3p0/seedtts_zh/00005093-00000086.wav	0.0	其 余 的 废 物 需 要 经 过 水 的 运 送 通 过 肾 脏 由 尿 排 出 体 外	其   余   的   废   物   需   要   经   过   水   的   运   送   通   过   肾   脏   由   尿   排   出   体   外	0	0	0
/opt/gpfs/users/shuai/work/block-conversion-b2/OmniVoice/results_b2_final_gs3p0/seedtts_zh/00005096-00000002.wav	0.04	肇 庆 市 端 午 当 天 多 云 昼 夜 温 差 大 展 望 六 月 一 日 到 六 月 三 日	哦   肇   庆   市   端   午   当   天   多   云   昼   夜   温   差   大   展   望   六   月   一   日   到   六   月   三   日	1	0	0
/opt/gpfs/users/shuai/work/block-conversion-b2/OmniVoice/results_b2_final_gs3p0/seedtts_zh/00005096-00000060.wav	0.047619047619047616	小 花 鹿 想 红 围 巾 真 漂 亮 我 围 上 红 围 巾 一 定 很 好 看	哦   小   花   鹿   想   红   围   巾   真   漂   亮   我   围   上   红   围   巾   一   定   很   好   看	1	0	0
/opt/gpfs/users/shuai/work/block-conversion-b2/OmniVoice/results_b2_final_gs3p0/seedtts_zh/00005098-00000059.wav	0.0	尾 号 三 五 零 七 的 乘 客 刚 夸 了 你 你 就 是 城 市 的 无 名 英 雄	尾   号   三   五   零   七   的   乘   客   刚   夸   了   你   你   就   是   城   市   的   无   名   英   雄	0	0	0
/opt/gpfs/users/shuai/work/block-conversion-b2/OmniVoice/results_b2_final_gs3p0/seedtts_zh/00005098-00000024.wav	0.043478260869565216	雪 孩 子 紧 紧 的 把 它 攥 在 手 里 好 像 攥 着 自 己 的 生 命 一 样	雪   孩   子   紧   紧   的   把   他   攥   在   手   里   好   像   攥   着   自   己   的   生   命   一   样	0	0	1
/opt/gpfs/users/shuai/work/block-conversion-b2/OmniVoice/results_b2_final_gs3p0/seedtts_zh/00005099-00000075.wav	0.0	并 要 求 拍 摄 多 张 有 指 定 动 作 的 裸 露 照 片	并   要   求   拍   摄   多   张   有   指   定   动   作   的   裸   露   照   片	0	0	0
/opt/gpfs/users/shuai/work/block-conversion-b2/OmniVoice/results_b2_final_gs3p0/seedtts_zh/00005099-00000029.wav	0.0	怀 孕 使 母 亲 的 新 陈 代 谢 发 生 很 大 变 化	怀   孕   使   母   亲   的   新   陈   代   谢   发   生   很   大   变   化	0	0	0
/opt/gpfs/users/shuai/work/block-conversion-b2/OmniVoice/results_b2_final_gs3p0/seedtts_zh/00005100-00000098.wav	0.043478260869565216	等 善 童 醒 来 时 一 个 三 尺 宽 五 尺 高 的 石 门 已 经 挖 出 来 了	呃   等   善   童   醒   来   时   一   个   三   尺   宽   五   尺   高   的   石   门   已   经   挖   出   来   了	1	0	0
/opt/gpfs/users/shuai/work/block-conversion-b2/OmniVoice/results_b2_final_gs3p0/seedtts_zh/00005100-00000067.wav	0.0	因 为 微 整 形 导 致 毁 容 的 事 件 接 二 连 三	因   为   微   整   形   导   致   毁   容   的   事   件   接   二   连   三	0	0	0
/opt/gpfs/users/shuai/work/block-conversion-b2/OmniVoice/results_b2_final_gs3p0/seedtts_zh/00005101-00000012.wav	0.0	大 嫂 能 找 古 云 山 的 孙 子 亲 自 给 你 鉴 定	大   嫂   能   找   古   云   山   的   孙   子   亲   自   给   你   鉴   定	0	0	0
/opt/gpfs/users/shuai/work/block-conversion-b2/OmniVoice/results_b2_final_gs3p0/seedtts_zh/00005101-00000006.wav	0.0	他 隐 约 看 见 一 幢 建 筑 物 就 在 眼 面 前 并 不 大 但 有 好 几 层 楼 高	他   隐   约   看   见   一   幢   建   筑   物   就   在   眼   面   前   并   不   大   但   有   好   几   层   楼   高	0	0	0
/opt/gpfs/users/shuai/work/block-conversion-b2/OmniVoice/results_b2_final_gs3p0/seedtts_zh/00005102-00000018.wav	0.0	老 于 江 湖 的 这 位 中 国 外 交 官 对 付 此 类 问 题 自 然 游 刃 有 余	老   于   江   湖   的   这   位   中   国   外   交   官   对   付   此   类   问   题   自   然   游   刃   有   余	0	0	0
/opt/gpfs/users/shuai/work/block-conversion-b2/OmniVoice/results_b2_final_gs3p0/seedtts_zh/00005102-00000113.wav	0.0	四 库 全 书 因 躲 避 战 火 运 离 故 宫 文 渊 阁	四   库   全   书   因   躲   避   战   火   运   离   故   宫   文   渊   阁	0	0	0
/opt/gpfs/users/shuai/work/block-conversion-b2/OmniVoice/results_b2_final_gs3p0/seedtts_zh/00005103-00000062.wav	0.05263157894736842	当 然 女 王 的 那 些 奢 华 王 冠 肯 定 要 原 样 复 刻 喽	当   然   女   王   的   那   些   奢   华   王   冠   肯   定   要   原   样   复   刻   了	0	0	1
/opt/gpfs/users/shuai/work/block-conversion-b2/OmniVoice/results_b2_final_gs3p0/seedtts_zh/00005103-00000109.wav	0.0	我 经 常 晚 上 梦 见 那 起 谋 杀 案 有 时 还 梦 见 是 自 己 干 的 呢	我   经   常   晚   上   梦   见   那   起   谋   杀   案   有   时   还   梦   见   是   自   己   干   的   呢	0	0	0
/opt/gpfs/users/shuai/work/block-conversion-b2/OmniVoice/results_b2_final_gs3p0/seedtts_zh/00005106-00000115.wav	0.047619047619047616	中 泰 证 券 固 收 研 究 团 队 认 为 主 要 源 于 三 方 面 因 素	呃   中   泰   证   券   固   收   研   究   团   队   认   为   主   要   源   于   三   方   面   因   素	1	0	0
/opt/gpfs/users/shuai/work/block-conversion-b2/OmniVoice/results_b2_final_gs3p0/seedtts_zh/00005106-00000078.wav	0.043478260869565216	它 被 值 班 的 保 安 逮 个 正 着 终 于 变 成 了 美 味 的 红 烧 甲 鱼	他   被   值   班   的   保   安   逮   个   正   着   终   于   变   成   了   美   味   的   红   烧   甲   鱼	0	0	1
/opt/gpfs/users/shuai/work/block-conversion-b2/OmniVoice/results_b2_final_gs3p0/seedtts_zh/00005107-00000046.wav	0.0	由 于 互 不 相 让 谁 也 不 愿 失 去 扮 演 这 最 神 气 角 色 的 机 会	由   于   互   不   相   让   谁   也   不   愿   失   去   扮   演   这   最   神   气   角   色   的   机   会	0	0	0
/opt/gpfs/users/shuai/work/block-conversion-b2/OmniVoice/results_b2_final_gs3p0/seedtts_zh/00005107-00000100.wav	0.09523809523809523	但 是 妄 想 凭 借 三 名 准 无 敌 强 者 就 能 硬 扛 无 敌 强 者	但   是   妄   想   凭   借   三   明   准   无   敌   强   者   就   能   硬   扛   无   敌   强   者   嗯	1	0	1
/opt/gpfs/users/shuai/work/block-conversion-b2/OmniVoice/results_b2_final_gs3p0/seedtts_zh/00005109-00000070.wav	0.0	高 二 那 年 奶 奶 得 了 骨 癌 去 世 没 出 一 个 月 爷 爷 也 去 世 了	高   二   那   年   奶   奶   得   了   骨   癌   去   世   没   出   一   个   月   爷   爷   也   去   世   了	0	0	0
/opt/gpfs/users/shuai/work/block-conversion-b2/OmniVoice/results_b2_final_gs3p0/seedtts_zh/00005109-00000089.wav	0.0	这 里 有 文 化 创 意 区 我 们 要 去 国 外 度 蜜 月	这   里   有   文   化   创   意   区   我   们   要   去   国   外   度   蜜   月	0	0	0
/opt/gpfs/users/shuai/work/block-conversion-b2/OmniVoice/results_b2_final_gs3p0/seedtts_zh/00005111-00000010.wav	0.08695652173913043	不 要 和 让 你 感 到 不 快 乐 的 人 聊 夭 有 的 人 可 能 想 利 用 你	呃   不   要   和   让   你   感   到   不   快   乐   的   人   聊   腰   有   的   人   可   能   想   利   用   你	1	0	1
/opt/gpfs/users/shuai/work/block-conversion-b2/OmniVoice/results_b2_final_gs3p0/seedtts_zh/00005111-00000104.wav	0.05	让 我 们 一 起 相 约 国 贸 春 天 的 盛 宴 吃 到 嗨 玩 到 嗨	啊   让   我   们   一   起   相   约   国   贸   春   天   的   盛   宴   吃   到   嗨   玩   到   嗨	1	0	0
/opt/gpfs/users/shuai/work/block-conversion-b2/OmniVoice/results_b2_final_gs3p0/seedtts_zh/00005112-00000001.wav	0.0	还 有 如 果 王 子 和 别 人 结 婚 你 将 会 化 成 泡 沫 而 死 去	还   有   如   果   王   子   和   别   人   结   婚   你   将   会   化   成   泡   沫   而   死   去	0	0	0
/opt/gpfs/users/shuai/work/block-conversion-b2/OmniVoice/results_b2_final_gs3p0/seedtts_zh/00005112-00000023.wav	0.0	同 时 今 年 禽 肉 和 禽 蛋 价 格 下 跌 也 替 代 了 一 部 分 猪 肉 消 费	同   时   今   年   禽   肉   和   禽   蛋   价   格   下   跌   也   替   代   了   一   部   分   猪   肉   消   费	0	0	0
/opt/gpfs/users/shuai/work/block-conversion-b2/OmniVoice/results_b2_final_gs3p0/seedtts_zh/00005113-00000084.wav	0.0	跟 踪 他 们 他 俩 不 行 从 屋 上 平 安 下 来 没 有 扭 伤 脖 子	跟   踪   他   们   他   俩   不   行   从   屋   上   平   安   下   来   没   有   扭   伤   脖   子	0	0	0
/opt/gpfs/users/shuai/work/block-conversion-b2/OmniVoice/results_b2_final_gs3p0/seedtts_zh/00005113-00000064.wav	0.10526315789473684	切 尔 西 也 向 球 队 询 问 了 引 进 桑 谢 斯 的 可 能 性	呃   切   尔   西   也   向   球   队   询   问   了   引   进   桑   切   斯   的   可   能   性	1	0	1
/opt/gpfs/users/shuai/work/block-conversion-b2/OmniVoice/results_b2_final_gs3p0/seedtts_zh/00005114-00000084.wav	0.0	后 来 机 缘 巧 合 碰 到 了 少 城 时 代 就 把 唱 片 的 事 情 给 定 了	后   来   机   缘   巧   合   碰   到   了   少   城   时   代   就   把   唱   片   的   事   情   给   定   了	0	0	0
/opt/gpfs/users/shuai/work/block-conversion-b2/OmniVoice/results_b2_final_gs3p0/seedtts_zh/00005114-00000066.wav	0.045454545454545456	他 们 脱 掉 笨 重 的 冬 衣 走 起 路 来 腰 杆 儿 挺 直 步 履 轻 盈	他   们   脱   掉   笨   重   的   冬   衣   走   起   路   来   腰   杆   挺   直   步   履   轻   盈	0	1	0
/opt/gpfs/users/shuai/work/block-conversion-b2/OmniVoice/results_b2_final_gs3p0/seedtts_zh/00005115-00000115.wav	0.045454545454545456	这 哦 对 这 是 我 刚 上 一 年 级 妈 妈 攒 了 十 个 鸡 蛋 换 来 的	哦   这   哦   对   这   是   我   刚   上   一   年   级   妈   妈   攒   了   十   个   鸡   蛋   换   来   的	1	0	0
/opt/gpfs/users/shuai/work/block-conversion-b2/OmniVoice/results_b2_final_gs3p0/seedtts_zh/00005115-00000008.wav	0.13043478260869565	这 呢 一 道 道 阳 光 如 长 矛 一 般 从 茂 密 的 树 叶 中 直 刺 下 来	哦   这   呢   一   道   道   阳   光   如   长   毛   一   般   从   茂   密   的   树   叶   中   直   刺   下   来   啊	2	0	1
/opt/gpfs/users/shuai/work/block-conversion-b2/OmniVoice/results_b2_final_gs3p0/seedtts_zh/00005116-00000054.wav	0.0	我 猜 这 首 歌 肯 定 是 流 行 音 乐 排 行 榜 的 头 一 名	我   猜   这   首   歌   肯   定   是   流   行   音   乐   排   行   榜   的   头   一   名	0	0	0
/opt/gpfs/users/shuai/work/block-conversion-b2/OmniVoice/results_b2_final_gs3p0/seedtts_zh/00005116-00000035.wav	0.0	回 顾 中 国 历 史 正 统 王 朝 一 共 有 过 二 三 一 位 皇 帝	回   顾   中   国   历   史   正   统   王   朝   一   共   有   过   二   三   一   位   皇   帝	0	0	0
/opt/gpfs/users/shuai/work/block-conversion-b2/OmniVoice/results_b2_final_gs3p0/seedtts_zh/00005117-00000023.wav	0.0	但 到 投 票 前 日 内 菲 斯 竟 以 黑 马 之 姿 冲 过 席 尔 瓦 日 渐 下 降 的 支 持 率	但   到   投   票   前   日   内   菲   斯   竟   以   黑   马   之   姿   冲   过   席   尔   瓦   日   渐   下   降   的   支   持   率	0	0	0
/opt/gpfs/users/shuai/work/block-conversion-b2/OmniVoice/results_b2_final_gs3p0/seedtts_zh/00005117-00000044.wav	0.045454545454545456	而 是 以 好 玩 儿 为 主 大 概 有 足 够 支 持 我 生 活 三 个 月 的	而   是   以   好   玩   为   主   大   概   有   足   够   支   持   我   生   活   三   个   月   的	0	1	0
/opt/gpfs/users/shuai/work/block-conversion-b2/OmniVoice/results_b2_final_gs3p0/seedtts_zh/00005118-00000071.wav	0.0	目 前 产 成 品 库 存 仍 在 主 动 去 库 存 周 期 前 段	目   前   产   成   品   库   存   仍   在   主   动   去   库   存   周   期   前   段	0	0	0
/opt/gpfs/users/shuai/work/block-conversion-b2/OmniVoice/results_b2_final_gs3p0/seedtts_zh/00005118-00000097.wav	0.047619047619047616	种 子 发 芽 了 鼹 鼠 妈 妈 把 小 芽 周 围 的 野 草 全 锄 干 净	种   子   发   芽   了   鼹   鼠   妈   妈   把   小   芽   周   围   的   野   草   全   除   干   净	0	0	1
/opt/gpfs/users/shuai/work/block-conversion-b2/OmniVoice/results_b2_final_gs3p0/seedtts_zh/00005119-00000050.wav	0.058823529411764705	嗯 到 了 夏 季 天 气 炎 热 树 叶 变 成 了 深 绿 色	到   了   夏   季   天   气   炎   热   树   叶   变   成   了   深   绿   色	0	1	0
/opt/gpfs/users/shuai/work/block-conversion-b2/OmniVoice/results_b2_final_gs3p0/seedtts_zh/00005119-00000082.wav	0.05263157894736842	火 红 的 眼 睛 四 周 有 一 大 圈 羽 毛 这 时 他 放 心 了	哦   火   红   的   眼   睛   四   周   有   一   大   圈   羽   毛   这   时   他   放   心   了	1	0	0
/opt/gpfs/users/shuai/work/block-conversion-b2/OmniVoice/results_b2_final_gs3p0/seedtts_zh/00005120-00000094.wav	0.14285714285714285	薇 拉 吸 食 大 麻 后 情 绪 失 控 竟 威 胁 女 儿 的 男 友 要 被 杀 死 还 是 被 割 鸟	维   拉   西   时   大   麻   后   情   绪   失   控   就   威   胁   女   儿   的   男   友   要   被   杀   死   还   是   被   割   鸟	0	0	4
/opt/gpfs/users/shuai/work/block-conversion-b2/OmniVoice/results_b2_final_gs3p0/seedtts_zh/00005120-00000045.wav	0.0	阳 台 和 窗 台 附 近 不 要 放 置 矮 柜 凳 子 等 可 供 攀 爬 的 家 具	阳   台   和   窗   台   附   近   不   要   放   置   矮   柜   凳   子   等   可   供   攀   爬   的   家   具	0	0	0
/opt/gpfs/users/shuai/work/block-conversion-b2/OmniVoice/results_b2_final_gs3p0/seedtts_zh/00005121-00000038.wav	0.08	成 都 高 新 区 某 小 学 屈 老 师 也 讲 了 一 个 关 于 命 题 作 文 的 趣 事	哦   成   都   高   新   区   某   小   学   区   老   师   也   讲   了   一   个   关   于   命   题   作   文   的   趣   事	1	0	1
/opt/gpfs/users/shuai/work/block-conversion-b2/OmniVoice/results_b2_final_gs3p0/seedtts_zh/00005121-00000048.wav	0.0	儿 子 媳 妇 工 作 太 忙 也 顾 不 上 管 娃 娃 成 绩 不 咋 地	儿   子   媳   妇   工   作   太   忙   也   顾   不   上   管   娃   娃   成   绩   不   咋   地	0	0	0
/opt/gpfs/users/shuai/work/block-conversion-b2/OmniVoice/results_b2_final_gs3p0/seedtts_zh/00005122-00000037.wav	0.0	坚 持 搓 揉 耳 廓 按 摩 耳 垂 等 部 位 每 次 约 五 到 十 分 钟	坚   持   搓   揉   耳   廓   按   摩   耳   垂   等   部   位   每   次   约   五   到   十   分   钟	0	0	0
/opt/gpfs/users/shuai/work/block-conversion-b2/OmniVoice/results_b2_final_gs3p0/seedtts_zh/00005122-00000044.wav	0.0	尤 其 是 在 开 完 会 议 或 者 发 表 完 演 讲 后 更 是 必 须 洗 澡	尤   其   是   在   开   完   会   议   或   者   发   表   完   演   讲   后   更   是   必   须   洗   澡	0	0	0
/opt/gpfs/users/shuai/work/block-conversion-b2/OmniVoice/results_b2_final_gs3p0/seedtts_zh/00005123-00000063.wav	0.0	一 旦 当 选 将 承 认 耶 路 撒 冷 为 以 色 列 不 可 分 割 的 首 都	一   旦   当   选   将   承   认   耶   路   撒   冷   为   以   色   列   不   可   分   割   的   首   都	0	0	0
/opt/gpfs/users/shuai/work/block-conversion-b2/OmniVoice/results_b2_final_gs3p0/seedtts_zh/00005123-00000062.wav	0.13333333333333333	四 九 一 座 小 庄 园 狮 子 接 过 信 读 起 来	四   九   一   座   小   庄   园   狮   子   接   过   信   读	0	2	0
/opt/gpfs/users/shuai/work/block-conversion-b2/OmniVoice/results_b2_final_gs3p0/seedtts_zh/00005124-00000065.wav	0.0	税 收 财 政 的 效 率 几 乎 完 全 依 赖 于 与 纳 税 人 的 博 弈	税   收   财   政   的   效   率   几   乎   完   全   依   赖   于   与   纳   税   人   的   博   弈	0	0	0
/opt/gpfs/users/shuai/work/block-conversion-b2/OmniVoice/results_b2_final_gs3p0/seedtts_zh/00005124-00000035.wav	0.05	放 眼 望 去 左 右 两 侧 每 间 房 屋 的 门 面 皆 不 算 宽 敞	哦   放   眼   望   去   左   右   两   侧   每   间   房   屋   的   门   面   皆   不   算   宽   敞	1	0	0
/opt/gpfs/users/shuai/work/block-conversion-b2/OmniVoice/results_b2_final_gs3p0/seedtts_zh/00005125-00000102.wav	0.0	只 能 用 这 种 围 魏 救 赵 的 方 法 来 解 救 自 己 的 儿 子	只   能   用   这   种   围   魏   救   赵   的   方   法   来   解   救   自   己   的   儿   子	0	0	0
/opt/gpfs/users/shuai/work/block-conversion-b2/OmniVoice/results_b2_final_gs3p0/seedtts_zh/00005125-00000086.wav	0.058823529411764705	父 亲 在 巴 库 一 家 德 国 石 油 公 司 当 工 程 师	呃   父   亲   在   巴   库   一   家   德   国   石   油   公   司   当   工   程   师	1	0	0
/opt/gpfs/users/shuai/work/block-conversion-b2/OmniVoice/results_b2_final_gs3p0/seedtts_zh/00005126-00000079.wav	0.041666666666666664	接 着 又 开 始 了 新 的 一 年 玫 瑰 又 吐 发 抽 枝 蜗 牛 也 爬 了 出 来	接   着   又   开   始   了   新   的   一   年   玫   瑰   又   吐   发   抽   脂   蜗   牛   也   爬   了   出   来	0	0	1
/opt/gpfs/users/shuai/work/block-conversion-b2/OmniVoice/results_b2_final_gs3p0/seedtts_zh/00005126-00000027.wav	0.0	剧 烈 运 动 可 能 会 帮 助 你 从 失 恋 中 解 脱 出 来	剧   烈   运   动   可   能   会   帮   助   你   从   失   恋   中   解   脱   出   来	0	0	0
/opt/gpfs/users/shuai/work/block-conversion-b2/OmniVoice/results_b2_final_gs3p0/seedtts_zh/00005127-00000080.wav	0.0	都 要 先 以 不 动 产 升 值 的 方 式 转 移 给 土 地 所 有 者	都   要   先   以   不   动   产   升   值   的   方   式   转   移   给   土   地   所   有   者	0	0	0
/opt/gpfs/users/shuai/work/block-conversion-b2/OmniVoice/results_b2_final_gs3p0/seedtts_zh/00005127-00000005.wav	0.0	请 语 音 留 言 告 诉 电 话 精 灵 您 没 有 达 到 父 母 的 哪 些 要 求	请   语   音   留   言   告   诉   电   话   精   灵   您   没   有   达   到   父   母   的   哪   些   要   求	0	0	0
/opt/gpfs/users/shuai/work/block-conversion-b2/OmniVoice/results_b2_final_gs3p0/seedtts_zh/00005129-00000091.wav	0.08695652173913043	假 如 有 人 做 加 法 而 一 加 一 的 答 数 不 是 二 那 就 要 得 零 分	啊   假   如   有   人   做   加   法   而   一   加   一   的   答   数   不   是   二   那   就   要   得   零   分   啊	2	0	0
/opt/gpfs/users/shuai/work/block-conversion-b2/OmniVoice/results_b2_final_gs3p0/seedtts_zh/00005129-00000081.wav	0.045454545454545456	而 登 山 最 稳 定 的 季 节 是 每 年 端 午 节 过 后 到 十 月 之 间	而   而   登   山   最   稳   定   的   季   节   是   每   年   端   午   节   过   后   到   十   月   之   间	1	0	0
/opt/gpfs/users/shuai/work/block-conversion-b2/OmniVoice/results_b2_final_gs3p0/seedtts_zh/00005130-00000050.wav	0.0	西 安 楼 市 低 迷 的 状 态 仍 在 延 续 住 宅 交 易 市 场 冷 清	西   安   楼   市   低   迷   的   状   态   仍   在   延   续   住   宅   交   易   市   场   冷   清	0	0	0
/opt/gpfs/users/shuai/work/block-conversion-b2/OmniVoice/results_b2_final_gs3p0/seedtts_zh/00005130-00000042.wav	0.0	于 是 野 兔 又 跑 了 七 十 三 次 刺 猬 总 是 奉 陪 着	于   是   野   兔   又   跑   了   七   十   三   次   刺   猬   总   是   奉   陪   着	0	0	0
/opt/gpfs/users/shuai/work/block-conversion-b2/OmniVoice/results_b2_final_gs3p0/seedtts_zh/00005133-00000066.wav	0.0	二 十 赶 到 杭 州 约 会 女 友 激 动 的 小 伙 丢 了 装 有 二 十 三 万 钱 物 的 包	二   十   赶   到   杭   州   约   会   女   友   激   动   的   小   伙   丢   了   装   有   二   十   三   万   钱   物   的   包	0	0	0
/opt/gpfs/users/shuai/work/block-conversion-b2/OmniVoice/results_b2_final_gs3p0/seedtts_zh/00005133-00000029.wav	0.0	前 阿 森 纳 球 星 永 贝 里 目 前 是 沃 尔 夫 斯 堡 的 助 理 教 练	前   阿   森   纳   球   星   永   贝   里   目   前   是   沃   尔   夫   斯   堡   的   助   理   教   练	0	0	0
/opt/gpfs/users/shuai/work/block-conversion-b2/OmniVoice/results_b2_final_gs3p0/seedtts_zh/00005134-00000004.wav	0.0	两 人 看 起 来 像 爷 爷 和 孙 女 但 听 着 称 呼 又 好 像 是 夫 妻	两   人   看   起   来   像   爷   爷   和   孙   女   但   听   着   称   呼   又   好   像   是   夫   妻	0	0	0
/opt/gpfs/users/shuai/work/block-conversion-b2/OmniVoice/results_b2_final_gs3p0/seedtts_zh/00005134-00000113.wav	0.0	在 北 部 湾 海 域 查 获 涉 嫌 走 私 冻 品 一 批	在   北   部   湾   海   域   查   获   涉   嫌   走   私   冻   品   一   批	0	0	0
/opt/gpfs/users/shuai/work/block-conversion-b2/OmniVoice/results_b2_final_gs3p0/seedtts_zh/00005135-00000050.wav	0.0	哦 这 段 时 间 我 一 直 拼 命 工 作 我 可 能 只 想 放 松 放 松	哦   这   段   时   间   我   一   直   拼   命   工   作   我   可   能   只   想   放   松   放   松	0	0	0
/opt/gpfs/users/shuai/work/block-conversion-b2/OmniVoice/results_b2_final_gs3p0/seedtts_zh/00005135-00000016.wav	1.0	那 些 袖 珍 衣 服 挂 在 架 子 上 远 远 看 上 去 就 像 一 幅 画 可 漂 亮 了		0	25	0
/opt/gpfs/users/shuai/work/block-conversion-b2/OmniVoice/results_b2_final_gs3p0/seedtts_zh/00005136-00000020.wav	0.0	屋 顶 灰 蓬 蓬 的 上 面 镶 着 几 块 明 瓦 透 射 出 几 缕 无 精 打 采 的 光 亮	屋   顶   灰   蓬   蓬   的   上   面   镶   着   几   块   明   瓦   透   射   出   几   缕   无   精   打   采   的   光   亮	0	0	0
/opt/gpfs/users/shuai/work/block-conversion-b2/OmniVoice/results_b2_final_gs3p0/seedtts_zh/00005136-00000026.wav	0.045454545454545456	其 中 有 件 皮 草 外 套 定 价 高 达 九 十 一 万 美 元 可 谓 尊 贵	哦   其   中   有   件   皮   草   外   套   定   价   高   达   九   十   一   万   美   元   可   谓   尊   贵	1	0	0
/opt/gpfs/users/shuai/work/block-conversion-b2/OmniVoice/results_b2_final_gs3p0/seedtts_zh/00005138-00000013.wav	0.0	上 半 年 广 东 完 成 固 定 资 产 投 资 一 点 五 五 万 亿 元	上   半   年   广   东   完   成   固   定   资   产   投   资   一   点   五   五   万   亿   元	0	0	0
/opt/gpfs/users/shuai/work/block-conversion-b2/OmniVoice/results_b2_final_gs3p0/seedtts_zh/00005138-00000010.wav	0.05263157894736842	别 提 了 我 今 年 赔 了 一 些 钱 我 想 生 意 快 倒 闭 了	呃   别   提   了   我   今   年   赔   了   一   些   钱   我   想   生   意   快   倒   闭   了	1	0	0
/opt/gpfs/users/shuai/work/block-conversion-b2/OmniVoice/results_b2_final_gs3p0/seedtts_zh/00005140-00000039.wav	0.038461538461538464	越 是 身 居 高 位 越 要 勇 于 自 我 革 命 越 是 关 键 少 数 越 要 严 格 自 律	啊   越   是   身   居   高   位   越   要   勇   于   自   我   革   命   越   是   关   键   少   数   越   要   严   格   自   律	1	0	0
/opt/gpfs/users/shuai/work/block-conversion-b2/OmniVoice/results_b2_final_gs3p0/seedtts_zh/00005140-00000094.wav	0.05555555555555555	当 他 们 系 上 滑 雪 板 第 一 阵 迷 雾 已 经 降 下 来	啊   当   他   们   系   上   滑   雪   板   第   一   阵   迷   雾   已   经   降   下   来	1	0	0
/opt/gpfs/users/shuai/work/block-conversion-b2/OmniVoice/results_b2_final_gs3p0/seedtts_zh/00005141-00000071.wav	0.0	丈 夫 又 惊 又 怕 再 次 放 下 了 斧 子 朝 四 周 张 望	丈   夫   又   惊   又   怕   再   次   放   下   了   斧   子   朝   四   周   张   望	0	0	0
/opt/gpfs/users/shuai/work/block-conversion-b2/OmniVoice/results_b2_final_gs3p0/seedtts_zh/00005141-00000016.wav	0.0	成 为 品 牌 新 任 亚 洲 区 腕 表 首 饰 形 象 大 使	成   为   品   牌   新   任   亚   洲   区   腕   表   首   饰   形   象   大   使	0	0	0
/opt/gpfs/users/shuai/work/block-conversion-b2/OmniVoice/results_b2_final_gs3p0/seedtts_zh/00005142-00000067.wav	0.0	自 结 婚 以 来 我 那 位 再 也 没 有 给 我 送 过 一 朵 玫 瑰	自   结   婚   以   来   我   那   位   再   也   没   有   给   我   送   过   一   朵   玫   瑰	0	0	0
/opt/gpfs/users/shuai/work/block-conversion-b2/OmniVoice/results_b2_final_gs3p0/seedtts_zh/00005142-00000051.wav	0.037037037037037035	让 董 其 武 这 个 在 塞 外 前 线 吃 土 豆 睡 土 炕 的 土 包 子 实 在 是 坐 不 住	让   董   其   武   这   个   在   塞   外   前   线   吃   土   豆   碎   土   炕   的   土   包   子   实   在   是   坐   不   住	0	0	1
/opt/gpfs/users/shuai/work/block-conversion-b2/OmniVoice/results_b2_final_gs3p0/seedtts_zh/00005143-00000056.wav	0.0	背 着 两 柄 唐 刀 的 超 级 英 雄 出 现 在 战 场 处	背   着   两   柄   唐   刀   的   超   级   英   雄   出   现   在   战   场   处	0	0	0
/opt/gpfs/users/shuai/work/block-conversion-b2/OmniVoice/results_b2_final_gs3p0/seedtts_zh/00005143-00000039.wav	0.07142857142857142	大 睡 三 晚 然 后 去 吹 海 风 爬 山 骑 马	啊   大   睡   三   晚   然   后   去   吹   海   风   爬   山   骑   马	1	0	0
/opt/gpfs/users/shuai/work/block-conversion-b2/OmniVoice/results_b2_final_gs3p0/seedtts_zh/00005144-00000043.wav	0.047619047619047616	一 些 对 股 份 制 懵 懵 懂 懂 的 国 有 企 业 被 包 装 上 了 市	呃   一   些   对   股   份   制   懵   懵   懂   懂   的   国   有   企   业   被   包   装   上   了   市	1	0	0
/opt/gpfs/users/shuai/work/block-conversion-b2/OmniVoice/results_b2_final_gs3p0/seedtts_zh/00005144-00000082.wav	0.11764705882352941	他 说 过 溜 回 城 里 打 探 虚 实 以 便 伺 机 报 复	啊   他   说   过   六   回   城   里   打   探   虚   实   以   便   伺   机   报   复	1	0	1
/opt/gpfs/users/shuai/work/block-conversion-b2/OmniVoice/results_b2_final_gs3p0/seedtts_zh/00005146-00000058.wav	0.037037037037037035	尾 号 四 四 九 幺 的 乘 客 刚 夸 了 你 厉 害 了 我 的 师 傅 你 真 是 个 活 地 图	啊   尾   号   四   四   九   幺   的   乘   客   刚   夸   了   你   厉   害   了   我   的   师   傅   你   真   是   个   活   地   图	1	0	0
/opt/gpfs/users/shuai/work/block-conversion-b2/OmniVoice/results_b2_final_gs3p0/seedtts_zh/00005146-00000082.wav	0.0	尾 号 九 二 六 八 的 乘 客 刚 夸 了 你 你 们 是 陌 生 人 在 城 市 的 引 路 人	尾   号   九   二   六   八   的   乘   客   刚   夸   了   你   你   们   是   陌   生   人   在   城   市   的   引   路   人	0	0	0
/opt/gpfs/users/shuai/work/block-conversion-b2/OmniVoice/results_b2_final_gs3p0/seedtts_zh/00005147-00000058.wav	0.0	过 敏 性 结 膜 炎 又 痒 又 红 的 兔 子 眼 病 情 分 五 类	过   敏   性   结   膜   炎   又   痒   又   红   的   兔   子   眼   病   情   分   五   类	0	0	0
/opt/gpfs/users/shuai/work/block-conversion-b2/OmniVoice/results_b2_final_gs3p0/seedtts_zh/00005147-00000059.wav	0.0	周 围 响 起 一 片 赞 叹 太 棒 了 火 柴 真 好 玩 妈 妈 我 也 要	周   围   响   起   一   片   赞   叹   太   棒   了   火   柴   真   好   玩   妈   妈   我   也   要	0	0	0
/opt/gpfs/users/shuai/work/block-conversion-b2/OmniVoice/results_b2_final_gs3p0/seedtts_zh/00005149-00000069.wav	0.10714285714285714	苹 果 以 往 在 专 利 争 夺 战 中 很 少 失 利 没 想 到 这 次 却 在 中 国 踢 到 舔 板	啊   苹   果   以   往   在   专   利   争   夺   战   中   很   少   失   利   没   想   到   这   次   却   在   中   国   踢   到   田   板   啊	2	0	1
/opt/gpfs/users/shuai/work/block-conversion-b2/OmniVoice/results_b2_final_gs3p0/seedtts_zh/00005149-00000040.wav	0.05	那 条 街 长 得 很 两 旁 树 木 成 行 院 落 一 个 挨 着 一 个	那   条   街   长   得   狠   两   旁   树   木   成   行   院   落   一   个   挨   着   一   个	0	0	1
/opt/gpfs/users/shuai/work/block-conversion-b2/OmniVoice/results_b2_final_gs3p0/seedtts_zh/00005150-00000010.wav	0.0	公 布 了 一 份 去 年 八 月 养 鸭 场 养 鹅 场 有 瘦 肉 精 的 检 验 资 料	公   布   了   一   份   去   年   八   月   养   鸭   场   养   鹅   场   有   瘦   肉   精   的   检   验   资   料	0	0	0
/opt/gpfs/users/shuai/work/block-conversion-b2/OmniVoice/results_b2_final_gs3p0/seedtts_zh/00005150-00000117.wav	0.043478260869565216	享 受 全 台 独 一 无 二 的 海 水 温 泉 浴 夜 晚 可 仰 望 灿 烂 星 空	享   受   泉   台   独   一   无   二   的   海   水   温   泉   浴   夜   晚   可   仰   望   灿   烂   星   空	0	0	1
/opt/gpfs/users/shuai/work/block-conversion-b2/OmniVoice/results_b2_final_gs3p0/seedtts_zh/00005151-00000015.wav	0.0	于 是 他 就 让 男 孩 去 给 法 官 送 一 篮 葡 萄 另 带 一 封 信	于   是   他   就   让   男   孩   去   给   法   官   送   一   篮   葡   萄   另   带   一   封   信	0	0	0
/opt/gpfs/users/shuai/work/block-conversion-b2/OmniVoice/results_b2_final_gs3p0/seedtts_zh/00005151-00000078.wav	0.0	好 的 广 播 公 司 获 得 信 息 的 途 径 远 不 止 新 闻 发 布 会	好   的   广   播   公   司   获   得   信   息   的   途   径   远   不   止   新   闻   发   布   会	0	0	0
/opt/gpfs/users/shuai/work/block-conversion-b2/OmniVoice/results_b2_final_gs3p0/seedtts_zh/00005152-00000070.wav	0.09523809523809523	它 所 告 诉 人 们 的 全 是 空 中 楼 阁 与 缥 缈 虚 无 的 幻 想	他   所   告   诉   人   们   的   全   是   空   中   楼   阁   与   缥   渺   虚   无   的   幻   想	0	0	2
/opt/gpfs/users/shuai/work/block-conversion-b2/OmniVoice/results_b2_final_gs3p0/seedtts_zh/00005152-00000078.wav	0.0	守 望 先 锋 推 出 后 的 高 涨 人 气 让 暴 雪 十 分 乐 意 为 这 款 游 戏 投 入 更 多 资 源	守   望   先   锋   推   出   后   的   高   涨   人   气   让   暴   雪   十   分   乐   意   为   这   款   游   戏   投   入   更   多   资   源	0	0	0
/opt/gpfs/users/shuai/work/block-conversion-b2/OmniVoice/results_b2_final_gs3p0/seedtts_zh/00005153-00000022.wav	0.04	还 有 一 只 山 兔 来 了 个 单 腿 独 立 另 一 条 腿 一 圈 又 一 圈 地 旋 转	哦   还   有   一   只   山   兔   来   了   个   单   腿   独   立   另   一   条   腿   一   圈   又   一   圈   地   旋   转	1	0	0
/opt/gpfs/users/shuai/work/block-conversion-b2/OmniVoice/results_b2_final_gs3p0/seedtts_zh/00005153-00000091.wav	0.045454545454545456	在 半 决 赛 美 国 女 排 险 胜 古 巴 闯 入 决 赛 最 终 收 获 银 牌	哦   在   半   决   赛   美   国   女   排   险   胜   古   巴   闯   入   决   赛   最   终   收   获   银   牌	1	0	0
/opt/gpfs/users/shuai/work/block-conversion-b2/OmniVoice/results_b2_final_gs3p0/seedtts_zh/00005154-00000098.wav	0.0	尾 号 幺 七 二 六 的 乘 客 刚 夸 了 你 夜 里 出 行 不 方 便 还 好 师 傅 能 出 现	尾   号   幺   七   二   六   的   乘   客   刚   夸   了   你   夜   里   出   行   不   方   便   还   好   师   傅   能   出   现	0	0	0
/opt/gpfs/users/shuai/work/block-conversion-b2/OmniVoice/results_b2_final_gs3p0/seedtts_zh/00005154-00000107.wav	0.047619047619047616	葡 萄 柚 富 含 一 种 天 然 的 具 有 增 强 免 疫 力 的 化 合 物	呃   葡   萄   柚   富   含   一   种   天   然   的   具   有   增   强   免   疫   力   的   化   合   物	1	0	0
/opt/gpfs/users/shuai/work/block-conversion-b2/OmniVoice/results_b2_final_gs3p0/seedtts_zh/00005155-00000039.wav	0.041666666666666664	恼 火 的 孙 某 打 电 话 责 问 墓 地 管 理 处 可 对 方 坚 称 已 经 汇 款	恼   火   的   孙   某   打   电   话   责   问   墓   地   管   理   处   可   对   方   坚   称   已   经   汇   款   啊	1	0	0
/opt/gpfs/users/shuai/work/block-conversion-b2/OmniVoice/results_b2_final_gs3p0/seedtts_zh/00005155-00000006.wav	0.0	很 多 人 在 网 上 受 骗 幸 运 的 是 没 有 人 死 亡	很   多   人   在   网   上   受   骗   幸   运   的   是   没   有   人   死   亡	0	0	0
/opt/gpfs/users/shuai/work/block-conversion-b2/OmniVoice/results_b2_final_gs3p0/seedtts_zh/00005156-00000071.wav	0.043478260869565216	分 不 清 正 在 震 动 的 是 音 乐 还 是 快 要 跳 出 身 体 的 心 跳 声	啊   分   不   清   正   在   震   动   的   是   音   乐   还   是   快   要   跳   出   身   体   的   心   跳   声	1	0	0
/opt/gpfs/users/shuai/work/block-conversion-b2/OmniVoice/results_b2_final_gs3p0/seedtts_zh/00005156-00000018.wav	0.04	岩 石 堆 下 涌 流 出 一 股 清 流 甜 美 的 泉 水 人 们 把 它 叫 做 石 羊 岩	啊   岩   石   堆   下   涌   流   出   一   股   清   流   甜   美   的   泉   水   人   们   把   它   叫   做   石   羊   岩	1	0	0
/opt/gpfs/users/shuai/work/block-conversion-b2/OmniVoice/results_b2_final_gs3p0/seedtts_zh/00005157-00000017.wav	0.047619047619047616	现 在 它 还 在 滴 即 使 等 一 切 随 着 历 史 成 为 烟 消 云 散	现   在   它   还   在   低   即   使   等   一   切   随   着   历   史   成   为   烟   消   云   散	0	0	1
/opt/gpfs/users/shuai/work/block-conversion-b2/OmniVoice/results_b2_final_gs3p0/seedtts_zh/00005157-00000003.wav	0.0	每 周 二 媒 体 老 总 们 都 必 须 参 加 官 方 举 办 的 简 报 会	每   周   二   媒   体   老   总   们   都   必   须   参   加   官   方   举   办   的   简   报   会	0	0	0
/opt/gpfs/users/shuai/work/block-conversion-b2/OmniVoice/results_b2_final_gs3p0/seedtts_zh/00005158-00000039.wav	0.037037037037037035	尾 号 八 八 四 七 的 乘 客 刚 夸 了 你 春 节 路 上 很 辛 苦 一 路 温 暖 不 怕 堵	啊   尾   号   八   八   四   七   的   乘   客   刚   夸   了   你   春   节   路   上   很   辛   苦   一   路   温   暖   不   怕   堵	1	0	0
/opt/gpfs/users/shuai/work/block-conversion-b2/OmniVoice/results_b2_final_gs3p0/seedtts_zh/00005158-00000009.wav	0.07142857142857142	德 国 纳 粹 头 目 希 特 勒 五 十 五 岁 时 为 与 情 妇 爱 娃 保 持 正 常 的 性 生 活	呃   德   国   纳   粹   头   目   希   特   勒   五   十   五   岁   时   为   与   情   妇   艾   娃   保   持   正   常   的   性   生   活	1	0	1
/opt/gpfs/users/shuai/work/block-conversion-b2/OmniVoice/results_b2_final_gs3p0/seedtts_zh/00005159-00000031.wav	0.0	不 过 还 是 顺 畅 的 站 起 来 和 大 家 打 问 好	不   过   还   是   顺   畅   的   站   起   来   和   大   家   打   问   好	0	0	0
/opt/gpfs/users/shuai/work/block-conversion-b2/OmniVoice/results_b2_final_gs3p0/seedtts_zh/00005159-00000003.wav	0.08333333333333333	深 刻 的 宗 教 文 化 是 厄 瓜 多 尔 社 会 充 斥 着 反 同 态 度 的 主 因	啊   深   刻   的   宗   教   文   化   是   厄   瓜   多   尔   社   会   充   斥   着   反   同   态   度   的   主   因   啊	2	0	0
/opt/gpfs/users/shuai/work/block-conversion-b2/OmniVoice/results_b2_final_gs3p0/seedtts_zh/00005160-00000004.wav	0.09090909090909091	当 时 萱 萱 演 唱 了 一 首 深 情 的 我 是 不 是 你 最 疼 爱 的 人	当   时   轩   轩   演   唱   了   一   首   深   情   的   我   是   不   是   你   最   疼   爱   的   人	0	0	2
/opt/gpfs/users/shuai/work/block-conversion-b2/OmniVoice/results_b2_final_gs3p0/seedtts_zh/00005160-00000078.wav	0.0	近 日 除 了 葛 洲 坝 股 价 下 跌 外 其 余 三 家 均 有 不 同 程 度 的 上 涨	近   日   除   了   葛   洲   坝   股   价   下   跌   外   其   余   三   家   均   有   不   同   程   度   的   上   涨	0	0	0
/opt/gpfs/users/shuai/work/block-conversion-b2/OmniVoice/results_b2_final_gs3p0/seedtts_zh/00005161-00000093.wav	0.09523809523809523	以 及 目 测 效 果 最 好 的 银 纤 维 材 料 的 杀 菌 除 臭 袜 等	啊   以   及   目   测   效   果   最   好   的   银   纤   维   材   料   的   杀   菌   除   臭   袜   等   啊	2	0	0
/opt/gpfs/users/shuai/work/block-conversion-b2/OmniVoice/results_b2_final_gs3p0/seedtts_zh/00005161-00000005.wav	0.0	在 攀 比 之 风 的 呼 啸 中 会 像 滚 雪 球 一 样 越 滚 越 大	在   攀   比   之   风   的   呼   啸   中   会   像   滚   雪   球   一   样   越   滚   越   大	0	0	0
/opt/gpfs/users/shuai/work/block-conversion-b2/OmniVoice/results_b2_final_gs3p0/seedtts_zh/00005162-00000074.wav	0.0	据 他 了 解 年 轻 男 子 情 绪 很 激 动 嘴 里 一 直 骂 骂 咧 咧	据   他   了   解   年   轻   男   子   情   绪   很   激   动   嘴   里   一   直   骂   骂   咧   咧	0	0	0
/opt/gpfs/users/shuai/work/block-conversion-b2/OmniVoice/results_b2_final_gs3p0/seedtts_zh/00005162-00000035.wav	0.045454545454545456	那 是 我 求 之 不 得 的 呢 驴 一 边 说 一 边 紧 挨 着 公 主 坐 下	那   是   我   求   之   不   得   的   呢   吕   一   边   说   一   边   紧   挨   着   公   主   坐   下	0	0	1
/opt/gpfs/users/shuai/work/block-conversion-b2/OmniVoice/results_b2_final_gs3p0/seedtts_zh/00005164-00000052.wav	0.047619047619047616	黄 父 心 急 如 焚 等 不 及 转 院 救 护 车 就 自 行 开 车 前 往	皇   父   心   急   如   焚   等   不   及   转   院   救   护   车   就   自   行   开   车   前   往	0	0	1
/opt/gpfs/users/shuai/work/block-conversion-b2/OmniVoice/results_b2_final_gs3p0/seedtts_zh/00005164-00000009.wav	0.0	碰 到 喜 欢 的 女 孩 子 要 主 动 也 会 有 甜 的 时 候 呀	碰   到   喜   欢   的   女   孩   子   要   主   动   也   会   有   甜   的   时   候   呀	0	0	0
/opt/gpfs/users/shuai/work/block-conversion-b2/OmniVoice/results_b2_final_gs3p0/seedtts_zh/00005165-00000003.wav	0.038461538461538464	史 密 斯 近 期 已 从 人 力 资 源 主 管 转 任 包 容 和 多 样 性 事 务 副 总 裁	啊   史   密   斯   近   期   已   从   人   力   资   源   主   管   转   任   包   容   和   多   样   性   事   务   副   总   裁	1	0	0
/opt/gpfs/users/shuai/work/block-conversion-b2/OmniVoice/results_b2_final_gs3p0/seedtts_zh/00005165-00000069.wav	0.14285714285714285	汉 蒙 文 化 在 一 小 块 金 属 片 上 合 壁 倒 是 蛮 有 意 思 的	哦   汉   蒙   文   化   在   一   小   块   金   属   片   上   合   璧   倒   是   蛮   有   意   思   的   哦	2	0	1
/opt/gpfs/users/shuai/work/block-conversion-b2/OmniVoice/results_b2_final_gs3p0/seedtts_zh/00005166-00000067.wav	0.0	因 此 他 想 方 设 法 说 出 句 把 俏 皮 话 来 自 我 安 慰 一 下	因   此   他   想   方   设   法   说   出   句   把   俏   皮   话   来   自   我   安   慰   一   下	0	0	0
/opt/gpfs/users/shuai/work/block-conversion-b2/OmniVoice/results_b2_final_gs3p0/seedtts_zh/00005166-00000062.wav	0.0	他 是 个 很 有 创 造 性 的 画 家 他 的 画 很 畅 销	他   是   个   很   有   创   造   性   的   画   家   他   的   画   很   畅   销	0	0	0
/opt/gpfs/users/shuai/work/block-conversion-b2/OmniVoice/results_b2_final_gs3p0/seedtts_zh/00005168-00000021.wav	0.08695652173913043	里 三 层 外 三 层 的 人 都 嚷 着 买 瓜 不 大 工 夫 这 瓜 就 卖 完 了	呃   里   三   层   外   三   层   的   人   都   嚷   着   买   瓜   不   大   功   夫   这   瓜   就   卖   完   了	1	0	1
/opt/gpfs/users/shuai/work/block-conversion-b2/OmniVoice/results_b2_final_gs3p0/seedtts_zh/00005168-00000029.wav	0.043478260869565216	为 买 房 扎 堆 离 婚 引 委 员 热 议 去 半 天 库 存 房 价 为 何 又 涨	为   买   房   扎   堆   离   婚   营   委   员   热   议   去   半   天   库   存   房   价   为   何   又   涨	0	0	1
/opt/gpfs/users/shuai/work/block-conversion-b2/OmniVoice/results_b2_final_gs3p0/seedtts_zh/00005169-00000014.wav	0.0	因 此 央 行 操 作 大 概 率 不 是 影 响 六 月 外 汇 占 款 变 动 的 主 要 原 因	因   此   央   行   操   作   大   概   率   不   是   影   响   六   月   外   汇   占   款   变   动   的   主   要   原   因	0	0	0
/opt/gpfs/users/shuai/work/block-conversion-b2/OmniVoice/results_b2_final_gs3p0/seedtts_zh/00005169-00000003.wav	0.047619047619047616	苍 天 和 天 龙 两 个 人 并 没 有 因 为 下 面 的 惨 况 而 停 手	啊   苍   天   和   天   龙   两   个   人   并   没   有   因   为   下   面   的   惨   况   而   停   手	1	0	0
/opt/gpfs/users/shuai/work/block-conversion-b2/OmniVoice/results_b2_final_gs3p0/seedtts_zh/00005170-00000077.wav	0.1	对 呀 像 洋 葱 煮 牛 肉 汤 最 好 喝 了 洋 葱 太 太 搭 腔 说	对   呀   对   呀   像   洋   葱   煮   牛   肉   汤   最   好   喝   了   洋   葱   太   太   搭   腔   说	2	0	0
/opt/gpfs/users/shuai/work/block-conversion-b2/OmniVoice/results_b2_final_gs3p0/seedtts_zh/00005170-00000025.wav	0.045454545454545456	在 研 究 表 明 低 收 入 人 群 超 重 的 比 例 比 高 收 入 人 群 多	啊   在   研   究   表   明   低   收   入   人   群   超   重   的   比   例   比   高   收   入   人   群   多	1	0	0
/opt/gpfs/users/shuai/work/block-conversion-b2/OmniVoice/results_b2_final_gs3p0/seedtts_zh/00005171-00000024.wav	0.047619047619047616	和 他 的 团 队 一 开 始 尝 试 用 塑 料 圆 环 来 代 替 金 属 环	啊   和   他   的   团   队   一   开   始   尝   试   用   塑   料   圆   环   来   代   替   金   属   环	1	0	0
/opt/gpfs/users/shuai/work/block-conversion-b2/OmniVoice/results_b2_final_gs3p0/seedtts_zh/00005171-00000023.wav	0.0	也 只 有 到 村 也 只 有 到 过 村 口 的 小 动 物 才 知 道 村 口 有 一 家 大 熊 拉 面 馆	也   只   有   到   村   也   只   有   到   过   村   口   的   小   动   物   才   知   道   村   口   有   一   家   大   熊   拉   面   馆	0	0	0
/opt/gpfs/users/shuai/work/block-conversion-b2/OmniVoice/results_b2_final_gs3p0/seedtts_zh/00005173-00000078.wav	0.0	这 时 候 儿 媳 就 明 白 该 给 婆 婆 换 衣 服 了	这   时   候   儿   媳   就   明   白   该   给   婆   婆   换   衣   服   了	0	0	0
/opt/gpfs/users/shuai/work/block-conversion-b2/OmniVoice/results_b2_final_gs3p0/seedtts_zh/00005173-00000041.wav	0.0	副 主 任 及 以 上 号 别 就 诊 人 次 为 二 百 零 八 点 二 万	副   主   任   及   以   上   号   别   就   诊   人   次   为   二   百   零   八   点   二   万	0	0	0
/opt/gpfs/users/shuai/work/block-conversion-b2/OmniVoice/results_b2_final_gs3p0/seedtts_zh/00005174-00000003.wav	0.0	如 果 您 不 愿 意 开 刀 的 话 那 就 只 能 使 用 缓 慢 排 水 法	如   果   您   不   愿   意   开   刀   的   话   那   就   只   能   使   用   缓   慢   排   水   法	0	0	0
/opt/gpfs/users/shuai/work/block-conversion-b2/OmniVoice/results_b2_final_gs3p0/seedtts_zh/00005174-00000064.wav	0.05263157894736842	对 话 从 差 点 要 阵 亡 的 笨 鹅 和 不 行 的 笨 咪 开 始	啊   对   话   从   差   点   要   阵   亡   的   笨   鹅   和   不   行   的   笨   咪   开   始	1	0	0
/opt/gpfs/users/shuai/work/block-conversion-b2/OmniVoice/results_b2_final_gs3p0/seedtts_zh/00005177-00000009.wav	0.05	不 过 当 时 笔 者 以 为 也 许 这 只 是 饭 店 的 管 理 模 式	啊   不   过   当   时   笔   者   以   为   也   许   这   只   是   饭   店   的   管   理   模   式	1	0	0
/opt/gpfs/users/shuai/work/block-conversion-b2/OmniVoice/results_b2_final_gs3p0/seedtts_zh/00005177-00000038.wav	0.0	关 键 是 气 质 女 神 啊 一 开 始 先 买 一 部 新 车	关   键   是   气   质   女   神   啊   一   开   始   先   买   一   部   新   车	0	0	0
/opt/gpfs/users/shuai/work/block-conversion-b2/OmniVoice/results_b2_final_gs3p0/seedtts_zh/00005178-00000057.wav	0.0	他 总 是 领 着 他 妈 妈 到 教 堂 来 其 他 的 妈 妈 都 引 以 为 豪	他   总   是   领   着   他   妈   妈   到   教   堂   来   其   他   的   妈   妈   都   引   以   为   豪	0	0	0
/opt/gpfs/users/shuai/work/block-conversion-b2/OmniVoice/results_b2_final_gs3p0/seedtts_zh/00005178-00000085.wav	0.045454545454545456	保 龄 球 比 赛 一 局 有 十 轮 每 位 选 手 在 每 轮 可 以 掷 两 球	保   龄   球   比   赛   一   举   有   十   轮   每   位   选   手   在   每   轮   可   以   掷   两   球	0	0	1
/opt/gpfs/users/shuai/work/block-conversion-b2/OmniVoice/results_b2_final_gs3p0/seedtts_zh/00005179-00000023.wav	0.0	尾 号 幺 七 四 五 的 乘 客 刚 夸 了 你 感 谢 司 机 师 傅 风 雨 无 阻	尾   号   幺   七   四   五   的   乘   客   刚   夸   了   你   感   谢   司   机   师   傅   风   雨   无   阻	0	0	0
/opt/gpfs/users/shuai/work/block-conversion-b2/OmniVoice/results_b2_final_gs3p0/seedtts_zh/00005179-00000019.wav	0.17391304347826086	不 仅 仅 是 厄 齐 尔 一 人 对 尼 尔 森 的 一 线 队 首 秀 印 象 深 刻	不   仅   是   鄂   齐   尔   一   人   对   尼   尔   森   的   一   线   对   手   秀   印   象   深   刻	0	1	3
/opt/gpfs/users/shuai/work/block-conversion-b2/OmniVoice/results_b2_final_gs3p0/seedtts_zh/00005181-00000096.wav	0.0	他 曾 经 以 为 要 在 克 劳 德 身 上 获 取 杰 诺 瓦 细 胞	他   曾   经   以   为   要   在   克   劳   德   身   上   获   取   杰   诺   瓦   细   胞	0	0	0
/opt/gpfs/users/shuai/work/block-conversion-b2/OmniVoice/results_b2_final_gs3p0/seedtts_zh/00005181-00000072.wav	0.0	杂 志 停 刊 后 没 几 天 他 又 在 香 港 被 人 用 木 棍 突 袭 案 子 一 直 没 破	杂   志   停   刊   后   没   几   天   他   又   在   香   港   被   人   用   木   棍   突   袭   案   子   一   直   没   破	0	0	0
/opt/gpfs/users/shuai/work/block-conversion-b2/OmniVoice/results_b2_final_gs3p0/seedtts_zh/00005182-00000106.wav	0.0	为 每 个 会 员 提 供 一 男 一 女 两 名 爱 情 咨 询 师	为   每   个   会   员   提   供   一   男   一   女   两   名   爱   情   咨   询   师	0	0	0
/opt/gpfs/users/shuai/work/block-conversion-b2/OmniVoice/results_b2_final_gs3p0/seedtts_zh/00005182-00000105.wav	0.0	大 卫 路 易 斯 外 围 直 接 轰 门 偏 出 右 侧 立 柱	大   卫   路   易   斯   外   围   直   接   轰   门   偏   出   右   侧   立   柱	0	0	0
/opt/gpfs/users/shuai/work/block-conversion-b2/OmniVoice/results_b2_final_gs3p0/seedtts_zh/00005183-00000051.wav	0.25	这 是 宋 代 建 窑 产 黑 釉 油 滴 盏	啊   这   是   宋   代   建   窑   产   黑   柚   油   低   盏	1	0	2
/opt/gpfs/users/shuai/work/block-conversion-b2/OmniVoice/results_b2_final_gs3p0/seedtts_zh/00005183-00000035.wav	0.0	捆 在 一 起 就 要 把 激 励 和 约 束 机 制 联 系 起 来 健 全 起 来	捆   在   一   起   就   要   把   激   励   和   约   束   机   制   联   系   起   来   健   全   起   来	0	0	0
/opt/gpfs/users/shuai/work/block-conversion-b2/OmniVoice/results_b2_final_gs3p0/seedtts_zh/00005185-00000019.wav	0.0	我 妻 子 发 现 我 和 秘 书 有 婚 外 情 现 在 她 要 和 我 离 婚	我   妻   子   发   现   我   和   秘   书   有   婚   外   情   现   在   她   要   和   我   离   婚	0	0	0
/opt/gpfs/users/shuai/work/block-conversion-b2/OmniVoice/results_b2_final_gs3p0/seedtts_zh/00005185-00000026.wav	0.0	如 果 有 恐 慌 心 脏 乱 跳 的 感 受 时 则 把 左 手 的 掌 心 放 在 心 轮 的 地 方	如   果   有   恐   慌   心   脏   乱   跳   的   感   受   时   则   把   左   手   的   掌   心   放   在   心   轮   的   地   方	0	0	0
/opt/gpfs/users/shuai/work/block-conversion-b2/OmniVoice/results_b2_final_gs3p0/seedtts_zh/00005186-00000044.wav	0.05	他 们 的 脑 海 中 都 闪 烁 着 那 一 人 一 猴 的 强 势 身 影	啊   他   们   的   脑   海   中   都   闪   烁   着   那   一   人   一   猴   的   强   势   身   影	1	0	0
/opt/gpfs/users/shuai/work/block-conversion-b2/OmniVoice/results_b2_final_gs3p0/seedtts_zh/00005186-00000058.wav	0.0	必 须 借 助 医 学 手 段 干 预 才 能 减 重 及 阻 断 其 他 疾 病 的 发 生	必   须   借   助   医   学   手   段   干   预   才   能   减   重   及   阻   断   其   他   疾   病   的   发   生	0	0	0
/opt/gpfs/users/shuai/work/block-conversion-b2/OmniVoice/results_b2_final_gs3p0/seedtts_zh/00005188-00000034.wav	0.0	在 中 国 中 秋 节 这 天 在 一 起 吃 饭 团 圆 饭 是 很 重 要 的	在   中   国   中   秋   节   这   天   在   一   起   吃   饭   团   圆   饭   是   很   重   要   的	0	0	0
/opt/gpfs/users/shuai/work/block-conversion-b2/OmniVoice/results_b2_final_gs3p0/seedtts_zh/00005188-00000096.wav	0.12	其 中 一 次 阿 鹃 还 发 短 信 叫 阿 远 去 确 认 一 下 此 人 是 不 是 阿 晨	呃   其   中   一   次   阿   娟   还   发   短   信   叫   阿   远   去   确   认   一   下   此   人   是   不   是   阿   成	1	0	2
/opt/gpfs/users/shuai/work/block-conversion-b2/OmniVoice/results_b2_final_gs3p0/seedtts_zh/00005190-00000031.wav	0.04	问 是 否 愿 意 由 他 们 来 考 考 他 们 检 验 一 下 到 底 是 谁 最 出 色 的	啊   问   是   否   愿   意   由   他   们   来   考   考   他   们   检   验   一   下   到   底   是   谁   最   出   色   的	1	0	0
/opt/gpfs/users/shuai/work/block-conversion-b2/OmniVoice/results_b2_final_gs3p0/seedtts_zh/00005190-00000099.wav	0.1	从 此 以 后 小 白 兔 只 能 戴 着 眼 镜 按 照 要 求 看 书 了	啊   从   此   以   后   小   白   兔   只   能   戴   着   眼   镜   按   照   要   求   看   书   了   嗯	2	0	0
/opt/gpfs/users/shuai/work/block-conversion-b2/OmniVoice/results_b2_final_gs3p0/seedtts_zh/00005193-00000032.wav	0.0	这 场 想 象 的 打 斗 以 对 方 失 败 而 告 终 汤 姆 感 到 心 满 意 足	这   场   想   象   的   打   斗   以   对   方   失   败   而   告   终   汤   姆   感   到   心   满   意   足	0	0	0
/opt/gpfs/users/shuai/work/block-conversion-b2/OmniVoice/results_b2_final_gs3p0/seedtts_zh/00005193-00000065.wav	0.047619047619047616	曾 经 在 辐 射 位 面 的 地 球 外 发 射 了 数 十 颗 间 谍 卫 星	啊   曾   经   在   辐   射   位   面   的   地   球   外   发   射   了   数   十   颗   间   谍   卫   星	1	0	0
/opt/gpfs/users/shuai/work/block-conversion-b2/OmniVoice/results_b2_final_gs3p0/seedtts_zh/00005194-00000024.wav	0.038461538461538464	只 是 有 一 个 专 门 的 翻 译 将 李 易 儒 的 话 语 同 步 翻 译 成 英 语 罢 了	只   是   有   一   个   专   门   的   翻   译   将   李   亦   儒   的   话   语   同   步   翻   译   成   英   语   罢   了	0	0	1
/opt/gpfs/users/shuai/work/block-conversion-b2/OmniVoice/results_b2_final_gs3p0/seedtts_zh/00005194-00000046.wav	0.0	台 币 五 元 的 车 资 山 东 人 用 英 语 喊 五 块 美 军 就 拿 出 五 元 美 金	台   币   五   元   的   车   资   山   东   人   用   英   语   喊   五   块   美   军   就   拿   出   五   元   美   金	0	0	0
/opt/gpfs/users/shuai/work/block-conversion-b2/OmniVoice/results_b2_final_gs3p0/seedtts_zh/00005195-00000039.wav	0.0	美 国 人 布 莱 德 利 与 俄 罗 斯 人 图 克 迪 耶 夫 驾 驶 双 鹰 号 气 球 横 越 太 平 洋	美   国   人   布   莱   德   利   与   俄   罗   斯   人   图   克   迪   耶   夫   驾   驶   双   鹰   号   气   球   横   越   太   平   洋	0	0	0
/opt/gpfs/users/shuai/work/block-conversion-b2/OmniVoice/results_b2_final_gs3p0/seedtts_zh/00005195-00000085.wav	0.038461538461538464	据 悉 为 了 扭 转 颓 势 目 前 克 里 斯 娜 斯 蒂 娜 正 积 极 洽 谈 主 持 工 作	据   悉   为   了   扭   转   颓   势   目   前   克   里   斯   纳   斯   蒂   娜   正   积   极   洽   谈   主   持   工   作	0	0	1
/opt/gpfs/users/shuai/work/block-conversion-b2/OmniVoice/results_b2_final_gs3p0/seedtts_zh/00005196-00000109.wav	0.0	虽 然 短 期 内 节 约 了 资 金 但 却 将 市 场 份 额 拱 手 让 与 竞 争 对 手	虽   然   短   期   内   节   约   了   资   金   但   却   将   市   场   份   额   拱   手   让   与   竞   争   对   手	0	0	0
/opt/gpfs/users/shuai/work/block-conversion-b2/OmniVoice/results_b2_final_gs3p0/seedtts_zh/00005196-00000098.wav	0.05	这 部 电 影 在 电 视 台 首 轮 播 映 后 就 极 少 重 回 荧 屏	啊   这   部   电   影   在   电   视   台   首   轮   播   映   后   就   极   少   重   回   荧   屏	1	0	0
/opt/gpfs/users/shuai/work/block-conversion-b2/OmniVoice/results_b2_final_gs3p0/seedtts_zh/00005197-00000111.wav	0.0	这 薄 壳 被 外 面 的 水 泡 软 被 雪 和 泥 土 温 暖 被 阳 光 射 透	这   薄   壳   被   外   面   的   水   泡   软   被   雪   和   泥   土   温   暖   被   阳   光   射   透	0	0	0
/opt/gpfs/users/shuai/work/block-conversion-b2/OmniVoice/results_b2_final_gs3p0/seedtts_zh/00005197-00000046.wav	0.043478260869565216	每 天 它 都 要 做 灭 火 演 练 演 练 完 了 就 趴 在 窗 口 盯 着 街 道	每   天   他   都   要   做   灭   火   演   练   演   练   完   了   就   趴   在   窗   口   盯   着   街   道	0	0	1
/opt/gpfs/users/shuai/work/block-conversion-b2/OmniVoice/results_b2_final_gs3p0/seedtts_zh/00005199-00000073.wav	0.05	一 名 女 子 突 然 翻 过 中 山 桥 栏 跳 入 湍 急 的 河 水 中	呃   一   名   女   子   突   然   翻   过   中   山   桥   栏   跳   入   湍   急   的   河   水   中	1	0	0
/opt/gpfs/users/shuai/work/block-conversion-b2/OmniVoice/results_b2_final_gs3p0/seedtts_zh/00005199-00000043.wav	0.05555555555555555	多 少 年 过 去 了 椰 子 的 父 亲 突 然 无 疾 而 终 了	嗯   多   少   年   过   去   了   椰   子   的   父   亲   突   然   无   疾   而   终   了	1	0	0
/opt/gpfs/users/shuai/work/block-conversion-b2/OmniVoice/results_b2_final_gs3p0/seedtts_zh/00005200-00000020.wav	0.04	但 很 快 郎 风 华 还 是 被 从 不 同 方 向 腾 空 扑 来 的 藏 獒 扑 倒 在 地	但   很   快   狼   风   华   还   是   被   从   不   同   方   向   腾   空   扑   来   的   藏   獒   扑   倒   在   地	0	0	1
/opt/gpfs/users/shuai/work/block-conversion-b2/OmniVoice/results_b2_final_gs3p0/seedtts_zh/00005200-00000107.wav	0.0	只 见 女 子 靠 在 扶 梯 旁 裤 子 半 脱 背 对 着 男 子 而 男 子 则 紧 贴 女 子	只   见   女   子   靠   在   扶   梯   旁   裤   子   半   脱   背   对   着   男   子   而   男   子   则   紧   贴   女   子	0	0	0
/opt/gpfs/users/shuai/work/block-conversion-b2/OmniVoice/results_b2_final_gs3p0/seedtts_zh/00005201-00000082.wav	0.047619047619047616	恐 怕 会 不 计 一 切 代 价 将 张 恒 送 上 解 剖 台 研 究 一 番	恐   怕   会   不   计   一   切   代   价   将   张   衡   送   上   解   剖   台   研   究   一   番	0	0	1
/opt/gpfs/users/shuai/work/block-conversion-b2/OmniVoice/results_b2_final_gs3p0/seedtts_zh/00005201-00000013.wav	0.0	想 要 逮 捕 与 联 合 国 维 和 部 队 造 成 冲 突 的 组 织 成 员	想   要   逮   捕   与   联   合   国   维   和   部   队   造   成   冲   突   的   组   织   成   员	0	0	0
/opt/gpfs/users/shuai/work/block-conversion-b2/OmniVoice/results_b2_final_gs3p0/seedtts_zh/00005202-00000095.wav	0.05555555555555555	基 本 上 隔 一 天 小 如 便 会 因 为 不 听 话 而 挨 揍	呃   基   本   上   隔   一   天   小   如   便   会   因   为   不   听   话   而   挨   揍	1	0	0
/opt/gpfs/users/shuai/work/block-conversion-b2/OmniVoice/results_b2_final_gs3p0/seedtts_zh/00005202-00000090.wav	0.0	强 化 组 织 领 导 把 软 环 境 建 设 放 在 突 出 位 置	强   化   组   织   领   导   把   软   环   境   建   设   放   在   突   出   位   置	0	0	0
/opt/gpfs/users/shuai/work/block-conversion-b2/OmniVoice/results_b2_final_gs3p0/seedtts_zh/00005203-00000036.wav	0.0	当 乌 云 停 留 在 游 戏 场 地 上 空 时 那 遮 天 蔽 日 的 景 象 极 为 壮 观	当   乌   云   停   留   在   游   戏   场   地   上   空   时   那   遮   天   蔽   日   的   景   象   极   为   壮   观	0	0	0
/opt/gpfs/users/shuai/work/block-conversion-b2/OmniVoice/results_b2_final_gs3p0/seedtts_zh/00005203-00000096.wav	0.0	匠 心 独 具 的 工 艺 与 原 创 的 前 卫 设 计 精 彩 结 合 演 绎	匠   心   独   具   的   工   艺   与   原   创   的   前   卫   设   计   精   彩   结   合   演   绎	0	0	0
/opt/gpfs/users/shuai/work/block-conversion-b2/OmniVoice/results_b2_final_gs3p0/seedtts_zh/00005206-00000106.wav	0.0	他 们 之 间 经 常 闹 别 扭 因 为 每 个 人 都 想 高 人 一 筹	他   们   之   间   经   常   闹   别   扭   因   为   每   个   人   都   想   高   人   一   筹	0	0	0
/opt/gpfs/users/shuai/work/block-conversion-b2/OmniVoice/results_b2_final_gs3p0/seedtts_zh/00005206-00000010.wav	0.0	趁 妙 妙 不 注 意 欢 欢 冲 进 房 间 撕 坏 妙 妙 的 衣 服 咬 坏 家 具	趁   妙   妙   不   注   意   欢   欢   冲   进   房   间   撕   坏   妙   妙   的   衣   服   咬   坏   家   具	0	0	0
/opt/gpfs/users/shuai/work/block-conversion-b2/OmniVoice/results_b2_final_gs3p0/seedtts_zh/00005207-00000008.wav	0.0	这 位 仪 表 堂 堂 的 老 先 生 看 上 去 好 像 有 点 被 惹 火 了	这   位   仪   表   堂   堂   的   老   先   生   看   上   去   好   像   有   点   被   惹   火   了	0	0	0
/opt/gpfs/users/shuai/work/block-conversion-b2/OmniVoice/results_b2_final_gs3p0/seedtts_zh/00005207-00000076.wav	0.0	谋 求 阿 里 巴 巴 话 语 权 某 种 意 义 上 也 是 谋 求 全 球 话 语 权	谋   求   阿   里   巴   巴   话   语   权   某   种   意   义   上   也   是   谋   求   全   球   话   语   权	0	0	0
/opt/gpfs/users/shuai/work/block-conversion-b2/OmniVoice/results_b2_final_gs3p0/seedtts_zh/00005208-00000090.wav	0.05263157894736842	不 久 汤 姆 遇 到 了 村 子 里 坏 孩 子 哈 克 贝 利 费 恩	啊   不   久   汤   姆   遇   到   了   村   子   里   坏   孩   子   哈   克   贝   利   费   恩	1	0	0
/opt/gpfs/users/shuai/work/block-conversion-b2/OmniVoice/results_b2_final_gs3p0/seedtts_zh/00005208-00000099.wav	0.043478260869565216	一 零 一 七 年 极 力 向 日 本 人 宣 扬 无 性 欲 要 求 的 净 土 世 界	一   零   一   七   年   极   力   向   日   本   人   宣   扬   无   性   誉   要   求   的   净   土   世   界	0	0	1
/opt/gpfs/users/shuai/work/block-conversion-b2/OmniVoice/results_b2_final_gs3p0/seedtts_zh/00005209-00000061.wav	0.04	这 样 的 表 现 也 让 丁 丁 的 主 治 医 生 闻 庆 汉 教 授 对 他 刮 目 相 看	这   样   的   表   现   也   让   丁   丁   的   主   治   医   生   文   庆   汉   教   授   对   他   刮   目   相   看	0	0	1
/opt/gpfs/users/shuai/work/block-conversion-b2/OmniVoice/results_b2_final_gs3p0/seedtts_zh/00005209-00000010.wav	0.03333333333333333	这 六 大 境 外 投 资 项 目 包 括 有 万 达 以 十 亿 美 元 收 购 北 美 国 北 欧 院 线 项 目	这   六   大   境   外   投   资   项   目   包   括   有   万   达   以   十   亿   美   元   收   购   美   国   北   欧   院   线   项   目	0	1	0
/opt/gpfs/users/shuai/work/block-conversion-b2/OmniVoice/results_b2_final_gs3p0/seedtts_zh/00005210-00000018.wav	0.05	就 喜 欢 这 种 有 勇 有 谋 还 有 颜 值 的 女 主 角 女 主 角	啊   就   喜   欢   这   种   有   勇   有   谋   还   有   颜   值   的   女   主   角   女   主   角	1	0	0
/opt/gpfs/users/shuai/work/block-conversion-b2/OmniVoice/results_b2_final_gs3p0/seedtts_zh/00005210-00000011.wav	0.058823529411764705	巴 尔 韦 德 也 对 今 天 的 比 赛 气 氛 印 象 深 刻	巴   尔   维   德   也   对   今   天   的   比   赛   气   氛   印   象   深   刻	0	0	1
/opt/gpfs/users/shuai/work/block-conversion-b2/OmniVoice/results_b2_final_gs3p0/seedtts_zh/00005211-00000021.wav	0.18181818181818182	刚 刚 跑 到 林 间 小 路 上 又 绕 了 一 个 弯 向 荒 山 野 岭 奔 去	呃   刚   刚   跑   到   林   间   小   路   上   又   绕   了   一   个   弯   像   荒   山   野   岭	1	2	1
/opt/gpfs/users/shuai/work/block-conversion-b2/OmniVoice/results_b2_final_gs3p0/seedtts_zh/00005211-00000031.wav	0.043478260869565216	狮 子 还 惦 记 着 那 篇 童 话 希 望 让 作 家 您 改 成 一 部 童 话 剧	啊   狮   子   还   惦   记   着   那   篇   童   话   希   望   让   作   家   您   改   成   一   部   童   话   剧	1	0	0
/opt/gpfs/users/shuai/work/block-conversion-b2/OmniVoice/results_b2_final_gs3p0/seedtts_zh/00005212-00000016.wav	0.0	在 金 额 合 计 上 竟 然 超 过 了 苏 联 与 东 欧 国 家 的 总 和	在   金   额   合   计   上   竟   然   超   过   了   苏   联   与   东   欧   国   家   的   总   和	0	0	0
/opt/gpfs/users/shuai/work/block-conversion-b2/OmniVoice/results_b2_final_gs3p0/seedtts_zh/00005212-00000033.wav	0.045454545454545456	而 鹦 鹉 又 拒 绝 说 出 自 己 的 年 龄 她 们 就 再 没 话 可 说 了	而   鹦   鹉   又   拒   绝   说   出   自   己   的   年   龄   他   们   就   再   没   话   可   说   了	0	0	1
/opt/gpfs/users/shuai/work/block-conversion-b2/OmniVoice/results_b2_final_gs3p0/seedtts_zh/00005213-00000082.wav	0.0	此 次 业 绩 下 滑 原 因 可 归 结 为 企 业 停 止 服 务 某 些 品 牌 而 带 来 的 负 面 影 响	此   次   业   绩   下   滑   原   因   可   归   结   为   企   业   停   止   服   务   某   些   品   牌   而   带   来   的   负   面   影   响	0	0	0
/opt/gpfs/users/shuai/work/block-conversion-b2/OmniVoice/results_b2_final_gs3p0/seedtts_zh/00005213-00000100.wav	0.0	而 这 种 小 棚 子 比 家 乡 院 子 里 堆 放 杂 物 的 小 屋 子 还 要 糟 糕 得 多	而   这   种   小   棚   子   比   家   乡   院   子   里   堆   放   杂   物   的   小   屋   子   还   要   糟   糕   得   多	0	0	0
/opt/gpfs/users/shuai/work/block-conversion-b2/OmniVoice/results_b2_final_gs3p0/seedtts_zh/00005214-00000018.wav	0.0	这 租 金 呀 铃 铛 想 了 想 那 就 买 我 一 枚 发 卡 吧	这   租   金   呀   铃   铛   想   了   想   那   就   买   我   一   枚   发   卡   吧	0	0	0
/opt/gpfs/users/shuai/work/block-conversion-b2/OmniVoice/results_b2_final_gs3p0/seedtts_zh/00005214-00000021.wav	0.0	晨 晨 二 十 八 日 来 到 海 洋 公 园 与 海 豚 亲 密 接 触	晨   晨   二   十   八   日   来   到   海   洋   公   园   与   海   豚   亲   密   接   触	0	0	0
/opt/gpfs/users/shuai/work/block-conversion-b2/OmniVoice/results_b2_final_gs3p0/seedtts_zh/00005216-00000055.wav	0.14285714285714285	关 于 安 葬 的 事 奥 萨 找 谈 的 第 一 个 人 是 矿 上 的 护 士	呃   关   于   安   葬   的   事   奥   萨   澡   坛   的   第   一   个   人   是   矿   上   的   护   士	1	0	2
/opt/gpfs/users/shuai/work/block-conversion-b2/OmniVoice/results_b2_final_gs3p0/seedtts_zh/00005216-00000111.wav	0.06666666666666667	请 给 我 一 个 月 亮 花 的 甜 筒 多 一 点 花	啊   请   给   我   一   个   月   亮   花   的   甜   筒   多   一   点   花	1	0	0
/opt/gpfs/users/shuai/work/block-conversion-b2/OmniVoice/results_b2_final_gs3p0/seedtts_zh/00005217-00000041.wav	0.0	他 说 自 个 成 了 无 亲 无 友 被 人 抛 弃 的 孩 子 没 谁 爱 他	他   说   自   个   成   了   无   亲   无   友   被   人   抛   弃   的   孩   子   没   谁   爱   他	0	0	0
/opt/gpfs/users/shuai/work/block-conversion-b2/OmniVoice/results_b2_final_gs3p0/seedtts_zh/00005217-00000049.wav	0.047619047619047616	我 真 恨 不 得 马 上 就 混 出 个 人 样 来 为 爸 爸 光 宗 耀 祖	啊   我   真   恨   不   得   马   上   就   混   出   个   人   样   来   为   爸   爸   光   宗   耀   祖	1	0	0
/opt/gpfs/users/shuai/work/block-conversion-b2/OmniVoice/results_b2_final_gs3p0/seedtts_zh/00005218-00000082.wav	0.09523809523809523	我 真 不 敢 相 信 与 客 户 共 进 午 餐 时 竟 然 忘 了 带 钱 包	啊   我   真   不   敢   相   信   与   客   户   共   进   午   餐   时   竟   然   忘   了   带   钱	1	1	0
/opt/gpfs/users/shuai/work/block-conversion-b2/OmniVoice/results_b2_final_gs3p0/seedtts_zh/00005218-00000033.wav	0.05263157894736842	既 然 他 如 此 精 明 想 必 能 够 帮 我 弄 一 批 好 腊 肉	呃   既   然   他   如   此   精   明   想   必   能   够   帮   我   弄   一   批   好   腊   肉	1	0	0
/opt/gpfs/users/shuai/work/block-conversion-b2/OmniVoice/results_b2_final_gs3p0/seedtts_zh/00005219-00000120.wav	0.045454545454545456	为 什 么 这 么 多 的 人 能 在 网 上 各 取 所 需 不 产 生 混 乱 呢	啊   为   什   么   这   么   多   的   人   能   在   网   上   各   取   所   需   不   产   生   混   乱   呢	1	0	0
/opt/gpfs/users/shuai/work/block-conversion-b2/OmniVoice/results_b2_final_gs3p0/seedtts_zh/00005219-00000058.wav	0.043478260869565216	产 妇 分 晚 后 的 人 体 胎 盘 成 为 倒 卖 胎 盘 者 眼 中 的 香 饽 饽	产   妇   分   娩   后   的   人   体   胎   盘   成   为   倒   卖   胎   盘   者   眼   中   的   香   饽   饽	0	0	1
/opt/gpfs/users/shuai/work/block-conversion-b2/OmniVoice/results_b2_final_gs3p0/seedtts_zh/00005220-00000051.wav	0.0	头 戴 宽 边 帽 长 长 的 白 发 垂 下 鼻 子 上 架 一 副 绿 眼 镜	头   戴   宽   边   帽   长   长   的   白   发   垂   下   鼻   子   上   架   一   副   绿   眼   镜	0	0	0
/opt/gpfs/users/shuai/work/block-conversion-b2/OmniVoice/results_b2_final_gs3p0/seedtts_zh/00005220-00000006.wav	0.045454545454545456	警 方 作 出 行 政 拘 留 的 处 罚 也 是 有 法 可 依 无 可 厚 非 的	警   方   做   出   行   政   拘   留   的   处   罚   也   是   有   法   可   依   无   可   厚   非   的	0	0	1
/opt/gpfs/users/shuai/work/block-conversion-b2/OmniVoice/results_b2_final_gs3p0/seedtts_zh/00005221-00000113.wav	0.0	云 南 的 蝶 比 北 方 的 蚂 蚱 多 比 南 方 的 落 花 多	云   南   的   蝶   比   北   方   的   蚂   蚱   多   比   南   方   的   落   花   多	0	0	0
/opt/gpfs/users/shuai/work/block-conversion-b2/OmniVoice/results_b2_final_gs3p0/seedtts_zh/00005221-00000099.wav	0.0	待 到 新 的 演 讲 者 登 上 讲 台 听 众 们 又 围 聚 到 他 的 周 围	待   到   新   的   演   讲   者   登   上   讲   台   听   众   们   又   围   聚   到   他   的   周   围	0	0	0
/opt/gpfs/users/shuai/work/block-conversion-b2/OmniVoice/results_b2_final_gs3p0/seedtts_zh/00005222-00000033.wav	0.0	这 一 案 件 曝 光 于 潘 基 文 十 二 日 回 到 韩 国 之 前	这   一   案   件   曝   光   于   潘   基   文   十   二   日   回   到   韩   国   之   前	0	0	0
/opt/gpfs/users/shuai/work/block-conversion-b2/OmniVoice/results_b2_final_gs3p0/seedtts_zh/00005222-00000054.wav	0.058823529411764705	有 时 候 巫 婆 会 暗 中 捣 鬼 我 猜 问 题 出 在 这	哦   有   时   候   巫   婆   会   暗   中   捣   鬼   我   猜   问   题   出   在   这	1	0	0
/opt/gpfs/users/shuai/work/block-conversion-b2/OmniVoice/results_b2_final_gs3p0/seedtts_zh/00005224-00000112.wav	0.0	标 题 为 中 国 如 此 害 怕 印 度 的 五 大 理 由	标   题   为   中   国   如   此   害   怕   印   度   的   五   大   理   由	0	0	0
/opt/gpfs/users/shuai/work/block-conversion-b2/OmniVoice/results_b2_final_gs3p0/seedtts_zh/00005224-00000094.wav	0.0	为 了 让 图 解 具 备 传 达 力 必 须 注 意 版 面 大 小 文 字 整 体 色 系 搭 配	为   了   让   图   解   具   备   传   达   力   必   须   注   意   版   面   大   小   文   字   整   体   色   系   搭   配	0	0	0
/opt/gpfs/users/shuai/work/block-conversion-b2/OmniVoice/results_b2_final_gs3p0/seedtts_zh/00005225-00000074.wav	0.0	猴 群 长 幼 尊 卑 等 级 划 分 森 严 地 位 越 低 的 猴 子 离 电 热 板 越 远	猴   群   长   幼   尊   卑   等   级   划   分   森   严   地   位   越   低   的   猴   子   离   电   热   板   越   远	0	0	0
/opt/gpfs/users/shuai/work/block-conversion-b2/OmniVoice/results_b2_final_gs3p0/seedtts_zh/00005225-00000007.wav	0.058823529411764705	你 颜 值 一 百 五 十 分 也 没 法 喝 人 类 的 饮 料	啊   你   颜   值   一   百   五   十   分   也   没   法   喝   人   类   的   饮   料	1	0	0
/opt/gpfs/users/shuai/work/block-conversion-b2/OmniVoice/results_b2_final_gs3p0/seedtts_zh/00005226-00000091.wav	0.0	据 了 解 目 前 公 安 县 已 成 立 专 班 妥 善 处 理 此 事 件	据   了   解   目   前   公   安   县   已   成   立   专   班   妥   善   处   理   此   事   件	0	0	0
/opt/gpfs/users/shuai/work/block-conversion-b2/OmniVoice/results_b2_final_gs3p0/seedtts_zh/00005226-00000094.wav	0.045454545454545456	以 准 备 一 份 有 关 目 前 中 国 研 发 先 进 武 器 的 公 开 报 告	已   准   备   一   份   有   关   目   前   中   国   研   发   先   进   武   器   的   公   开   报   告	0	0	1
/opt/gpfs/users/shuai/work/block-conversion-b2/OmniVoice/results_b2_final_gs3p0/seedtts_zh/00005228-00000061.wav	0.043478260869565216	突 然 芭 蕉 林 里 传 来 一 声 特 别 粗 鲁 的 象 吼 令 人 毛 骨 悚 然	突   然   芭   蕉   林   里   传   来   一   声   特   别   粗   鲁   的   巷   吼   令   人   毛   骨   悚   然	0	0	1
/opt/gpfs/users/shuai/work/block-conversion-b2/OmniVoice/results_b2_final_gs3p0/seedtts_zh/00005228-00000041.wav	0.045454545454545456	它 具 有 突 破 视 觉 死 角 和 跨 越 遮 挡 物 的 信 息 获 取 能 力	啊   它   具   有   突   破   视   觉   死   角   和   跨   越   遮   挡   物   的   信   息   获   取   能   力	1	0	0
/opt/gpfs/users/shuai/work/block-conversion-b2/OmniVoice/results_b2_final_gs3p0/seedtts_zh/00005229-00000005.wav	0.041666666666666664	于 是 第 二 天 云 峰 竟 到 一 个 散 打 俱 乐 部 报 名 练 习 起 了 散 打	于   是   第   二   天   云   峰   进   到   一   个   散   打   俱   乐   部   报   名   练   习   起   了   散   打	0	0	1
/opt/gpfs/users/shuai/work/block-conversion-b2/OmniVoice/results_b2_final_gs3p0/seedtts_zh/00005229-00000105.wav	0.09523809523809523	我 终 生 的 使 命 就 是 爬 啊 爬 啊 爬 向 大 海 不 管 有 多 远	我   终   身   的   使   命   就   是   爬   啊   爬   爬   向   大   海   不   管   有   多   远	0	1	1
/opt/gpfs/users/shuai/work/block-conversion-b2/OmniVoice/results_b2_final_gs3p0/seedtts_zh/00005230-00000023.wav	0.05555555555555555	吼 叫 难 题 并 非 这 一 百 五 十 多 位 父 母 的 专 利	啊   吼   叫   难   题   并   非   这   一   百   五   十   多   位   父   母   的   专   利	1	0	0
/opt/gpfs/users/shuai/work/block-conversion-b2/OmniVoice/results_b2_final_gs3p0/seedtts_zh/00005230-00000042.wav	0.0	汤 姆 我 真 愿 意 信 你 的 话 这 样 可 以 一 肥 遮 百 丑	汤   姆   我   真   愿   意   信   你   的   话   这   样   可   以   一   肥   遮   百   丑	0	0	0
/opt/gpfs/users/shuai/work/block-conversion-b2/OmniVoice/results_b2_final_gs3p0/seedtts_zh/00005233-00000024.wav	0.05555555555555555	果 郡 王 与 温 太 医 两 人 都 说 要 爱 甄 嬛 一 辈 子	呃   果   郡   王   与   温   太   医   两   人   都   说   要   爱   甄   嬛   一   辈   子	1	0	0
/opt/gpfs/users/shuai/work/block-conversion-b2/OmniVoice/results_b2_final_gs3p0/seedtts_zh/00005233-00000013.wav	0.045454545454545456	尘 燃 案 造 成 八 仙 乐 园 停 业 连 大 唐 温 泉 也 被 无 端 波 及	呃   尘   燃   案   造   成   八   仙   乐   园   停   业   连   大   唐   温   泉   也   被   无   端   波   及	1	0	0
/opt/gpfs/users/shuai/work/block-conversion-b2/OmniVoice/results_b2_final_gs3p0/seedtts_zh/00005234-00000037.wav	0.03571428571428571	让 您 在 假 期 与 家 人 朋 友 开 车 出 游 有 个 美 好 并 且 有 礼 貌 的 驾 车 时 光	哦   让   您   在   假   期   与   家   人   朋   友   开   车   出   游   有   个   美   好   并   且   有   礼   貌   的   驾   车   时   光	1	0	0
/opt/gpfs/users/shuai/work/block-conversion-b2/OmniVoice/results_b2_final_gs3p0/seedtts_zh/00005234-00000008.wav	0.0625	就 在 这 时 一 群 鱼 儿 摆 着 尾 巴 游 过 来 了	啊   就   在   这   时   一   群   鱼   儿   摆   着   尾   巴   游   过   来   了	1	0	0
/opt/gpfs/users/shuai/work/block-conversion-b2/OmniVoice/results_b2_final_gs3p0/seedtts_zh/00005235-00000067.wav	0.0	把 工 作 项 目 写 下 来 去 请 教 主 管 是 否 正 确	把   工   作   项   目   写   下   来   去   请   教   主   管   是   否   正   确	0	0	0
/opt/gpfs/users/shuai/work/block-conversion-b2/OmniVoice/results_b2_final_gs3p0/seedtts_zh/00005235-00000051.wav	0.047619047619047616	有 些 地 方 是 一 片 流 沙 而 流 沙 又 堆 成 了 沙 埂 和 沙 丘	有   些   地   方   是   一   片   流   沙   而   流   沙   又   堆   成   了   沙   梗   和   沙   丘	0	0	1
/opt/gpfs/users/shuai/work/block-conversion-b2/OmniVoice/results_b2_final_gs3p0/seedtts_zh/00005237-00000116.wav	0.0	第 一 眼 看 标 题 我 以 为 是 什 么 感 人 的 爱 情 故 事	第   一   眼   看   标   题   我   以   为   是   什   么   感   人   的   爱   情   故   事	0	0	0
/opt/gpfs/users/shuai/work/block-conversion-b2/OmniVoice/results_b2_final_gs3p0/seedtts_zh/00005237-00000081.wav	0.0	品 尝 到 有 特 殊 口 味 的 酒 真 的 感 觉 能 让 我 发 疯	品   尝   到   有   特   殊   口   味   的   酒   真   的   感   觉   能   让   我   发   疯	0	0	0
/opt/gpfs/users/shuai/work/block-conversion-b2/OmniVoice/results_b2_final_gs3p0/seedtts_zh/00005238-00000076.wav	0.047619047619047616	他 喊 了 整 整 一 天 到 晚 上 便 睡 在 树 叶 铺 成 的 大 床 上	啊   他   喊   了   整   整   一   天   到   晚   上   便   睡   在   树   叶   铺   成   的   大   床   上	1	0	0
/opt/gpfs/users/shuai/work/block-conversion-b2/OmniVoice/results_b2_final_gs3p0/seedtts_zh/00005238-00000086.wav	0.09523809523809523	因 为 二 克 拉 左 右 的 主 钻 石 周 围 还 有 一 圈 粉 钻 簇 拥	呃   因   为   奥   克   拉   左   右   的   主   钻   石   周   围   还   有   一   圈   粉   钻   簇   拥	1	0	1
/opt/gpfs/users/shuai/work/block-conversion-b2/OmniVoice/results_b2_final_gs3p0/seedtts_zh/00005239-00000076.wav	0.08333333333333333	我 们 去 巴 黎 旅 行 去 看 展 览 会	我   去   巴   黎   旅   行   去   看   展   览   会	0	1	0
/opt/gpfs/users/shuai/work/block-conversion-b2/OmniVoice/results_b2_final_gs3p0/seedtts_zh/00005239-00000046.wav	0.06666666666666667	一 只 乌 鸦 为 什 么 会 像 一 张 写 字 台 呢	哦   一   只   乌   鸦   为   什   么   会   像   一   张   写   字   台   呢	1	0	0
/opt/gpfs/users/shuai/work/block-conversion-b2/OmniVoice/results_b2_final_gs3p0/seedtts_zh/00005241-00000105.wav	0.041666666666666664	随 后 在 老 帅 阮 元 硕 的 带 领 下 北 京 国 安 夺 取 当 年 中 超 冠 军	呃   随   后   在   老   帅   阮   元   硕   的   带   领   下   北   京   国   安   夺   取   当   年   中   超   冠   军	1	0	0
/opt/gpfs/users/shuai/work/block-conversion-b2/OmniVoice/results_b2_final_gs3p0/seedtts_zh/00005241-00000054.wav	0.0	要 是 孩 子 们 成 功 的 话 随 之 而 来 的 惩 罚 犹 如 风 卷 残 云 威 风 凛 凛	要   是   孩   子   们   成   功   的   话   随   之   而   来   的   惩   罚   犹   如   风   卷   残   云   威   风   凛   凛	0	0	0
/opt/gpfs/users/shuai/work/block-conversion-b2/OmniVoice/results_b2_final_gs3p0/seedtts_zh/00005242-00000048.wav	0.0	为 庆 祝 主 题 为 英 伦 披 肩 幻 想 曲 高 定 披 肩 世 界 巡 回 展	为   庆   祝   主   题   为   英   伦   披   肩   幻   想   曲   高   定   披   肩   世   界   巡   回   展	0	0	0
/opt/gpfs/users/shuai/work/block-conversion-b2/OmniVoice/results_b2_final_gs3p0/seedtts_zh/00005242-00000045.wav	0.0	我 想 你 应 该 再 反 省 一 下 你 的 花 钱 习 惯	我   想   你   应   该   再   反   省   一   下   你   的   花   钱   习   惯	0	0	0
/opt/gpfs/users/shuai/work/block-conversion-b2/OmniVoice/results_b2_final_gs3p0/seedtts_zh/00005243-00000054.wav	0.08	对 岸 安 排 连 战 小 学 母 校 学 童 上 演 爷 爷 你 回 来 啦 的 欢 迎 仪 式	呃   对   岸   安   排   连   战   小   学   母   校   学   同   上   演   爷   爷   你   回   来   啦   的   欢   迎   仪   式	1	0	1
/opt/gpfs/users/shuai/work/block-conversion-b2/OmniVoice/results_b2_final_gs3p0/seedtts_zh/00005243-00000043.wav	0.0	被 赐 予 由 火 云 封 印 幻 化 而 成 的 黄 金 手 臂 神 力 大 增	被   赐   予   由   火   云   封   印   幻   化   而   成   的   黄   金   手   臂   神   力   大   增	0	0	0
/opt/gpfs/users/shuai/work/block-conversion-b2/OmniVoice/results_b2_final_gs3p0/seedtts_zh/00005244-00000030.wav	0.06666666666666667	但 过 些 时 候 成 熟 的 庄 稼 又 被 轰 抢 了	但   过   些   时   候   成   熟   的   庄   稼   又   被   哄   抢   了	0	0	1
/opt/gpfs/users/shuai/work/block-conversion-b2/OmniVoice/results_b2_final_gs3p0/seedtts_zh/00005244-00000051.wav	0.0	别 以 为 你 嫁 给 的 是 顾 家 长 子 你 就 可 以 耀 武 扬 威	别   以   为   你   嫁   给   的   是   顾   家   长   子   你   就   可   以   耀   武   扬   威	0	0	0
/opt/gpfs/users/shuai/work/block-conversion-b2/OmniVoice/results_b2_final_gs3p0/seedtts_zh/00005245-00000105.wav	0.0	尾 号 幺 三 五 五 的 乘 客 刚 夸 了 你 明 明 可 以 靠 脸 吃 饭 偏 偏 要 靠 车 技	尾   号   幺   三   五   五   的   乘   客   刚   夸   了   你   明   明   可   以   靠   脸   吃   饭   偏   偏   要   靠   车   技	0	0	0
/opt/gpfs/users/shuai/work/block-conversion-b2/OmniVoice/results_b2_final_gs3p0/seedtts_zh/00005245-00000001.wav	0.0	不 会 的 爸 爸 多 厉 害 呀 他 是 游 泳 冠 军 至 多 饿 肚 子 罢 了	不   会   的   爸   爸   多   厉   害   呀   他   是   游   泳   冠   军   至   多   饿   肚   子   罢   了	0	0	0
/opt/gpfs/users/shuai/work/block-conversion-b2/OmniVoice/results_b2_final_gs3p0/seedtts_zh/00005246-00000043.wav	0.0	他 们 宁 愿 躺 在 家 里 睡 上 半 年 也 不 肯 麻 烦 一 点 到 南 方 去	他   们   宁   愿   躺   在   家   里   睡   上   半   年   也   不   肯   麻   烦   一   点   到   南   方   去	0	0	0
/opt/gpfs/users/shuai/work/block-conversion-b2/OmniVoice/results_b2_final_gs3p0/seedtts_zh/00005246-00000029.wav	0.0	不 过 毕 竟 多 一 份 技 术 储 备 就 等 于 多 一 份 底 蕴	不   过   毕   竟   多   一   份   技   术   储   备   就   等   于   多   一   份   底   蕴	0	0	0
/opt/gpfs/users/shuai/work/block-conversion-b2/OmniVoice/results_b2_final_gs3p0/seedtts_zh/00005249-00000118.wav	0.038461538461538464	酒 店 三 楼 与 顶 楼 还 有 可 供 休 憩 的 天 露 天 星 光 泳 池 与 空 中 花 园	啊   酒   店   三   楼   与   顶   楼   还   有   可   供   休   憩   的   天   露   天   星   光   泳   池   与   空   中   花   园	1	0	0
/opt/gpfs/users/shuai/work/block-conversion-b2/OmniVoice/results_b2_final_gs3p0/seedtts_zh/00005249-00000052.wav	0.0	尾 号 幺 七 四 五 的 乘 客 刚 夸 了 你 感 谢 司 机 师 傅 风 雨 无 阻	尾   号   幺   七   四   五   的   乘   客   刚   夸   了   你   感   谢   司   机   师   傅   风   雨   无   阻	0	0	0
/opt/gpfs/users/shuai/work/block-conversion-b2/OmniVoice/results_b2_final_gs3p0/seedtts_zh/00005253-00000009.wav	0.0	老 兵 把 斧 子 洗 了 洗 放 进 锅 里 加 满 水 把 锅 放 到 灶 上 煮	老   兵   把   斧   子   洗   了   洗   放   进   锅   里   加   满   水   把   锅   放   到   灶   上   煮	0	0	0
/opt/gpfs/users/shuai/work/block-conversion-b2/OmniVoice/results_b2_final_gs3p0/seedtts_zh/00005253-00000037.wav	0.041666666666666664	在 西 湾 湖 广 场 和 澳 门 渔 人 码 头 还 有 倒 数 晚 会 和 跨 年 烟 火	在   西   湾   湖   广   场   和   澳   门   渔   人   码   头   还   有   道   数   晚   会   和   跨   年   烟   火	0	0	1
/opt/gpfs/users/shuai/work/block-conversion-b2/OmniVoice/results_b2_final_gs3p0/seedtts_zh/00005254-00000039.wav	0.043478260869565216	二 十 日 白 天 到 晚 上 雨 水 有 所 减 弱 并 逐 渐 结 束 降 雨 过 程	哦   二   十   日   白   天   到   晚   上   雨   水   有   所   减   弱   并   逐   渐   结   束   降   雨   过   程	1	0	0
/opt/gpfs/users/shuai/work/block-conversion-b2/OmniVoice/results_b2_final_gs3p0/seedtts_zh/00005254-00000008.wav	0.0	借 用 王 某 单 位 出 具 的 工 资 收 入 证 明 的 名 义 购 房	借   用   王   某   单   位   出   具   的   工   资   收   入   证   明   的   名   义   购   房	0	0	0
/opt/gpfs/users/shuai/work/block-conversion-b2/OmniVoice/results_b2_final_gs3p0/seedtts_zh/00005255-00000069.wav	0.058823529411764705	他 与 药 厂 的 合 作 将 将 在 二 零 二 零 年 到 期	呃   他   与   药   厂   的   合   作   将   将   在   二   零   二   零   年   到   期	1	0	0
/opt/gpfs/users/shuai/work/block-conversion-b2/OmniVoice/results_b2_final_gs3p0/seedtts_zh/00005255-00000032.wav	0.0	从 而 引 起 发 病 毒 性 结 膜 炎 和 病 毒 性 角 膜 炎	从   而   引   起   发   病   毒   性   结   膜   炎   和   病   毒   性   角   膜   炎	0	0	0
/opt/gpfs/users/shuai/work/block-conversion-b2/OmniVoice/results_b2_final_gs3p0/seedtts_zh/00005256-00000061.wav	0.06666666666666667	一 岁 进 行 切 片 检 查 四 岁 髋 关 节 手 术	啊   一   岁   进   行   切   片   检   查   四   岁   髋   关   节   手   术	1	0	0
/opt/gpfs/users/shuai/work/block-conversion-b2/OmniVoice/results_b2_final_gs3p0/seedtts_zh/00005256-00000112.wav	0.058823529411764705	可 以 清 除 因 吃 肉 类 而 积 聚 在 下 身 的 脂 肪	可   以   清   除   因   吃   肉   类   而   积   聚   在   下   身   的   脂	0	1	0
/opt/gpfs/users/shuai/work/block-conversion-b2/OmniVoice/results_b2_final_gs3p0/seedtts_zh/00005257-00000077.wav	0.0	这 与 中 央 一 直 强 调 的 盘 活 存 量 财 政 资 金 的 意 图 也 是 相 一 致 的	这   与   中   央   一   直   强   调   的   盘   活   存   量   财   政   资   金   的   意   图   也   是   相   一   致   的	0	0	0
/opt/gpfs/users/shuai/work/block-conversion-b2/OmniVoice/results_b2_final_gs3p0/seedtts_zh/00005257-00000065.wav	0.03571428571428571	办 公 和 电 信 设 备 的 出 口 占 比 在 二 零 零 九 年 超 越 欧 盟 以 后 稳 居 第 一	办   公   和   电   信   设   设   备   的   出   口   占   比   在   二   零   零   九   年   超   越   欧   盟   以   后   稳   居   第   一	1	0	0
/opt/gpfs/users/shuai/work/block-conversion-b2/OmniVoice/results_b2_final_gs3p0/seedtts_zh/00005258-00000110.wav	0.04	这 时 下 楼 梯 的 踢 腿 动 作 会 如 同 向 前 甩 腿 的 动 作 一 样 的 效 果	呃   这   时   下   楼   梯   的   踢   腿   动   作   会   如   同   向   前   甩   腿   的   动   作   一   样   的   效   果	1	0	0
/opt/gpfs/users/shuai/work/block-conversion-b2/OmniVoice/results_b2_final_gs3p0/seedtts_zh/00005258-00000120.wav	0.13636363636363635	标 题 里 带 小 众 冷 门 的 催 荐 旅 游 线 路 等 同 于 第 二 热 门	啊   标   题   带   小   众   冷   门   的   推   荐   旅   游   线   路   等   同   于   第   二   热   门	1	1	1
/opt/gpfs/users/shuai/work/block-conversion-b2/OmniVoice/results_b2_final_gs3p0/seedtts_zh/00005260-00000027.wav	0.045454545454545456	这 样 的 人 物 居 然 甘 愿 在 一 个 凡 间 的 王 爷 身 边 做 王 妃	哦   这   样   的   人   物   居   然   甘   愿   在   一   个   凡   间   的   王   爷   身   边   做   王   妃	1	0	0
/opt/gpfs/users/shuai/work/block-conversion-b2/OmniVoice/results_b2_final_gs3p0/seedtts_zh/00005260-00000075.wav	0.041666666666666664	这 条 毛 毯 上 有 漂 亮 的 蕾 丝 边 还 织 着 一 排 五 颜 六 色 的 小 花	哦   这   条   毛   毯   上   有   漂   亮   的   蕾   丝   边   还   织   着   一   排   五   颜   六   色   的   小   花	1	0	0
/opt/gpfs/users/shuai/work/block-conversion-b2/OmniVoice/results_b2_final_gs3p0/seedtts_zh/00005261-00000105.wav	0.07692307692307693	他 俩 在 门 边 逗 留 摇 晃 着 身 躯 宛 如 踩 着 高 跷 参 加 化 装 舞 会 的 人	啊   他   俩   在   门   边   逗   留   摇   晃   着   身   躯   宛   如   踩   着   高   跷   参   加   化   妆   舞   会   的   人	1	0	1
/opt/gpfs/users/shuai/work/block-conversion-b2/OmniVoice/results_b2_final_gs3p0/seedtts_zh/00005261-00000060.wav	0.09090909090909091	但 预 计 暑 运 旺 季 景 度 气 度 依 旧 会 维 持 在 较 好 的 水 平	啊   但   预   计   暑   运   旺   季   景   度   气   度   依   旧   会   维   持   在   较   好   的   水   平   啊	2	0	0
/opt/gpfs/users/shuai/work/block-conversion-b2/OmniVoice/results_b2_final_gs3p0/seedtts_zh/00005262-00000116.wav	0.05	但 是 说 五 十 万 绑 匪 万 一 不 放 又 要 一 百 万 怎 么 办	呃   但   是   说   五   十   万   绑   匪   万   一   不   放   又   要   一   百   万   怎   么   办	1	0	0
/opt/gpfs/users/shuai/work/block-conversion-b2/OmniVoice/results_b2_final_gs3p0/seedtts_zh/00005262-00000106.wav	0.05555555555555555	而 与 此 同 时 他 却 又 那 么 身 强 力 壮 勇 敢 豪 爽	而   而   与   此   同   时   他   却   又   那   么   身   强   力   壮   勇   敢   豪   爽	1	0	0
/opt/gpfs/users/shuai/work/block-conversion-b2/OmniVoice/results_b2_final_gs3p0/seedtts_zh/00005263-00000068.wav	0.0	对 于 家 长 的 担 心 延 安 市 宝 塔 区 教 育 局 副 局 长 艾 庆 明 表 示	对   于   家   长   的   担   心   延   安   市   宝   塔   区   教   育   局   副   局   长   艾   庆   明   表   示	0	0	0
/opt/gpfs/users/shuai/work/block-conversion-b2/OmniVoice/results_b2_final_gs3p0/seedtts_zh/00005263-00000057.wav	0.0	本 次 有 害 昆 虫 科 普 展 是 一 场 专 门 为 孩 子 准 备 的 科 普 教 育 活 动	本   次   有   害   昆   虫   科   普   展   是   一   场   专   门   为   孩   子   准   备   的   科   普   教   育   活   动	0	0	0
/opt/gpfs/users/shuai/work/block-conversion-b2/OmniVoice/results_b2_final_gs3p0/seedtts_zh/00005264-00000003.wav	0.0	才 可 以 省 去 日 后 装 潢 时 清 理 废 弃 物 的 人 力 与 运 费	才   可   以   省   去   日   后   装   潢   时   清   理   废   弃   物   的   人   力   与   运   费	0	0	0
/opt/gpfs/users/shuai/work/block-conversion-b2/OmniVoice/results_b2_final_gs3p0/seedtts_zh/00005264-00000065.wav	0.0	该 男 子 强 行 将 弯 弯 拖 拽 至 酒 店 走 廊 墙 角 弯 弯 靠 墙 瘫 倒 在 地	该   男   子   强   行   将   弯   弯   拖   拽   至   酒   店   走   廊   墙   角   弯   弯   靠   墙   瘫   倒   在   地	0	0	0
/opt/gpfs/users/shuai/work/block-conversion-b2/OmniVoice/results_b2_final_gs3p0/seedtts_zh/00005265-00000018.wav	0.0	因 为 第 一 我 不 喜 欢 起 哄 第 二 我 根 本 也 懒 得 看 这 个 什 么 表 演	因   为   第   一   我   不   喜   欢   起   哄   第   二   我   根   本   也   懒   得   看   这   个   什   么   表   演	0	0	0
/opt/gpfs/users/shuai/work/block-conversion-b2/OmniVoice/results_b2_final_gs3p0/seedtts_zh/00005265-00000014.wav	0.0	不 管 北 京 的 房 价 一 天 涨 多 少 或 者 是 跌 多 少	不   管   北   京   的   房   价   一   天   涨   多   少   或   者   是   跌   多   少	0	0	0
/opt/gpfs/users/shuai/work/block-conversion-b2/OmniVoice/results_b2_final_gs3p0/seedtts_zh/00005266-00000067.wav	0.047619047619047616	他 用 柔 和 的 颜 色 和 光 影 描 绘 这 座 城 镇 的 田 园 郊 区	啊   他   用   柔   和   的   颜   色   和   光   影   描   绘   这   座   城   镇   的   田   园   郊   区	1	0	0
/opt/gpfs/users/shuai/work/block-conversion-b2/OmniVoice/results_b2_final_gs3p0/seedtts_zh/00005266-00000054.wav	0.041666666666666664	毛 群 安 强 调 警 务 工 作 站 的 设 立 不 能 替 代 医 患 之 间 的 沟 通	哦   毛   群   安   强   调   警   务   工   作   站   的   设   立   不   能   替   代   医   患   之   间   的   沟   通	1	0	0
/opt/gpfs/users/shuai/work/block-conversion-b2/OmniVoice/results_b2_final_gs3p0/seedtts_zh/00005267-00000114.wav	0.0	在 汪 精 卫 发 动 七 一 五 反 革 命 政 变 十 多 天 后 的 一 九 二 七 年 八 月 一 日	在   汪   精   卫   发   动   七   一   五   反   革   命   政   变   十   多   天   后   的   一   九   二   七   年   八   月   一   日	0	0	0
/opt/gpfs/users/shuai/work/block-conversion-b2/OmniVoice/results_b2_final_gs3p0/seedtts_zh/00005267-00000113.wav	0.08	驾 驶 证 必 须 是 本 人 且 在 有 效 期 内 必 须 是 Ｃ 一 驾 驶 证 及 以 上	啊   驾   驶   证   必   须   是   本   人   且   在   有   效   期   内   必   须   是   c   一   驾   驶   证   及   以   上	1	0	1
/opt/gpfs/users/shuai/work/block-conversion-b2/OmniVoice/results_b2_final_gs3p0/seedtts_zh/00005268-00000088.wav	0.047619047619047616	除 非 死 神 硬 要 来 拆 散 他 们 让 他 们 获 得 彻 底 的 解 脱	除   非   死   死   神   硬   要   来   拆   散   他   们   让   他   们   获   得   彻   底   的   解   脱	1	0	0
/opt/gpfs/users/shuai/work/block-conversion-b2/OmniVoice/results_b2_final_gs3p0/seedtts_zh/00005268-00000045.wav	0.0	阳 台 和 窗 户 附 近 不 要 放 置 矮 柜 凳 子 等 可 攀 爬 的 家 具	阳   台   和   窗   户   附   近   不   要   放   置   矮   柜   凳   子   等   可   攀   爬   的   家   具	0	0	0
/opt/gpfs/users/shuai/work/block-conversion-b2/OmniVoice/results_b2_final_gs3p0/seedtts_zh/00005269-00000095.wav	0.0	安 徽 淮 南 秦 师 傅 发 现 停 在 小 区 的 爱 车 右 前 驾 驶 窗 玻 璃 被 砸	安   徽   淮   南   秦   师   傅   发   现   停   在   小   区   的   爱   车   右   前   驾   驶   窗   玻   璃   被   砸	0	0	0
/opt/gpfs/users/shuai/work/block-conversion-b2/OmniVoice/results_b2_final_gs3p0/seedtts_zh/00005269-00000018.wav	0.0	军 事 专 家 杜 文 龙 在 接 受 央 视 采 访 时 表 示	军   事   专   家   杜   文   龙   在   接   受   央   视   采   访   时   表   示	0	0	0
/opt/gpfs/users/shuai/work/block-conversion-b2/OmniVoice/results_b2_final_gs3p0/seedtts_zh/00005271-00000012.wav	0.11538461538461539	主 张 保 障 青 年 及 弱 势 居 住 权 的 社 会 住 宅 联 盟 号 召 夜 宿 帝 宝 前	哦   主   张   保   障   青   年   及   弱   势   居   住   权   的   社   会   住   宅   联   盟   号   召   夜   宿   地   保   前	1	0	2
/opt/gpfs/users/shuai/work/block-conversion-b2/OmniVoice/results_b2_final_gs3p0/seedtts_zh/00005271-00000115.wav	0.0	夜 里 只 有 些 蓝 光 在 窗 户 那 飘 来 荡 去 不 是 总 有 鬼	夜   里   只   有   些   蓝   光   在   窗   户   那   飘   来   荡   去   不   是   总   有   鬼	0	0	0
/opt/gpfs/users/shuai/work/block-conversion-b2/OmniVoice/results_b2_final_gs3p0/seedtts_zh/00005272-00000057.wav	0.047619047619047616	汽 油 不 包 括 在 租 金 里 因 此 你 还 车 时 必 须 加 满 汽 油	呃   汽   油   不   包   括   在   租   金   里   因   此   你   还   车   时   必   须   加   满   汽   油	1	0	0
/opt/gpfs/users/shuai/work/block-conversion-b2/OmniVoice/results_b2_final_gs3p0/seedtts_zh/00005272-00000018.wav	0.0	云 南 省 瓦 努 阿 图 云 南 邓 江 县 二 十 五 日 发 生 五 级 地 震	云   南   省   瓦   努   阿   图   云   南   邓   江   县   二   十   五   日   发   生   五   级   地   震	0	0	0
/opt/gpfs/users/shuai/work/block-conversion-b2/OmniVoice/results_b2_final_gs3p0/seedtts_zh/00005273-00000024.wav	0.043478260869565216	根 据 阿 电 提 供 的 电 话 成 都 商 报 记 者 致 电 阿 波 阿 甲 等 人	呃   根   据   阿   电   提   供   的   电   话   成   都   商   报   记   者   致   电   阿   波   阿   甲   等   人	1	0	0
/opt/gpfs/users/shuai/work/block-conversion-b2/OmniVoice/results_b2_final_gs3p0/seedtts_zh/00005273-00000043.wav	0.047619047619047616	虽 然 在 任 期 的 最 后 两 年 中 他 的 个 人 支 持 率 下 降 了	啊   虽   然   在   任   期   的   最   后   两   年   中   他   的   个   人   支   持   率   下   降   了	1	0	0
/opt/gpfs/users/shuai/work/block-conversion-b2/OmniVoice/results_b2_final_gs3p0/seedtts_zh/00005274-00000055.wav	0.043478260869565216	尽 管 时 代 变 迁 但 这 间 老 店 却 像 激 流 里 唯 一 不 动 的 岩 石	尽   管   时   代   变   迁   但   这   间   老   殿   却   像   激   流   里   唯   一   不   动   的   岩   石	0	0	1
/opt/gpfs/users/shuai/work/block-conversion-b2/OmniVoice/results_b2_final_gs3p0/seedtts_zh/00005274-00000071.wav	0.09523809523809523	老 太 太 一 句 话 也 不 说 但 是 海 德 人 还 是 不 肯 饶 过 她	啊   老   太   太   一   句   话   也   不   说   但   是   海   德   人   还   是   不   肯   饶   过   他	1	0	1
/opt/gpfs/users/shuai/work/block-conversion-b2/OmniVoice/results_b2_final_gs3p0/seedtts_zh/00005275-00000100.wav	0.125	张 诞 与 颜 雪 于 二 零 一 二 年 二 月 二 十 三 日 经 同 学 介 绍 认 识	啊   张   旦   与   严   雪   于   二   零   一   二   年   二   月   二   十   三   日   经   同   学   介   绍   认   识	1	0	2
/opt/gpfs/users/shuai/work/block-conversion-b2/OmniVoice/results_b2_final_gs3p0/seedtts_zh/00005275-00000071.wav	0.058823529411764705	那 一 共 有 七 个 故 事 因 为 每 个 星 期 有 七 天	呃   那   一   共   有   七   个   故   事   因   为   每   个   星   期   有   七   天	1	0	0
/opt/gpfs/users/shuai/work/block-conversion-b2/OmniVoice/results_b2_final_gs3p0/seedtts_zh/00005276-00000009.wav	0.0	仪 式 上 祖 贝 尔 将 军 把 指 挥 望 远 镜 交 给 瓦 里 斯 准 将	仪   式   上   祖   贝   尔   将   军   把   指   挥   望   远   镜   交   给   瓦   里   斯   准   将	0	0	0
/opt/gpfs/users/shuai/work/block-conversion-b2/OmniVoice/results_b2_final_gs3p0/seedtts_zh/00005276-00000046.wav	0.0	那 你 是 否 知 道 会 怎 样 严 格 管 理 运 动 营 养 品 吗	那   你   是   否   知   道   会   怎   样   严   格   管   理   运   动   营   养   品   吗	0	0	0
/opt/gpfs/users/shuai/work/block-conversion-b2/OmniVoice/results_b2_final_gs3p0/seedtts_zh/00005277-00000084.wav	0.0	当 然 要 去 天 安 门 啦 这 回 你 来 挑 选 餐 厅 吧	当   然   要   去   天   安   门   啦   这   回   你   来   挑   选   餐   厅   吧	0	0	0
/opt/gpfs/users/shuai/work/block-conversion-b2/OmniVoice/results_b2_final_gs3p0/seedtts_zh/00005277-00000058.wav	0.0	尾 号 六 九 六 三 的 乘 客 刚 夸 了 你 师 傅 开 车 稳 当 当 保 驾 护 航 顶 呱 呱	尾   号   六   九   六   三   的   乘   客   刚   夸   了   你   师   傅   开   车   稳   当   当   保   驾   护   航   顶   呱   呱	0	0	0
/opt/gpfs/users/shuai/work/block-conversion-b2/OmniVoice/results_b2_final_gs3p0/seedtts_zh/00005278-00000055.wav	0.05	天 黑 了 路 灯 亮 起 雪 雾 扬 起 寒 冷 像 潮 水 一 样 涌 来	呃   天   黑   了   路   灯   亮   起   雪   雾   扬   起   寒   冷   像   潮   水   一   样   涌   来	1	0	0
/opt/gpfs/users/shuai/work/block-conversion-b2/OmniVoice/results_b2_final_gs3p0/seedtts_zh/00005278-00000008.wav	0.0625	马 克 思 恩 格 斯 选 集 第 三 卷 第 四 十 九 页	呃   马   克   思   恩   格   斯   选   集   第   三   卷   第   四   十   九   页	1	0	0
/opt/gpfs/users/shuai/work/block-conversion-b2/OmniVoice/results_b2_final_gs3p0/seedtts_zh/00005279-00000061.wav	0.05263157894736842	情 况 万 分 危 急 危 难 时 刻 两 个 孩 子 坚 定 了 决 心	啊   情   况   万   分   危   急   危   难   时   刻   两   个   孩   子   坚   定   了   决   心	1	0	0
/opt/gpfs/users/shuai/work/block-conversion-b2/OmniVoice/results_b2_final_gs3p0/seedtts_zh/00005279-00000110.wav	0.0	深 夜 吉 恩 和 阿 夏 逃 出 井 里 阿 夏 整 整 哭 了 一 夜	深   夜   吉   恩   和   阿   夏   逃   出   井   里   阿   夏   整   整   哭   了   一   夜	0	0	0
/opt/gpfs/users/shuai/work/block-conversion-b2/OmniVoice/results_b2_final_gs3p0/seedtts_zh/00005280-00000062.wav	0.041666666666666664	那 请 你 发 发 善 心 问 问 他 我 该 怎 样 才 能 确 保 在 死 前 不 挨 饿	呃   那   请   你   发   发   善   心   问   问   他   我   该   怎   样   才   能   确   保   在   死   前   不   挨   饿	1	0	0
/opt/gpfs/users/shuai/work/block-conversion-b2/OmniVoice/results_b2_final_gs3p0/seedtts_zh/00005280-00000055.wav	0.13043478260869565	东 倒 西 歪 会 压 坏 所 以 在 家 里 戴 胶 框 眼 镜 比 较 耐 摔 耐 压	呃   东   倒   西   歪   会   压   坏   所   以   在   家   里   戴   焦   框   眼   镜   比   较   耐   摔   耐   压   啊	2	0	1
/opt/gpfs/users/shuai/work/block-conversion-b2/OmniVoice/results_b2_final_gs3p0/seedtts_zh/00005281-00000078.wav	0.06896551724137931	号 召 更 多 渴 望 突 破 自 我 的 年 轻 力 量 加 入 到 敢 于 突 破 破 界 的 队 伍 中 来	啊   号   召   更   多   渴   望   突   破   自   我   的   年   轻   力   量   加   入   到   敢   于   突   破   破   戒   的   队   伍   中   来	1	0	1
/opt/gpfs/users/shuai/work/block-conversion-b2/OmniVoice/results_b2_final_gs3p0/seedtts_zh/00005281-00000004.wav	0.09090909090909091	中 午 陪 完 喝 酒 我 已 是 晕 晕 乎 乎 下 午 什 么 事 都 没 法 干	啊   中   午   陪   玩   喝   酒   我   已   是   晕   晕   乎   乎   下   午   什   么   事   都   没   法   干	1	0	1
/opt/gpfs/users/shuai/work/block-conversion-b2/OmniVoice/results_b2_final_gs3p0/seedtts_zh/00005282-00000043.wav	0.041666666666666664	成 都 大 熊 猫 基 地 利 用 库 存 的 初 乳 对 两 幼 仔 进 行 人 工 喂 养	成   都   大   熊   猫   基   地   利   用   库   存   的   初   乳   对   两   幼   崽   进   行   人   工   喂   养	0	0	1
/opt/gpfs/users/shuai/work/block-conversion-b2/OmniVoice/results_b2_final_gs3p0/seedtts_zh/00005282-00000015.wav	0.0	但 是 他 总 是 避 而 不 谈 我 们 的 谈 话 一 点 用 也 没 有	但   是   他   总   是   避   而   不   谈   我   们   的   谈   话   一   点   用   也   没   有	0	0	0
/opt/gpfs/users/shuai/work/block-conversion-b2/OmniVoice/results_b2_final_gs3p0/seedtts_zh/00005283-00000056.wav	0.0	菲 律 宾 渔 业 代 表 观 察 当 地 渔 民 养 殖 的 鱼 苗	菲   律   宾   渔   业   代   表   观   察   当   地   渔   民   养   殖   的   鱼   苗	0	0	0
/opt/gpfs/users/shuai/work/block-conversion-b2/OmniVoice/results_b2_final_gs3p0/seedtts_zh/00005283-00000055.wav	0.0	口 渴 严 重 与 否 也 不 能 作 为 糖 尿 病 严 重 与 否 的 判 断 指 标	口   渴   严   重   与   否   也   不   能   作   为   糖   尿   病   严   重   与   否   的   判   断   指   标	0	0	0
/opt/gpfs/users/shuai/work/block-conversion-b2/OmniVoice/results_b2_final_gs3p0/seedtts_zh/00005284-00000097.wav	0.08333333333333333	而 奥 运 藏 品 作 为 弘 扬 奥 运 精 神 普 及 奥 运 文 化 的 重 要 载 体	奥   藏   品   作   为   弘   扬   奥   运   精   神   普   及   奥   运   文   化   的   重   要   载   体	0	2	0
/opt/gpfs/users/shuai/work/block-conversion-b2/OmniVoice/results_b2_final_gs3p0/seedtts_zh/00005284-00000005.wav	0.08333333333333333	是 吗 大 伙 仔 细 瞧 瞧 好 像 是 有 鱼 儿 吐 的 一 个 泡 泡 的 痕 迹 哩	是   吗   大   伙   仔   细   瞧   瞧   好   像   是   有   鱼   儿   土   的   一   个   泡   泡   的   痕   迹   里	0	0	2
/opt/gpfs/users/shuai/work/block-conversion-b2/OmniVoice/results_b2_final_gs3p0/seedtts_zh/00005285-00000045.wav	0.05	该 片 的 运 镜 剪 接 音 乐 编 曲 奏 演 唱 与 演 唱 成 熟 度	啊   该   片   的   运   镜   剪   接   音   乐   编   曲   奏   演   唱   与   演   唱   成   熟   度	1	0	0
/opt/gpfs/users/shuai/work/block-conversion-b2/OmniVoice/results_b2_final_gs3p0/seedtts_zh/00005285-00000012.wav	0.038461538461538464	夏 日 清 爽 补 养 喝 燕 窝 产 前 打 造 优 质 母 体 产 后 补 养 元 气 好 气 色	呃   夏   日   清   爽   补   养   喝   燕   窝   产   前   打   造   优   质   母   体   产   后   补   养   元   气   好   气   色	1	0	0
/opt/gpfs/users/shuai/work/block-conversion-b2/OmniVoice/results_b2_final_gs3p0/seedtts_zh/00005286-00000016.wav	0.037037037037037035	是 将 城 市 人 居 环 境 的 面 子 与 民 生 里 子 高 度 统 一 合 力 优 化 的 举 措	呃   是   将   城   市   人   居   环   境   的   面   子   与   民   生   里   子   高   度   统   一   合   力   优   化   的   举   措	1	0	0
/opt/gpfs/users/shuai/work/block-conversion-b2/OmniVoice/results_b2_final_gs3p0/seedtts_zh/00005286-00000090.wav	0.037037037037037035	冉 冉 升 起 刺 鼻 呛 人 的 硫 磺 浓 烟 把 整 个 城 市 都 裹 在 一 层 烟 雾 之 中	呃   冉   冉   升   起   刺   鼻   呛   人   的   硫   磺   浓   烟   把   整   个   城   市   都   裹   在   一   层   烟   雾   之   中	1	0	0
/opt/gpfs/users/shuai/work/block-conversion-b2/OmniVoice/results_b2_final_gs3p0/seedtts_zh/00005287-00000032.wav	0.09090909090909091	东 海 龙 王 说 玉 帝 已 准 奏 你 们 犯 下 死 罪 一 个 也 跑 不 了	哦   东   海   龙   王   说   玉   帝   已   准   咒   你   们   犯   下   死   罪   一   个   也   跑   不   了	1	0	1
/opt/gpfs/users/shuai/work/block-conversion-b2/OmniVoice/results_b2_final_gs3p0/seedtts_zh/00005287-00000058.wav	0.0	他 大 声 呼 唤 妈 妈 声 音 穿 过 重 重 岩 层 传 入 三 娘 耳 中	他   大   声   呼   唤   妈   妈   声   音   穿   过   重   重   岩   层   传   入   三   娘   耳   中	0	0	0
/opt/gpfs/users/shuai/work/block-conversion-b2/OmniVoice/results_b2_final_gs3p0/seedtts_zh/00005288-00000004.wav	0.0	一 九 九 五 年 他 与 西 雅 图 交 响 乐 的 总 监 史 瓦 兹 一 起 指 挥	一   九   九   五   年   他   与   西   雅   图   交   响   乐   的   总   监   史   瓦   兹   一   起   指   挥	0	0	0
/opt/gpfs/users/shuai/work/block-conversion-b2/OmniVoice/results_b2_final_gs3p0/seedtts_zh/00005288-00000086.wav	0.0	同 时 还 有 四 人 被 采 取 取 保 候 审 等 强 制 措 施	同   时   还   有   四   人   被   采   取   取   保   候   审   等   强   制   措   施	0	0	0
/opt/gpfs/users/shuai/work/block-conversion-b2/OmniVoice/results_b2_final_gs3p0/seedtts_zh/00005289-00000103.wav	0.08695652173913043	机 场 工 作 人 员 和 驻 场 武 警 连 夜 在 机 场 跑 道 上 扫 雪 除 冰	机   场   工   作   人   员   和   驻   场   武   警   连   夜   在   机   场   跑   道   上   扫   雪   出   兵	0	0	2
/opt/gpfs/users/shuai/work/block-conversion-b2/OmniVoice/results_b2_final_gs3p0/seedtts_zh/00005289-00000016.wav	0.05	目 前 吃 货 姐 用 的 是 韩 国 那 款 超 级 补 水 的 芦 荟 胶	啊   目   前   吃   货   姐   用   的   是   韩   国   那   款   超   级   补   水   的   芦   荟   胶	1	0	0
/opt/gpfs/users/shuai/work/block-conversion-b2/OmniVoice/results_b2_final_gs3p0/seedtts_zh/00005290-00000120.wav	0.0	我 箱 子 里 有 一 套 夏 装 可 是 现 在 穿 它 也 未 免 太 不 成 体 统 了	我   箱   子   里   有   一   套   夏   装   可   是   现   在   穿   它   也   未   免   太   不   成   体   统   了	0	0	0
/opt/gpfs/users/shuai/work/block-conversion-b2/OmniVoice/results_b2_final_gs3p0/seedtts_zh/00005290-00000087.wav	0.09090909090909091	几 乎 超 过 为 中 学 生 讲 解 文 言 文 课 文 的 当 代 语 文 教 师	啊   几   乎   超   过   为   中   学   生   讲   解   文   言   文   课   文   的   当   代   语   文   教   师   啊	2	0	0
/opt/gpfs/users/shuai/work/block-conversion-b2/OmniVoice/results_b2_final_gs3p0/seedtts_zh/00005291-00000074.wav	0.0	兼 职 劳 务 派 遣 业 务 营 收 占 二 十 四 亿 美 元 总 营 收 的 百 分 之 七 十 八	兼   职   劳   务   派   遣   业   务   营   收   占   二   十   四   亿   美   元   总   营   收   的   百   分   之   七   十   八	0	0	0
/opt/gpfs/users/shuai/work/block-conversion-b2/OmniVoice/results_b2_final_gs3p0/seedtts_zh/00005291-00000005.wav	0.045454545454545456	张 家 界 一 边 哦 了 一 声 一 边 直 边 直 线 向 怪 兽 脚 下 奔 去	张   家   界   一   边   哦   了   一   声   一   边   直   鞭   直   线   向   怪   兽   脚   下   奔   去	0	0	1
/opt/gpfs/users/shuai/work/block-conversion-b2/OmniVoice/results_b2_final_gs3p0/seedtts_zh/00005292-00000106.wav	0.038461538461538464	他 甚 至 有 可 能 成 为 成 长 为 几 万 年 来 三 界 四 域 唯 一 的 道 境 高 手	他   甚   至   有   可   能   成   为   成   长   为   几   万   年   来   三   界   四   域   唯   一   的   道   镜   高   手	0	0	1
/opt/gpfs/users/shuai/work/block-conversion-b2/OmniVoice/results_b2_final_gs3p0/seedtts_zh/00005292-00000012.wav	0.0	一 旦 蓄 电 用 尽 就 要 浮 出 水 面 或 采 用 通 气 管 状 态 为 发 电 机 充 电	一   旦   蓄   电   用   尽   就   要   浮   出   水   面   或   采   用   通   气   管   状   态   为   发   电   机   充   电	0	0	0
/opt/gpfs/users/shuai/work/block-conversion-b2/OmniVoice/results_b2_final_gs3p0/seedtts_zh/00005293-00000037.wav	0.0	一 八 九 五 年 十 月 四 日 生 于 南 高 加 索 的 阿 吉 肯 德	一   八   九   五   年   十   月   四   日   生   于   南   高   加   索   的   阿   吉   肯   德	0	0	0
/opt/gpfs/users/shuai/work/block-conversion-b2/OmniVoice/results_b2_final_gs3p0/seedtts_zh/00005293-00000049.wav	0.06896551724137931	世 界 缺 少 隔 着 尚 未 离 任 的 美 国 总 统 与 美 国 候 任 总 统 满 格 互 动 的 经 验	呃   世   界   缺   少   隔   着   尚   未   离   任   的   美   国   总   统   与   美   国   后   任   总   统   满   格   互   动   的   经   验	1	0	1
/opt/gpfs/users/shuai/work/block-conversion-b2/OmniVoice/results_b2_final_gs3p0/seedtts_zh/00005295-00000006.wav	0.0	交 易 架 构 方 面 包 括 适 用 法 律 股 权 转 让 或 概 括 承 受 资 产 负 债	交   易   架   构   方   面   包   括   适   用   法   律   股   权   转   让   或   概   括   承   受   资   产   负   债	0	0	0
/opt/gpfs/users/shuai/work/block-conversion-b2/OmniVoice/results_b2_final_gs3p0/seedtts_zh/00005295-00000081.wav	0.0	他 的 答 案 比 我 按 计 算 机 验 算 来 得 快 而 准 而 且 我 问 他 我 算 的 对 不 对	他   的   答   案   比   我   按   计   算   机   验   算   来   得   快   而   准   而   且   我   问   他   我   算   的   对   不   对	0	0	0
/opt/gpfs/users/shuai/work/block-conversion-b2/OmniVoice/results_b2_final_gs3p0/seedtts_zh/00005296-00000033.wav	0.058823529411764705	睡 眠 呼 吸 暂 停 与 多 种 慢 性 疾 病 关 系 密 切	啊   睡   眠   呼   吸   暂   停   与   多   种   慢   性   疾   病   关   系   密   切	1	0	0
/opt/gpfs/users/shuai/work/block-conversion-b2/OmniVoice/results_b2_final_gs3p0/seedtts_zh/00005296-00000048.wav	0.0	在 合 肥 建 设 国 际 麻 将 城 经 过 提 案 委 员 会 讨 论 并 未 立 案 以 外	在   合   肥   建   设   国   际   麻   将   城   经   过   提   案   委   员   会   讨   论   并   未   立   案   以   外	0	0	0
/opt/gpfs/users/shuai/work/block-conversion-b2/OmniVoice/results_b2_final_gs3p0/seedtts_zh/00005297-00000090.wav	0.0	业 内 判 断 品 牌 商 回 收 眼 镜 业 务 自 营 的 案 例 在 未 来 的 增 多	业   内   判   断   品   牌   商   回   收   眼   镜   业   务   自   营   的   案   例   在   未   来   的   增   多	0	0	0
/opt/gpfs/users/shuai/work/block-conversion-b2/OmniVoice/results_b2_final_gs3p0/seedtts_zh/00005297-00000066.wav	0.09523809523809523	一 九 八 四 年 二 月 契 尔 年 科 当 选 为 苏 共 中 央 总 书 记	啊   一   九   八   四   年   二   月   切   尔   年   科   当   选   为   苏   共   中   央   总   书   记	1	0	1
/opt/gpfs/users/shuai/work/block-conversion-b2/OmniVoice/results_b2_final_gs3p0/seedtts_zh/00005298-00000074.wav	0.0	伏 羲 的 儿 孙 们 看 见 伏 羲 捉 来 了 鱼 也 都 欢 欢 喜 喜 跑 来 问 长 问 短	伏   羲   的   儿   孙   们   看   见   伏   羲   捉   来   了   鱼   也   都   欢   欢   喜   喜   跑   来   问   长   问   短	0	0	0
/opt/gpfs/users/shuai/work/block-conversion-b2/OmniVoice/results_b2_final_gs3p0/seedtts_zh/00005298-00000001.wav	0.0	其 所 含 的 物 质 可 阻 断 人 体 内 亚 硝 胺 生 成	其   所   含   的   物   质   可   阻   断   人   体   内   亚   硝   胺   生   成	0	0	0
/opt/gpfs/users/shuai/work/block-conversion-b2/OmniVoice/results_b2_final_gs3p0/seedtts_zh/00005299-00000091.wav	0.07407407407407407	号 召 更 多 渴 望 突 破 自 我 的 年 轻 力 量 加 入 到 敢 于 破 界 的 队 伍 中 来	呃   号   召   更   多   渴   望   突   破   自   我   的   年   轻   力   量   加   入   到   敢   于   破   戒   的   队   伍   中   来	1	0	1
/opt/gpfs/users/shuai/work/block-conversion-b2/OmniVoice/results_b2_final_gs3p0/seedtts_zh/00005299-00000040.wav	0.037037037037037035	在 金 区 医 疗 资 源 相 对 薄 弱 的 地 区 举 办 辖 区 稀 缺 的 高 端 专 科 医 院	在   军   区   医   疗   资   源   相   对   薄   弱   的   地   区   举   办   辖   区   稀   缺   的   高   端   专   科   医   院	0	0	1
/opt/gpfs/users/shuai/work/block-conversion-b2/OmniVoice/results_b2_final_gs3p0/seedtts_zh/00005300-00000116.wav	0.08333333333333333	比 如 俄 罗 斯 的 末 班 列 车 一 次 可 携 带 六 枚 亚 尔 斯 洲 际 导 弹	啊   比   如   俄   罗   斯   的   末   班   列   车   一   次   可   携   带   六   枚   亚   尔   斯   洲   际   导   弹   啊	2	0	0
/opt/gpfs/users/shuai/work/block-conversion-b2/OmniVoice/results_b2_final_gs3p0/seedtts_zh/00005300-00000092.wav	0.037037037037037035	主 帅 查 尔 斯 奥 克 利 与 球 员 斯 蒂 芬 杰 克 逊 在 比 赛 中 爆 发 激 烈 争 吵	呃   主   帅   查   尔   斯   奥   克   利   与   球   员   斯   蒂   芬   杰   克   逊   在   比   赛   中   爆   发   激   烈   争   吵	1	0	0
/opt/gpfs/users/shuai/work/block-conversion-b2/OmniVoice/results_b2_final_gs3p0/seedtts_zh/00005301-00000021.wav	0.0625	大 家 非 得 盘 算 来 盘 算 去 省 着 点 吃 粮 食	大   家   非   得   盘   算   来   盘   算   去   省   着   点   吃   粮   食   啊	1	0	0
/opt/gpfs/users/shuai/work/block-conversion-b2/OmniVoice/results_b2_final_gs3p0/seedtts_zh/00005301-00000043.wav	0.038461538461538464	其 中 一 只 正 又 两 条 前 肢 抓 住 一 只 有 自 己 身 体 五 倍 大 的 死 蜘 蛛	其   中   一   只   正   有   两   条   前   肢   抓   住   一   只   有   自   己   身   体   五   倍   大   的   死   蜘   蛛	0	0	1
/opt/gpfs/users/shuai/work/block-conversion-b2/OmniVoice/results_b2_final_gs3p0/seedtts_zh/00005302-00000036.wav	0.0	叶 尔 斯 塔 湾 的 天 鹅 假 称 喜 欢 吃 止 痛 药	叶   尔   斯   塔   湾   的   天   鹅   假   称   喜   欢   吃   止   痛   药	0	0	0
/opt/gpfs/users/shuai/work/block-conversion-b2/OmniVoice/results_b2_final_gs3p0/seedtts_zh/00005302-00000065.wav	0.0	那 些 袖 珍 衣 服 挂 在 架 子 上 远 远 看 上 去 就 像 一 幅 画 了 可 漂 亮 了	那   些   袖   珍   衣   服   挂   在   架   子   上   远   远   看   上   去   就   像   一   幅   画   了   可   漂   亮   了	0	0	0
/opt/gpfs/users/shuai/work/block-conversion-b2/OmniVoice/results_b2_final_gs3p0/seedtts_zh/00005303-00000032.wav	0.0	他 本 以 为 早 上 耍 的 小 聪 明 只 是 开 玩 笑 很 有 独 创 性	他   本   以   为   早   上   耍   的   小   聪   明   只   是   开   玩   笑   很   有   独   创   性	0	0	0
/opt/gpfs/users/shuai/work/block-conversion-b2/OmniVoice/results_b2_final_gs3p0/seedtts_zh/00005303-00000111.wav	0.2631578947368421	你 要 什 么 有 什 么 那 里 有 正 装 也 有 休 闲 的 衣 服	啊   你   要   什   么   有   什   么   装   也   有   休   闲   的   衣   服	1	4	0
/opt/gpfs/users/shuai/work/block-conversion-b2/OmniVoice/results_b2_final_gs3p0/seedtts_zh/00005304-00000066.wav	0.047619047619047616	事 实 上 不 是 淘 宝 阿 里 巴 巴 太 便 宜 了 而 是 商 场 贵 了	呃   事   实   上   不   是   淘   宝   阿   里   巴   巴   太   便   宜   了   而   是   商   场   贵   了	1	0	0
/opt/gpfs/users/shuai/work/block-conversion-b2/OmniVoice/results_b2_final_gs3p0/seedtts_zh/00005304-00000075.wav	0.0	他 本 来 牵 着 儿 子 走 路 见 此 情 况 一 把 抱 起 儿 子 紧 紧 搂 在 怀 里	他   本   来   牵   着   儿   子   走   路   见   此   情   况   一   把   抱   起   儿   子   紧   紧   搂   在   怀   里	0	0	0
/opt/gpfs/users/shuai/work/block-conversion-b2/OmniVoice/results_b2_final_gs3p0/seedtts_zh/00005305-00000102.wav	0.0	哦 我 觉 得 智 商 重 要 些 但 是 一 个 人 也 离 不 开 情 商	哦   我   觉   得   智   商   重   要   些   但   是   一   个   人   也   离   不   开   情   商	0	0	0
/opt/gpfs/users/shuai/work/block-conversion-b2/OmniVoice/results_b2_final_gs3p0/seedtts_zh/00005305-00000039.wav	0.0	板 球 裤 也 在 设 计 师 的 巧 思 下 变 成 变 身 成 为 宽 松 运 动 裤	板   球   裤   也   在   设   计   师   的   巧   思   下   变   成   变   身   成   为   宽   松   运   动   裤	0	0	0
/opt/gpfs/users/shuai/work/block-conversion-b2/OmniVoice/results_b2_final_gs3p0/seedtts_zh/00005306-00000096.wav	0.09090909090909091	患 痴 呆 症 或 阿 尔 次 海 默 症 的 风 险 要 低 百 分 之 六 十 五	呃   患   痴   呆   症   或   阿   尔   茨   海   默   症   的   风   险   要   低   百   分   之   六   十   五	1	0	1
/opt/gpfs/users/shuai/work/block-conversion-b2/OmniVoice/results_b2_final_gs3p0/seedtts_zh/00005306-00000048.wav	0.0	届 时 会 按 照 原 定 计 划 与 国 防 部 签 署 相 关 以 地 换 地 协 议	届   时   会   按   照   原   定   计   划   与   国   防   部   签   署   相   关   以   地   换   地   协   议	0	0	0
/opt/gpfs/users/shuai/work/block-conversion-b2/OmniVoice/results_b2_final_gs3p0/seedtts_zh/00005307-00000002.wav	0.0	攀 爬 上 官 场 高 位 后 开 始 给 家 里 的 各 种 亲 戚 安 排 工 作	攀   爬   上   官   场   高   位   后   开   始   给   家   里   的   各   种   亲   戚   安   排   工   作	0	0	0
/opt/gpfs/users/shuai/work/block-conversion-b2/OmniVoice/results_b2_final_gs3p0/seedtts_zh/00005307-00000082.wav	0.0	目 前 雅 虎 持 有 三 点 八 四 亿 股 阿 里 股 票	目   前   雅   虎   持   有   三   点   八   四   亿   股   阿   里   股   票	0	0	0
/opt/gpfs/users/shuai/work/block-conversion-b2/OmniVoice/results_b2_final_gs3p0/seedtts_zh/00005308-00000038.wav	0.05555555555555555	要 求 赔 偿 粉 尘 污 染 对 他 们 造 成 的 精 神 伤 害	哦   要   求   赔   偿   粉   尘   污   染   对   他   们   造   成   的   精   神   伤   害	1	0	0
/opt/gpfs/users/shuai/work/block-conversion-b2/OmniVoice/results_b2_final_gs3p0/seedtts_zh/00005308-00000023.wav	0.058823529411764705	被 称 赞 了 真 开 心 啊 我 有 那 么 帅 该 多 好 啊	呃   被   称   赞   了   真   开   心   啊   我   有   那   么   帅   该   多   好   啊	1	0	0
/opt/gpfs/users/shuai/work/block-conversion-b2/OmniVoice/results_b2_final_gs3p0/seedtts_zh/00005309-00000108.wav	0.0	还 有 解 放 军 指 战 员 代 表 一 起 将 烈 士 安 葬 在 了 万 金 山 路	还   有   解   放   军   指   战   员   代   表   一   起   将   烈   士   安   葬   在   了   万   金   山   路	0	0	0
/opt/gpfs/users/shuai/work/block-conversion-b2/OmniVoice/results_b2_final_gs3p0/seedtts_zh/00005309-00000007.wav	0.0	六 月 二 日 晚 已 召 集 菜 鸟 网 络 和 顺 丰 速 运 高 层 来 京	六   月   二   日   晚   已   召   集   菜   鸟   网   络   和   顺   丰   速   运   高   层   来   京	0	0	0
/opt/gpfs/users/shuai/work/block-conversion-b2/OmniVoice/results_b2_final_gs3p0/seedtts_zh/00005310-00000062.wav	0.0	并 且 韩 美 军 事 情 报 机 关 掌 握 此 次 安 装 上 车 的 导 弹 为 二 级 结 构	并   且   韩   美   军   事   情   报   机   关   掌   握   此   次   安   装   上   车   的   导   弹   为   二   级   结   构	0	0	0
/opt/gpfs/users/shuai/work/block-conversion-b2/OmniVoice/results_b2_final_gs3p0/seedtts_zh/00005310-00000009.wav	0.043478260869565216	娜 娜 和 男 友 每 两 天 就 因 为 这 类 问 题 隔 着 网 络 大 吵 一 场	娜   娜   和   男   友   没   两   天   就   因   为   这   类   问   题   隔   着   网   络   大   吵   一   场	0	0	1
/opt/gpfs/users/shuai/work/block-conversion-b2/OmniVoice/results_b2_final_gs3p0/seedtts_zh/00005311-00000084.wav	0.08333333333333333	照 片 中 赵 丽 颖 身 穿 短 版 运 动 背 心 做 出 侧 开 腿 抬 手 的 动 作	呃   照   片   中   赵   丽   颖   身   穿   短   板   运   动   背   心   做   出   侧   开   腿   抬   手   的   动   作	1	0	1
/opt/gpfs/users/shuai/work/block-conversion-b2/OmniVoice/results_b2_final_gs3p0/seedtts_zh/00005311-00000035.wav	0.0	小 鳄 鱼 的 牙 齿 那 么 厉 害 得 给 他 挑 一 把 耐 用 的 牙 刷 才 好	小   鳄   鱼   的   牙   齿   那   么   厉   害   得   给   他   挑   一   把   耐   用   的   牙   刷   才   好	0	0	0
/opt/gpfs/users/shuai/work/block-conversion-b2/OmniVoice/results_b2_final_gs3p0/seedtts_zh/00005312-00000082.wav	0.0	外 部 公 园 与 内 部 园 林 共 同 营 造 低 密 奢 景 生 活	外   部   公   园   与   内   部   园   林   共   同   营   造   低   密   奢   景   生   活	0	0	0
/opt/gpfs/users/shuai/work/block-conversion-b2/OmniVoice/results_b2_final_gs3p0/seedtts_zh/00005312-00000059.wav	0.0	按 照 去 年 和 今 年 戛 纳 都 有 大 批 网 红 涌 向 红 毯 的 情 况	按   照   去   年   和   今   年   戛   纳   都   有   大   批   网   红   涌   向   红   毯   的   情   况	0	0	0
/opt/gpfs/users/shuai/work/block-conversion-b2/OmniVoice/results_b2_final_gs3p0/seedtts_zh/00005313-00000119.wav	0.05	刘 小 姐 和 朋 友 徐 小 姐 在 南 京 地 铁 一 号 线 乘 车 时	啊   刘   小   姐   和   朋   友   徐   小   姐   在   南   京   地   铁   一   号   线   乘   车   时	1	0	0
/opt/gpfs/users/shuai/work/block-conversion-b2/OmniVoice/results_b2_final_gs3p0/seedtts_zh/00005313-00000076.wav	0.0	二 零 一 五 年 重 庆 市 外 来 人 口 增 加 至 一 百 五 十 点 二 一 万 人	二   零   一   五   年   重   庆   市   外   来   人   口   增   加   至   一   百   五   十   点   二   一   万   人	0	0	0
/opt/gpfs/users/shuai/work/block-conversion-b2/OmniVoice/results_b2_final_gs3p0/seedtts_zh/00005314-00000083.wav	0.0	海 口 今 天 有 降 雨 而 且 风 力 较 强 气 压 较 低	海   口   今   天   有   降   雨   而   且   风   力   较   强   气   压   较   低	0	0	0
/opt/gpfs/users/shuai/work/block-conversion-b2/OmniVoice/results_b2_final_gs3p0/seedtts_zh/00005314-00000074.wav	0.0	但 法 国 的 农 业 渔 业 和 工 业 也 都 非 常 重 要	但   法   国   的   农   业   渔   业   和   工   业   也   都   非   常   重   要	0	0	0
/opt/gpfs/users/shuai/work/block-conversion-b2/OmniVoice/results_b2_final_gs3p0/seedtts_zh/00005315-00000030.wav	0.058823529411764705	现 在 的 影 视 行 业 与 快 消 费 服 装 行 业 一 样	我   现   在   的   影   视   行   业   与   快   消   费   服   装   行   业   一   样	1	0	0
/opt/gpfs/users/shuai/work/block-conversion-b2/OmniVoice/results_b2_final_gs3p0/seedtts_zh/00005315-00000090.wav	0.058823529411764705	但 是 行 走 于 台 北 东 区 的 感 觉 有 点 不 一 样	我   但   是   行   走   于   台   北   东   区   的   感   觉   有   点   不   一   样	1	0	0
/opt/gpfs/users/shuai/work/block-conversion-b2/OmniVoice/results_b2_final_gs3p0/seedtts_zh/00005316-00000069.wav	0.0	收 银 员 用 收 银 机 撤 销 结 账 两 月 偷 拿 超 市 九 点 二 万 元	收   银   员   用   收   银   机   撤   销   结   账   两   月   偷   拿   超   市   九   点   二   万   元	0	0	0
/opt/gpfs/users/shuai/work/block-conversion-b2/OmniVoice/results_b2_final_gs3p0/seedtts_zh/00005316-00000053.wav	0.047619047619047616	但 是 如 果 阳 光 太 强 烈 的 话 会 损 害 人 的 眼 睛 和 皮 肤	呃   但   是   如   果   阳   光   太   强   烈   的   话   会   损   害   人   的   眼   睛   和   皮   肤	1	0	0
/opt/gpfs/users/shuai/work/block-conversion-b2/OmniVoice/results_b2_final_gs3p0/seedtts_zh/00005317-00000034.wav	0.047619047619047616	若 学 校 经 营 者 相 应 不 理 会 教 育 部 居 然 也 无 可 奈 何	呃   若   学   校   经   营   者   相   应   不   理   会   教   育   部   居   然   也   无   可   奈   何	1	0	0
/opt/gpfs/users/shuai/work/block-conversion-b2/OmniVoice/results_b2_final_gs3p0/seedtts_zh/00005317-00000094.wav	0.06666666666666667	教 室 里 一 片 嗡 嗡 的 读 书 声 令 人 困 乏	啊   教   室   里   一   片   嗡   嗡   的   读   书   声   令   人   困   乏	1	0	0
/opt/gpfs/users/shuai/work/block-conversion-b2/OmniVoice/results_b2_final_gs3p0/seedtts_zh/00005318-00000033.wav	0.05	是 啊 如 果 我 要 没 拿 到 这 两 张 票 我 一 定 会 很 失 望	呃   是   啊   如   果   我   要   没   拿   到   这   两   张   票   我   一   定   会   很   失   望	1	0	0
/opt/gpfs/users/shuai/work/block-conversion-b2/OmniVoice/results_b2_final_gs3p0/seedtts_zh/00005318-00000078.wav	0.058823529411764705	爸 爸 说 考 试 成 绩 差 的 孩 子 需 要 优 先 关 照	啊   爸   爸   说   考   试   成   绩   差   的   孩   子   需   要   优   先   关   照	1	0	0
/opt/gpfs/users/shuai/work/block-conversion-b2/OmniVoice/results_b2_final_gs3p0/seedtts_zh/00005320-00000083.wav	0.0625	用 拇 指 指 腹 从 此 穴 往 脚 趾 头 方 向 按 压	呃   用   拇   指   指   腹   从   此   穴   往   脚   趾   头   方   向   按   压	1	0	0
/opt/gpfs/users/shuai/work/block-conversion-b2/OmniVoice/results_b2_final_gs3p0/seedtts_zh/00005320-00000106.wav	0.09090909090909091	而 王 奎 荣 的 敬 业 态 度 也 给 了 许 多 年 轻 演 员 上 了 一 课	啊   而   王   奎   荣   的   敬   业   态   度   也   给   了   许   多   年   轻   演   员   上   了   一   课   嗯	2	0	0
/opt/gpfs/users/shuai/work/block-conversion-b2/OmniVoice/results_b2_final_gs3p0/seedtts_zh/00005321-00000082.wav	0.0	一 口 气 喝 了 三 碗 奶 茶 吃 下 了 一 块 馕 体 内 才 算 有 些 热 力	一   口   气   喝   了   三   碗   奶   茶   吃   下   了   一   块   馕   体   内   才   算   有   些   热   力	0	0	0
/opt/gpfs/users/shuai/work/block-conversion-b2/OmniVoice/results_b2_final_gs3p0/seedtts_zh/00005321-00000095.wav	0.0	全 国 军 民 万 众 一 心 顽 强 拼 搏 夺 取 了 抗 洪 抢 险 的 伟 大 胜 利	全   国   军   民   万   众   一   心   顽   强   拼   搏   夺   取   了   抗   洪   抢   险   的   伟   大   胜   利	0	0	0
/opt/gpfs/users/shuai/work/block-conversion-b2/OmniVoice/results_b2_final_gs3p0/seedtts_zh/00005322-00000028.wav	0.045454545454545456	但 王 子 被 她 的 美 貌 迷 住 了 愿 意 拿 自 己 的 性 命 做 赌 注	但   王   子   被   他   的   美   貌   迷   住   了   愿   意   拿   自   己   的   性   命   做   赌   注	0	0	1
/opt/gpfs/users/shuai/work/block-conversion-b2/OmniVoice/results_b2_final_gs3p0/seedtts_zh/00005322-00000107.wav	0.037037037037037035	大 哥 你 腿 脚 不 方 便 其 实 不 应 该 来 特 意 为 明 理 和 明 月 加 油 打 气 的	啊   大   哥   你   腿   脚   不   方   便   其   实   不   应   该   来   特   意   为   明   理   和   明   月   加   油   打   气   的	1	0	0
/opt/gpfs/users/shuai/work/block-conversion-b2/OmniVoice/results_b2_final_gs3p0/seedtts_zh/00005323-00000064.wav	0.05263157894736842	好 吧 我 们 别 耽 搁 时 间 了 收 拾 东 西 干 正 经 事 吧	呃   好   吧   我   们   别   耽   搁   时   间   了   收   拾   东   西   干   正   经   事   吧	1	0	0
/opt/gpfs/users/shuai/work/block-conversion-b2/OmniVoice/results_b2_final_gs3p0/seedtts_zh/00005323-00000061.wav	0.0	寂 静 的 考 场 里 立 即 响 起 一 片 笔 尖 和 纸 张 的 摩 擦 声	寂   静   的   考   场   里   立   即   响   起   一   片   笔   尖   和   纸   张   的   摩   擦   声	0	0	0
/opt/gpfs/users/shuai/work/block-conversion-b2/OmniVoice/results_b2_final_gs3p0/seedtts_zh/00005324-00000024.wav	0.0	但 是 他 不 肯 透 露 是 否 打 算 重 返 公 牛 队	但   是   他   不   肯   透   露   是   否   打   算   重   返   公   牛   队	0	0	0
/opt/gpfs/users/shuai/work/block-conversion-b2/OmniVoice/results_b2_final_gs3p0/seedtts_zh/00005324-00000077.wav	0.0	能 省 一 点 我 们 多 挣 一 点 吧 本 来 现 在 利 润 也 不 高	能   省   一   点   我   们   多   挣   一   点   吧   本   来   现   在   利   润   也   不   高	0	0	0
/opt/gpfs/users/shuai/work/block-conversion-b2/OmniVoice/results_b2_final_gs3p0/seedtts_zh/00005325-00000001.wav	0.09523809523809523	你 用 这 些 花 给 你 大 哥 点 缀 天 廷 给 你 二 哥 增 色 江 山	呃   你   用   这   些   花   给   你   大   哥   点   缀   天   庭   给   你   二   哥   增   色   江   山	1	0	1
/opt/gpfs/users/shuai/work/block-conversion-b2/OmniVoice/results_b2_final_gs3p0/seedtts_zh/00005325-00000111.wav	0.058823529411764705	但 是 行 走 于 台 北 东 区 的 感 觉 有 点 不 一 样	哦   但   是   行   走   于   台   北   东   区   的   感   觉   有   点   不   一   样	1	0	0
/opt/gpfs/users/shuai/work/block-conversion-b2/OmniVoice/results_b2_final_gs3p0/seedtts_zh/00005326-00000026.wav	0.0	死 因 一 说 精 神 错 乱 溺 水 而 死 一 说 因 急 性 肠 炎 不 治 而 死	死   因   一   说   精   神   错   乱   溺   水   而   死   一   说   因   急   性   肠   炎   不   治   而   死	0	0	0
/opt/gpfs/users/shuai/work/block-conversion-b2/OmniVoice/results_b2_final_gs3p0/seedtts_zh/00005326-00000052.wav	0.03571428571428571	凯 特 王 妃 所 穿 的 这 条 蕾 丝 长 袖 婚 纱 可 谓 是 曝 光 度 最 高 的 婚 纱 之 一	凯   特   王   菲   所   穿   的   这   条   蕾   丝   长   袖   婚   纱   可   谓   是   曝   光   度   最   高   的   婚   纱   之   一	0	0	1
/opt/gpfs/users/shuai/work/block-conversion-b2/OmniVoice/results_b2_final_gs3p0/seedtts_zh/00005327-00000008.wav	0.04	不 过 旁 人 看 来 那 不 过 是 一 种 可 怜 渺 小 变 幻 无 常 的 爱 恋 罢 了	啊   不   过   旁   人   看   来   那   不   过   是   一   种   可   怜   渺   小   变   幻   无   常   的   爱   恋   罢   了	1	0	0
/opt/gpfs/users/shuai/work/block-conversion-b2/OmniVoice/results_b2_final_gs3p0/seedtts_zh/00005327-00000028.wav	0.05555555555555555	很 简 单 坐 直 达 车 到 泰 安 然 后 买 票 去 爬 泰 山	啊   很   简   单   坐   直   达   车   到   泰   安   然   后   买   票   去   爬   泰   山	1	0	0
/opt/gpfs/users/shuai/work/block-conversion-b2/OmniVoice/results_b2_final_gs3p0/seedtts_zh/00005328-00000114.wav	0.03571428571428571	尾 号 三 九 二 六 的 乘 客 刚 夸 了 你 爆 竹 声 中 一 岁 除 中 点 赞 中 国 好 师 傅	尾   号   三   九   二   六   的   乘   客   刚   夸   了   你   爆   竹   声   中   一   岁   初   中   点   赞   中   国   好   师   傅	0	0	1
/opt/gpfs/users/shuai/work/block-conversion-b2/OmniVoice/results_b2_final_gs3p0/seedtts_zh/00005328-00000023.wav	0.0	又 云 世 上 没 有 无 缘 无 故 的 恨 也 没 有 无 缘 无 故 的 爱	又   云   世   上   没   有   无   缘   无   故   的   恨   也   没   有   无   缘   无   故   的   爱	0	0	0
/opt/gpfs/users/shuai/work/block-conversion-b2/OmniVoice/results_b2_final_gs3p0/seedtts_zh/00005329-00000011.wav	0.0	其 中 包 括 高 超 音 速 滑 翔 飞 行 器 和 超 音 速 燃 烧 冲 压 发 动 机 飞 行 器	其   中   包   括   高   超   音   速   滑   翔   飞   行   器   和   超   音   速   燃   烧   冲   压   发   动   机   飞   行   器	0	0	0
/opt/gpfs/users/shuai/work/block-conversion-b2/OmniVoice/results_b2_final_gs3p0/seedtts_zh/00005329-00000042.wav	0.0	该 物 质 被 世 界 卫 生 组 织 划 定 为 一 类 致 癌 物	该   物   质   被   世   界   卫   生   组   织   划   定   为   一   类   致   癌   物	0	0	0
/opt/gpfs/users/shuai/work/block-conversion-b2/OmniVoice/results_b2_final_gs3p0/seedtts_zh/00005330-00000115.wav	0.0	民 宿 女 主 人 亲 切 招 呼 赏 花 访 客 让 大 家 宽 心 感 谢	民   宿   女   主   人   亲   切   招   呼   赏   花   访   客   让   大   家   宽   心   感   谢	0	0	0
/opt/gpfs/users/shuai/work/block-conversion-b2/OmniVoice/results_b2_final_gs3p0/seedtts_zh/00005330-00000028.wav	0.0	很 快 淡 水 又 回 到 河 流 里 贝 壳 和 蛙 鱼 也 重 返 沿 海	很   快   淡   水   又   回   到   河   流   里   贝   壳   和   蛙   鱼   也   重   返   沿   海	0	0	0
/opt/gpfs/users/shuai/work/block-conversion-b2/OmniVoice/results_b2_final_gs3p0/seedtts_zh/00005331-00000003.wav	0.0	沙 坡 头 很 好 玩 可 以 去 见 识 下 大 沙 漠 风 景	沙   坡   头   很   好   玩   可   以   去   见   识   下   大   沙   漠   风   景	0	0	0
/opt/gpfs/users/shuai/work/block-conversion-b2/OmniVoice/results_b2_final_gs3p0/seedtts_zh/00005331-00000051.wav	0.0	中 方 希 望 相 关 方 面 在 海 湾 国 家 框 架 内	中   方   希   望   相   关   方   面   在   海   湾   国   家   框   架   内	0	0	0
/opt/gpfs/users/shuai/work/block-conversion-b2/OmniVoice/results_b2_final_gs3p0/seedtts_zh/00005332-00000098.wav	1.0	排 外 加 民 醋 的 浓 烈 基 调 较 竞 选 期 间 有 过 之 而 无 不 及	Y Y   减	0	19	3
/opt/gpfs/users/shuai/work/block-conversion-b2/OmniVoice/results_b2_final_gs3p0/seedtts_zh/00005332-00000032.wav	0.058823529411764705	在 今 年 二 月 份 做 客 央 视 遇 见 大 咖 节 目 时	啊   在   今   年   二   月   份   做   客   央   视   遇   见   大   咖   节   目   时	1	0	0
/opt/gpfs/users/shuai/work/block-conversion-b2/OmniVoice/results_b2_final_gs3p0/seedtts_zh/00005333-00000061.wav	0.041666666666666664	六 是 妥 善 解 决 一 些 资 产 重 组 企 业 的 债 务 银 行 贷 款 等 问 题	呃   六   是   妥   善   解   决   一   些   资   产   重   组   企   业   的   债   务   银   行   贷   款   等   问   题	1	0	0
/opt/gpfs/users/shuai/work/block-conversion-b2/OmniVoice/results_b2_final_gs3p0/seedtts_zh/00005333-00000034.wav	0.04	其 中 又 有 大 部 分 百 分 之 四 十 一 点 九 认 为 由 该 品 牌 影 楼 拍 摄	呃   其   中   又   有   大   部   分   百   分   之   四   十   一   点   九   认   为   由   该   品   牌   影   楼   拍   摄	1	0	0
/opt/gpfs/users/shuai/work/block-conversion-b2/OmniVoice/results_b2_final_gs3p0/seedtts_zh/00005334-00000017.wav	0.047619047619047616	在 金 盆 湾 彭 德 怀 问 教 导 旅 旅 长 罗 元 发 能 坚 持 几 天	哦   在   金   盆   湾   彭   德   怀   问   教   导   旅   旅   长   罗   元   发   能   坚   持   几   天	1	0	0
/opt/gpfs/users/shuai/work/block-conversion-b2/OmniVoice/results_b2_final_gs3p0/seedtts_zh/00005334-00000034.wav	0.0	而 网 友 还 能 看 清 掏 手 机 的 动 作 实 在 是 眼 力 了 得 啊	而   网   友   还   能   看   清   掏   手   机   的   动   作   实   在   是   眼   力   了   得   啊	0	0	0
/opt/gpfs/users/shuai/work/block-conversion-b2/OmniVoice/results_b2_final_gs3p0/seedtts_zh/00005335-00000100.wav	0.045454545454545456	照 片 中 李 弘 基 和 张 根 硕 两 人 站 在 中 间 做 可 爱 咧 嘴 状	照   片   中   李   宏   基   和   张   根   硕   两   人   站   在   中   间   做   可   爱   咧   嘴   状	0	0	1
/opt/gpfs/users/shuai/work/block-conversion-b2/OmniVoice/results_b2_final_gs3p0/seedtts_zh/00005335-00000090.wav	0.0	而 他 也 用 大 胆 挑 战 刀 疤 毁 容 造 型 的 方 式 立 刻 证 明 自 己	而   他   也   用   大   胆   挑   战   刀   疤   毁   容   造   型   的   方   式   立   刻   证   明   自   己	0	0	0
/opt/gpfs/users/shuai/work/block-conversion-b2/OmniVoice/results_b2_final_gs3p0/seedtts_zh/00005336-00000036.wav	0.0	但 是 如 今 大 部 分 的 跨 洋 货 运 还 是 靠 轮 船	但   是   如   今   大   部   分   的   跨   洋   货   运   还   是   靠   轮   船	0	0	0
/opt/gpfs/users/shuai/work/block-conversion-b2/OmniVoice/results_b2_final_gs3p0/seedtts_zh/00005336-00000108.wav	0.037037037037037035	抓 好 分 量 如 果 要 准 备 十 二 人 份 开 胃 菜 则 把 四 人 份 菜 谱 做 成 三 倍	呃   抓   好   分   量   如   果   要   准   备   十   二   人   份   开   胃   菜   则   把   四   人   份   菜   谱   做   成   三   倍	1	0	0
/opt/gpfs/users/shuai/work/block-conversion-b2/OmniVoice/results_b2_final_gs3p0/seedtts_zh/00005337-00000088.wav	0.043478260869565216	他 悲 痛 万 分 每 天 干 活 躺 在 床 上 就 是 辗 转 反 侧 夜 不 能 寐	呃   他   悲   痛   万   分   每   天   干   活   躺   在   床   上   就   是   辗   转   反   侧   夜   不   能   寐	1	0	0
/opt/gpfs/users/shuai/work/block-conversion-b2/OmniVoice/results_b2_final_gs3p0/seedtts_zh/00005337-00000117.wav	0.043478260869565216	女 店 员 还 说 该 液 体 有 刺 鼻 气 味 触 摸 后 皮 肤 会 发 痒 肿 痛	啊   女   店   员   还   说   该   液   体   有   刺   鼻   气   味   触   摸   后   皮   肤   会   发   痒   肿   痛	1	0	0
/opt/gpfs/users/shuai/work/block-conversion-b2/OmniVoice/results_b2_final_gs3p0/seedtts_zh/00005338-00000066.wav	0.0	羽 毛 还 没 长 全 的 翅 膀 那 里 的 轮 廓 就 像 刺 一 样 竖 着	羽   毛   还   没   长   全   的   翅   膀   那   里   的   轮   廓   就   像   刺   一   样   竖   着	0	0	0
/opt/gpfs/users/shuai/work/block-conversion-b2/OmniVoice/results_b2_final_gs3p0/seedtts_zh/00005338-00000011.wav	0.0	公 司 并 未 获 取 用 户 电 话 号 码 这 一 个 敏 感 信 息	公   司   并   未   获   取   用   户   电   话   号   码   这   一   个   敏   感   信   息	0	0	0
/opt/gpfs/users/shuai/work/block-conversion-b2/OmniVoice/results_b2_final_gs3p0/seedtts_zh/00005339-00000120.wav	0.043478260869565216	安 斯 特 尔 比 大 铁 厂 丹 纳 姆 拉 银 矿 和 安 比 胡 斯 古 代 王 宫	呃   安   斯   特   尔   比   大   铁   厂   丹   纳   姆   拉   银   矿   和   安   比   胡   斯   古   代   王   宫	1	0	0
/opt/gpfs/users/shuai/work/block-conversion-b2/OmniVoice/results_b2_final_gs3p0/seedtts_zh/00005339-00000105.wav	0.0	他 大 声 呼 唤 妈 妈 声 音 穿 过 重 重 岩 层 传 入 三 娘 耳 中	他   大   声   呼   唤   妈   妈   声   音   穿   过   重   重   岩   层   传   入   三   娘   耳   中	0	0	0
/opt/gpfs/users/shuai/work/block-conversion-b2/OmniVoice/results_b2_final_gs3p0/seedtts_zh/00005340-00000005.wav	0.041666666666666664	窗 帘 几 乎 全 烧 光 了 挂 窗 帘 的 棍 被 烧 得 通 红 四 边 全 是 火 焰	啊   窗   帘   几   乎   全   烧   光   了   挂   窗   帘   的   棍   被   烧   得   通   红   四   边   全   是   火   焰	1	0	0
/opt/gpfs/users/shuai/work/block-conversion-b2/OmniVoice/results_b2_final_gs3p0/seedtts_zh/00005340-00000034.wav	0.0	于 是 他 问 岳 母 是 否 也 想 变 成 个 十 八 岁 的 少 女 跳 来 跳 去	于   是   他   问   岳   母   是   否   也   想   变   成   个   十   八   岁   的   少   女   跳   来   跳   去	0	0	0
/opt/gpfs/users/shuai/work/block-conversion-b2/OmniVoice/results_b2_final_gs3p0/seedtts_zh/00005341-00000057.wav	0.0	我 现 在 才 明 白 原 来 他 这 仅 仅 局 限 于 工 作	我   现   在   才   明   白   原   来   他   这   仅   仅   局   限   于   工   作	0	0	0
/opt/gpfs/users/shuai/work/block-conversion-b2/OmniVoice/results_b2_final_gs3p0/seedtts_zh/00005341-00000081.wav	0.0	一 会 给 你 们 发 链 接 那 辆 车 差 一 点 撞 到 我	一   会   给   你   们   发   链   接   那   辆   车   差   一   点   撞   到   我	0	0	0
/opt/gpfs/users/shuai/work/block-conversion-b2/OmniVoice/results_b2_final_gs3p0/seedtts_zh/00005342-00000004.wav	0.0	不 仅 要 有 延 安 以 来 的 工 农 兵 文 艺 还 要 有 五 四 以 来 的 新 文 学	不   仅   要   有   延   安   以   来   的   工   农   兵   文   艺   还   要   有   五   四   以   来   的   新   文   学	0	0	0
/opt/gpfs/users/shuai/work/block-conversion-b2/OmniVoice/results_b2_final_gs3p0/seedtts_zh/00005342-00000059.wav	0.08695652173913043	而 令 论 计 划 论 谋 略 都 与 江 泽 民 的 军 师 曾 庆 红 相 距 甚 远	而   另   论   计   划   论   谋   略   都   与   江   泽   民   的   军   师   曾   庆   洪   相   距   甚   远	0	0	2
/opt/gpfs/users/shuai/work/block-conversion-b2/OmniVoice/results_b2_final_gs3p0/seedtts_zh/00005343-00000045.wav	0.0	并 依 靠 颜 料 与 面 料 来 体 现 浪 漫 柔 软 的 感 觉	并   依   靠   颜   料   与   面   料   来   体   现   浪   漫   柔   软   的   感   觉	0	0	0
/opt/gpfs/users/shuai/work/block-conversion-b2/OmniVoice/results_b2_final_gs3p0/seedtts_zh/00005343-00000100.wav	0.13636363636363635	嗷 嗷 嗷 怪 兽 咆 哮 着 站 了 起 来 迈 开 双 腿 便 要 离 开 这 里	怪   兽   咆   哮   着   站   了   起   来   迈   开   双   腿   便   要   离   开   这   里	0	3	0
/opt/gpfs/users/shuai/work/block-conversion-b2/OmniVoice/results_b2_final_gs3p0/seedtts_zh/00005344-00000092.wav	0.0	央 视 近 日 点 名 苏 宁 投 资 海 外 足 球 俱 乐 部 有 洗 钱 嫌 疑	央   视   近   日   点   名   苏   宁   投   资   海   外   足   球   俱   乐   部   有   洗   钱   嫌   疑	0	0	0
/opt/gpfs/users/shuai/work/block-conversion-b2/OmniVoice/results_b2_final_gs3p0/seedtts_zh/00005344-00000056.wav	0.0	二 条 城 建 筑 引 人 秋 冬 季 节 枫 树 和 银 杏 转 红 秋 色 更 叫 人 迷 醉	二   条   城   建   筑   引   人   秋   冬   季   节   枫   树   和   银   杏   转   红   秋   色   更   叫   人   迷   醉	0	0	0
/opt/gpfs/users/shuai/work/block-conversion-b2/OmniVoice/results_b2_final_gs3p0/seedtts_zh/00005345-00000058.wav	0.045454545454545456	好 几 天 没 洗 汗 味 药 味 刺 鼻 我 的 身 子 脏 得 像 个 垃 圾 桶	好   几   天   没   洗   汗   味   药   味   刺   鼻   我   的   身   子   脏   的   像   个   垃   圾   桶	0	0	1
/opt/gpfs/users/shuai/work/block-conversion-b2/OmniVoice/results_b2_final_gs3p0/seedtts_zh/00005345-00000104.wav	0.0	外 表 攀 附 着 超 过 两 百 种 类 别 深 浅 大 小 不 一 的 热 带 攀 缘 植 物	外   表   攀   附   着   超   过   两   百   种   类   别   深   浅   大   小   不   一   的   热   带   攀   缘   植   物	0	0	0
/opt/gpfs/users/shuai/work/block-conversion-b2/OmniVoice/results_b2_final_gs3p0/seedtts_zh/00005346-00000041.wav	0.0	德 赖 福 饰 演 的 罗 根 兄 弟 打 算 实 施 一 次 抢 劫 以 发 家 致 富	德   赖   福   饰   演   的   罗   根   兄   弟   打   算   实   施   一   次   抢   劫   以   发   家   致   富	0	0	0
/opt/gpfs/users/shuai/work/block-conversion-b2/OmniVoice/results_b2_final_gs3p0/seedtts_zh/00005346-00000002.wav	0.0	其 实 我 蛮 爱 拍 电 影 这 半 年 有 很 多 人 找 我 去 拍 电 影	其   实   我   蛮   爱   拍   电   影   这   半   年   有   很   多   人   找   我   去   拍   电   影	0	0	0
/opt/gpfs/users/shuai/work/block-conversion-b2/OmniVoice/results_b2_final_gs3p0/seedtts_zh/00005347-00000052.wav	0.0	同 时 今 年 禽 肉 和 禽 蛋 价 格 下 跌 也 替 代 了 一 部 分 猪 肉 消 费	同   时   今   年   禽   肉   和   禽   蛋   价   格   下   跌   也   替   代   了   一   部   分   猪   肉   消   费	0	0	0
/opt/gpfs/users/shuai/work/block-conversion-b2/OmniVoice/results_b2_final_gs3p0/seedtts_zh/00005347-00000053.wav	0.13636363636363635	扰 攘 五 小 时 后 男 子 开 始 态 度 软 化 放 下 菜 刀 自 愿 开 门	哦   然   后   五   小   时   后   男   子   开   始   态   度   软   化   放   下   菜   刀   自   愿   开   门	1	0	2
/opt/gpfs/users/shuai/work/block-conversion-b2/OmniVoice/results_b2_final_gs3p0/seedtts_zh/00005348-00000021.wav	0.0	当 你 在 制 造 一 件 产 品 时 谈 论 爱 有 点 荒 谬 可 笑	当   你   在   制   造   一   件   产   品   时   谈   论   爱   有   点   荒   谬   可   笑	0	0	0
/opt/gpfs/users/shuai/work/block-conversion-b2/OmniVoice/results_b2_final_gs3p0/seedtts_zh/00005348-00000090.wav	0.0	据 说 他 八 岁 的 时 候 就 曾 向 父 亲 请 教 佛 为 何 物	据   说   他   八   岁   的   时   候   就   曾   向   父   亲   请   教   佛   为   何   物	0	0	0
/opt/gpfs/users/shuai/work/block-conversion-b2/OmniVoice/results_b2_final_gs3p0/seedtts_zh/00005349-00000095.wav	0.0	熊 猫 先 生 又 把 另 一 副 眼 镜 递 给 小 鼹 鼠 当 你 要 去 找 小 象 玩 时	熊   猫   先   生   又   把   另   一   副   眼   镜   递   给   小   鼹   鼠   当   你   要   去   找   小   象   玩   时	0	0	0
/opt/gpfs/users/shuai/work/block-conversion-b2/OmniVoice/results_b2_final_gs3p0/seedtts_zh/00005349-00000014.wav	0.0	来 到 靠 着 他 姨 妈 牛 圈 后 面 的 一 条 泥 泞 巷 子 里	来   到   靠   着   他   姨   妈   牛   圈   后   面   的   一   条   泥   泞   巷   子   里	0	0	0
/opt/gpfs/users/shuai/work/block-conversion-b2/OmniVoice/results_b2_final_gs3p0/seedtts_zh/00005350-00000028.wav	0.0	会 造 成 喉 头 水 肿 支 气 管 痉 挛 低 血 压 心 肌 缺 血 心 律 不 整	会   造   成   喉   头   水   肿   支   气   管   痉   挛   低   血   压   心   肌   缺   血   心   律   不   整	0	0	0
/opt/gpfs/users/shuai/work/block-conversion-b2/OmniVoice/results_b2_final_gs3p0/seedtts_zh/00005350-00000025.wav	0.037037037037037035	延 长 合 同 年 限 并 提 高 离 队 违 约 金 数 额 为 防 止 其 他 欧 洲 豪 门 挖 角	呃   延   长   合   同   年   限   并   提   高   离   队   违   约   金   数   额   为   防   止   其   他   欧   洲   豪   门   挖   角	1	0	0
/opt/gpfs/users/shuai/work/block-conversion-b2/OmniVoice/results_b2_final_gs3p0/seedtts_zh/00005351-00000014.wav	0.06896551724137931	我 带 领 仅 存 的 几 只 蚂 蚁 离 开 了 那 座 硕 大 的 城 市 回 归 我 补 古 朴 的 家 园	我   我   我   带   领   仅   存   的   几   只   蚂   蚁   离   开   了   那   座   硕   大   的   城   市   回   归   我   补   古   朴   的   家   园	2	0	0
/opt/gpfs/users/shuai/work/block-conversion-b2/OmniVoice/results_b2_final_gs3p0/seedtts_zh/00005351-00000040.wav	0.043478260869565216	我 猜 是 今 天 温 湿 度 比 较 高 的 原 因 看 我 额 头 上 全 都 是 汗	喂   我   猜   是   今   天   温   湿   度   比   较   高   的   原   因   看   我   额   头   上   全   都   是   汗	1	0	0
/opt/gpfs/users/shuai/work/block-conversion-b2/OmniVoice/results_b2_final_gs3p0/seedtts_zh/00005352-00000004.wav	0.0	邻 居 铃 木 医 生 已 用 木 炭 条 在 他 胸 口 画 了 一 个 表 明 心 脏 所 在 的 圆 圈	邻   居   铃   木   医   生   已   用   木   炭   条   在   他   胸   口   画   了   一   个   表   明   心   脏   所   在   的   圆   圈	0	0	0
/opt/gpfs/users/shuai/work/block-conversion-b2/OmniVoice/results_b2_final_gs3p0/seedtts_zh/00005352-00000022.wav	0.0	这 星 期 到 目 前 为 止 我 已 经 犯 了 三 个 严 重 的 错 误 了	这   星   期   到   目   前   为   止   我   已   经   犯   了   三   个   严   重   的   错   误   了	0	0	0
/opt/gpfs/users/shuai/work/block-conversion-b2/OmniVoice/results_b2_final_gs3p0/seedtts_zh/00005353-00000058.wav	0.0	中 央 型 腰 椎 间 盘 突 出 有 大 小 便 功 能 障 碍 者	中   央   型   腰   椎   间   盘   突   出   有   大   小   便   功   能   障   碍   者	0	0	0
/opt/gpfs/users/shuai/work/block-conversion-b2/OmniVoice/results_b2_final_gs3p0/seedtts_zh/00005353-00000098.wav	0.0	关 于 以 法 治 思 维 理 清 麻 将 娱 乐 与 麻 将 赌 博 的 界 限	关   于   以   法   治   思   维   理   清   麻   将   娱   乐   与   麻   将   赌   博   的   界   限	0	0	0
/opt/gpfs/users/shuai/work/block-conversion-b2/OmniVoice/results_b2_final_gs3p0/seedtts_zh/00005354-00000007.wav	0.047619047619047616	用 球 杆 打 白 球 白 球 打 到 彩 球 你 要 把 彩 球 打 进 洞 里	呃   用   球   杆   打   白   球   白   球   打   到   彩   球   你   要   把   彩   球   打   进   洞   里	1	0	0
/opt/gpfs/users/shuai/work/block-conversion-b2/OmniVoice/results_b2_final_gs3p0/seedtts_zh/00005354-00000021.wav	0.0	顾 总 是 准 备 要 亲 自 参 加 我 们 的 会 议 吗	顾   总   是   准   备   要   亲   自   参   加   我   们   的   会   议   吗	0	0	0
/opt/gpfs/users/shuai/work/block-conversion-b2/OmniVoice/results_b2_final_gs3p0/seedtts_zh/00005357-00000021.wav	0.043478260869565216	他 改 写 科 幻 小 说 出 版 六 七 本 销 量 不 恶 却 无 法 忘 情 武 侠	他   改   写   科   幻   小   说   出   版   六   七   本   销   量   不   饿   却   无   法   忘   情   武   侠	0	0	1
/opt/gpfs/users/shuai/work/block-conversion-b2/OmniVoice/results_b2_final_gs3p0/seedtts_zh/00005357-00000014.wav	0.0	伟 伟 慢 慢 来 到 小 微 笑 身 边 往 四 周 看 看 做 贼 心 虚 怕 人 瞧 见	伟   伟   慢   慢   来   到   小   微   笑   身   边   往   四   周   看   看   做   贼   心   虚   怕   人   瞧   见	0	0	0
/opt/gpfs/users/shuai/work/block-conversion-b2/OmniVoice/results_b2_final_gs3p0/seedtts_zh/00005358-00000044.wav	0.05555555555555555	我 们 的 心 头 热 乎 乎 的 更 是 感 到 骄 傲 又 惭 愧	啊   我   们   的   心   头   热   乎   乎   的   更   是   感   到   骄   傲   又   惭   愧	1	0	0
/opt/gpfs/users/shuai/work/block-conversion-b2/OmniVoice/results_b2_final_gs3p0/seedtts_zh/00005358-00000040.wav	0.034482758620689655	调 整 海 外 购 买 住 宅 征 收 额 外 印 花 税 率 百 分 之 三 调 整 到 百 分 之 七 而 言	呃   调   整   海   外   购   买   住   宅   征   收   额   外   印   花   税   率   百   分   之   三   调   整   到   百   分   之   七   而   言	1	0	0
/opt/gpfs/users/shuai/work/block-conversion-b2/OmniVoice/results_b2_final_gs3p0/seedtts_zh/00005359-00000043.wav	0.047619047619047616	当 时 泰 山 脚 下 的 人 常 为 鸡 毛 蒜 皮 的 小 事 争 呀 吵 呀	哦   当   时   泰   山   脚   下   的   人   常   为   鸡   毛   蒜   皮   的   小   事   争   呀   吵   呀	1	0	0
/opt/gpfs/users/shuai/work/block-conversion-b2/OmniVoice/results_b2_final_gs3p0/seedtts_zh/00005359-00000093.wav	0.0	回 顾 中 国 历 史 正 统 王 朝 一 共 有 过 二 三 一 位 皇 帝	回   顾   中   国   历   史   正   统   王   朝   一   共   有   过   二   三   一   位   皇   帝	0	0	0
/opt/gpfs/users/shuai/work/block-conversion-b2/OmniVoice/results_b2_final_gs3p0/seedtts_zh/00005360-00000068.wav	0.0	没 有 找 到 长 春 电 台 资 源 可 以 换 一 个 试 一 试	没   有   找   到   长   春   电   台   资   源   可   以   换   一   个   试   一   试	0	0	0
/opt/gpfs/users/shuai/work/block-conversion-b2/OmniVoice/results_b2_final_gs3p0/seedtts_zh/00005360-00000005.wav	0.0	这 回 这 回 领 土 问 题 台 独 媒 体 站 在 印 度 一 边	这   回   这   回   领   土   问   题   台   独   媒   体   站   在   印   度   一   边	0	0	0
/opt/gpfs/users/shuai/work/block-conversion-b2/OmniVoice/results_b2_final_gs3p0/seedtts_zh/00005361-00000094.wav	0.0	那 是 我 精 通 的 事 你 要 举 办 派 对 绝 对 少 不 了 我	那   是   我   精   通   的   事   你   要   举   办   派   对   绝   对   少   不   了   我	0	0	0
/opt/gpfs/users/shuai/work/block-conversion-b2/OmniVoice/results_b2_final_gs3p0/seedtts_zh/00005361-00000120.wav	0.047619047619047616	这 样 的 餐 费 你 晚 餐 都 连 胡 须 张 卤 肉 饭 都 吃 不 起 捏	这   样   的   餐   费   你   晚   餐   都   连   胡   须   张   卤   肉   饭   都   吃   不   起	0	1	0
/opt/gpfs/users/shuai/work/block-conversion-b2/OmniVoice/results_b2_final_gs3p0/seedtts_zh/00005362-00000006.wav	0.045454545454545456	保 证 了 他 们 周 刊 的 安 全 以 及 保 证 了 魏 勇 个 人 的 职 位	啊   保   证   了   他   们   周   刊   的   安   全   以   及   保   证   了   魏   勇   个   人   的   职   位	1	0	0
/opt/gpfs/users/shuai/work/block-conversion-b2/OmniVoice/results_b2_final_gs3p0/seedtts_zh/00005362-00000036.wav	0.09090909090909091	其 中 两 架 于 日 本 当 地 时 间 十 八 日 下 午 抵 达 岩 国 基 地	啊   其   中   两   架   于   日   本   当   地   时   间   十   八   日   下   午   抵   达   盐   国   基   地	1	0	1
/opt/gpfs/users/shuai/work/block-conversion-b2/OmniVoice/results_b2_final_gs3p0/seedtts_zh/00005364-00000072.wav	0.0	对 于 隔 音 有 要 求 的 可 以 选 择 中 空 玻 璃 相 关 推 荐	对   于   隔   音   有   要   求   的   可   以   选   择   中   空   玻   璃   相   关   推   荐	0	0	0
/opt/gpfs/users/shuai/work/block-conversion-b2/OmniVoice/results_b2_final_gs3p0/seedtts_zh/00005364-00000108.wav	0.0	但 市 场 仍 预 期 美 国 货 币 政 策 正 常 化 过 程 将 十 分 缓 慢	但   市   场   仍   预   期   美   国   货   币   政   策   正   常   化   过   程   将   十   分   缓   慢	0	0	0
/opt/gpfs/users/shuai/work/block-conversion-b2/OmniVoice/results_b2_final_gs3p0/seedtts_zh/00005365-00000119.wav	0.0	我 头 皮 发 麻 一 股 冷 气 从 尾 椎 顺 着 脊 梁 直 往 上 冒	我   头   皮   发   麻   一   股   冷   气   从   尾   椎   顺   着   脊   梁   直   往   上   冒	0	0	0
/opt/gpfs/users/shuai/work/block-conversion-b2/OmniVoice/results_b2_final_gs3p0/seedtts_zh/00005365-00000072.wav	0.0	这 场 戏 是 一 镜 到 底 很 长 导 演 说 可 能 还 要 再 切 这 切 那	这   场   戏   是   一   镜   到   底   很   长   导   演   说   可   能   还   要   再   切   这   切   那	0	0	0
/opt/gpfs/users/shuai/work/block-conversion-b2/OmniVoice/results_b2_final_gs3p0/seedtts_zh/00005366-00000084.wav	0.0	记 住 按 住 穴 位 一 旦 出 现 酸 麻 的 感 觉 那 么 才 证 明 有 效 果	记   住   按   住   穴   位   一   旦   出   现   酸   麻   的   感   觉   那   么   才   证   明   有   效   果	0	0	0
/opt/gpfs/users/shuai/work/block-conversion-b2/OmniVoice/results_b2_final_gs3p0/seedtts_zh/00005366-00000087.wav	0.0	引 起 牙 痛 的 牙 病 主 要 包 括 龋 齿 牙 髓 炎 牙 周 炎 等	引   起   牙   痛   的   牙   病   主   要   包   括   龋   齿   牙   髓   炎   牙   周   炎   等	0	0	0
/opt/gpfs/users/shuai/work/block-conversion-b2/OmniVoice/results_b2_final_gs3p0/seedtts_zh/00005367-00000113.wav	0.13043478260869565	十 九 岁 女 生 钥 匙 遭 拔 全 身 被 摸 留 老 板 娘 电 话 逮 到 恶 狼	啊   十   九   岁   女   生   钥   匙   糟   拔   全   身   被   摸   留   老   板   娘   电   话   逮   到   饿   狼	1	0	2
/opt/gpfs/users/shuai/work/block-conversion-b2/OmniVoice/results_b2_final_gs3p0/seedtts_zh/00005367-00000046.wav	0.1111111111111111	是 的 停 车 场 有 录 像 监 控 我 的 车 很 安 全 请 进	呃   是   的   停   车   场   有   录   像   监   控   我   的   车   很   安   全   请   记	1	0	1
/opt/gpfs/users/shuai/work/block-conversion-b2/OmniVoice/results_b2_final_gs3p0/seedtts_zh/00005368-00000076.wav	0.0	以 唤 醒 女 性 内 心 原 始 而 纯 净 的 神 秘 与 浪 漫 为 线 索	以   唤   醒   女   性   内   心   原   始   而   纯   净   的   神   秘   与   浪   漫   为   线   索	0	0	0
/opt/gpfs/users/shuai/work/block-conversion-b2/OmniVoice/results_b2_final_gs3p0/seedtts_zh/00005368-00000031.wav	0.0	晨 晨 二 十 八 日 来 到 海 洋 公 园 与 海 豚 亲 密 接 触	晨   晨   二   十   八   日   来   到   海   洋   公   园   与   海   豚   亲   密   接   触	0	0	0
/opt/gpfs/users/shuai/work/block-conversion-b2/OmniVoice/results_b2_final_gs3p0/seedtts_zh/00005369-00000072.wav	0.045454545454545456	简 单 地 说 这 相 当 于 惠 普 把 消 费 领 域 市 场 拱 手 相 让 了	简   单   的   说   这   相   当   于   惠   普   把   消   费   领   域   市   场   拱   手   相   让   了	0	0	1
/opt/gpfs/users/shuai/work/block-conversion-b2/OmniVoice/results_b2_final_gs3p0/seedtts_zh/00005369-00000019.wav	0.047619047619047616	我 忘 了 我 忍 受 了 什 么 既 然 如 此 我 就 接 受 这 些 花 了	哦   我   忘   了   我   忍   受   了   什   么   既   然   如   此   我   就   接   受   这   些   花   了	1	0	0
/opt/gpfs/users/shuai/work/block-conversion-b2/OmniVoice/results_b2_final_gs3p0/seedtts_zh/00005370-00000076.wav	0.038461538461538464	新 娘 是 一 位 俄 国 公 主 坐 着 六 只 驯 鹿 拉 的 雪 车 从 芬 兰 一 路 而 来	啊   新   娘   是   一   位   俄   国   公   主   坐   着   六   只   驯   鹿   拉   的   雪   车   从   芬   兰   一   路   而   来	1	0	0
/opt/gpfs/users/shuai/work/block-conversion-b2/OmniVoice/results_b2_final_gs3p0/seedtts_zh/00005370-00000017.wav	0.08	日 光 小 姐 生 涯 令 翁 秀 敏 印 象 最 深 的 是 春 节 无 法 和 家 人 团 圆	呃   日   光   小   姐   生   涯   令   翁   秀   敏   印   象   最   深   的   是   春   节   无   法   和   家   人   团   圆   啊	2	0	0
/opt/gpfs/users/shuai/work/block-conversion-b2/OmniVoice/results_b2_final_gs3p0/seedtts_zh/00005371-00000106.wav	0.058823529411764705	商 讨 应 采 用 何 种 方 式 加 强 两 国 军 事 合 作	呃   商   讨   应   采   用   何   种   方   式   加   强   两   国   军   事   合   作	1	0	0
/opt/gpfs/users/shuai/work/block-conversion-b2/OmniVoice/results_b2_final_gs3p0/seedtts_zh/00005371-00000082.wav	0.08333333333333333	建 议 您 清 除 缓 存 更 换 四 Ｇ 网 络 或 查 看 网 络 信 号 是 否 畅 通	呃   建   议   您   清   除   缓   存   更   换   四   g   网   络   或   查   看   网   络   信   号   是   否   畅   通	1	0	1
/opt/gpfs/users/shuai/work/block-conversion-b2/OmniVoice/results_b2_final_gs3p0/seedtts_zh/00005372-00000094.wav	0.0	眼 保 健 操 的 精 髓 就 在 于 按 摩 了 眼 部 周 围 的 几 个 重 要 的 穴 位	眼   保   健   操   的   精   髓   就   在   于   按   摩   了   眼   部   周   围   的   几   个   重   要   的   穴   位	0	0	0
/opt/gpfs/users/shuai/work/block-conversion-b2/OmniVoice/results_b2_final_gs3p0/seedtts_zh/00005372-00000097.wav	0.08695652173913043	设 计 师 叶 谦 希 望 不 战 时 装 系 列 能 像 其 他 文 艺 门 类 一 样	啊   设   计   师   叶   谦   希   望   不   占   时   装   系   列   能   像   其   他   文   艺   门   类   一   样	1	0	1
/opt/gpfs/users/shuai/work/block-conversion-b2/OmniVoice/results_b2_final_gs3p0/seedtts_zh/00005376-00000006.wav	0.0	大 象 甩 甩 万 能 鼻 再 对 着 懒 巫 婆 的 脸 喷 出 一 股 水 雾	大   象   甩   甩   万   能   鼻   再   对   着   懒   巫   婆   的   脸   喷   出   一   股   水   雾	0	0	0
/opt/gpfs/users/shuai/work/block-conversion-b2/OmniVoice/results_b2_final_gs3p0/seedtts_zh/00005376-00000034.wav	0.0	但 警 方 怀 疑 曾 嫌 受 某 女 性 客 人 委 托 故 意 去 挑 衅 开 枪 示 威	但   警   方   怀   疑   曾   嫌   受   某   女   性   客   人   委   托   故   意   去   挑   衅   开   枪   示   威	0	0	0
/opt/gpfs/users/shuai/work/block-conversion-b2/OmniVoice/results_b2_final_gs3p0/seedtts_zh/00005377-00000071.wav	0.041666666666666664	也 将 源 自 法 国 巴 黎 塞 纳 河 畔 的 永 恒 承 诺 带 给 了 无 数 猎 人	呃   也   将   源   自   法   国   巴   黎   塞   纳   河   畔   的   永   恒   承   诺   带   给   了   无   数   猎   人	1	0	0
/opt/gpfs/users/shuai/work/block-conversion-b2/OmniVoice/results_b2_final_gs3p0/seedtts_zh/00005377-00000105.wav	0.045454545454545456	通 灵 宝 珠 将 比 利 时 优 质 切 工 钻 石 引 入 中 国 已 有 多 年	呃   通   灵   宝   珠   将   比   利   时   优   质   切   工   钻   石   引   入   中   国   已   有   多   年	1	0	0
/opt/gpfs/users/shuai/work/block-conversion-b2/OmniVoice/results_b2_final_gs3p0/seedtts_zh/00005378-00000116.wav	0.0	湖 人 队 乔 丹 可 是 华 盛 顿 拥 有 的 唯 一 一 名 好 球 员	湖   人   队   乔   丹   可   是   华   盛   顿   拥   有   的   唯   一   一   名   好   球   员	0	0	0
/opt/gpfs/users/shuai/work/block-conversion-b2/OmniVoice/results_b2_final_gs3p0/seedtts_zh/00005378-00000051.wav	0.0	经 过 一 个 月 的 细 心 雕 琢 一 尊 神 采 奕 奕 的 神 像 雕 刻 成 功 了	经   过   一   个   月   的   细   心   雕   琢   一   尊   神   采   奕   奕   的   神   像   雕   刻   成   功   了	0	0	0
/opt/gpfs/users/shuai/work/block-conversion-b2/OmniVoice/results_b2_final_gs3p0/seedtts_zh/00005379-00000109.wav	1.0	从 世 界 来 看 体 重 偏 轻 者 主 要 分 布 在 亚 洲 及 撒 哈 拉 沙 漠 以 南 的 非 洲 国 家	哦	0	29	1
/opt/gpfs/users/shuai/work/block-conversion-b2/OmniVoice/results_b2_final_gs3p0/seedtts_zh/00005379-00000120.wav	0.0	大 象 卷 住 你 妈 使 劲 一 甩 你 妈 妈 扑 通 一 声 被 甩 进 了 河 里	大   象   卷   住   你   妈   使   劲   一   甩   你   妈   妈   扑   通   一   声   被   甩   进   了   河   里	0	0	0
/opt/gpfs/users/shuai/work/block-conversion-b2/OmniVoice/results_b2_final_gs3p0/seedtts_zh/00005380-00000091.wav	0.0	那 可 以 成 为 铁 证 因 为 我 们 得 出 示 身 份 证 明 才 能 上 飞 机	那   可   以   成   为   铁   证   因   为   我   们   得   出   示   身   份   证   明   才   能   上   飞   机	0	0	0
/opt/gpfs/users/shuai/work/block-conversion-b2/OmniVoice/results_b2_final_gs3p0/seedtts_zh/00005380-00000109.wav	0.0	将 腕 表 在 飞 车 的 身 份 扫 描 仪 上 轻 轻 一 划	将   腕   表   在   飞   车   的   身   份   扫   描   仪   上   轻   轻   一   划	0	0	0
/opt/gpfs/users/shuai/work/block-conversion-b2/OmniVoice/results_b2_final_gs3p0/seedtts_zh/00005381-00000003.wav	0.0	一 位 老 人 家 免 费 获 赠 的 一 瓶 羊 奶	一   位   老   人   家   免   费   获   赠   的   一   瓶   羊   奶	0	0	0
/opt/gpfs/users/shuai/work/block-conversion-b2/OmniVoice/results_b2_final_gs3p0/seedtts_zh/00005381-00000072.wav	0.0	我 也 是 去 游 三 峡 的 我 性 格 还 挺 平 和 的	我   也   是   去   游   三   峡   的   我   性   格   还   挺   平   和   的	0	0	0
/opt/gpfs/users/shuai/work/block-conversion-b2/OmniVoice/results_b2_final_gs3p0/seedtts_zh/00005382-00000114.wav	0.0	但 是 崖 壁 的 所 有 裂 缝 里 却 都 淤 积 了 肥 壤 沃 土	但   是   崖   壁   的   所   有   裂   缝   里   却   都   淤   积   了   肥   壤   沃   土	0	0	0
/opt/gpfs/users/shuai/work/block-conversion-b2/OmniVoice/results_b2_final_gs3p0/seedtts_zh/00005382-00000058.wav	0.0	中 央 政 府 总 务 厅 任 命 左 祥 云 为 主 任 而 左 祥 云 却 勾 结 反 动 分 子	中   央   政   府   总   务   厅   任   命   左   祥   云   为   主   任   而   左   祥   云   却   勾   结   反   动   分   子	0	0	0
/opt/gpfs/users/shuai/work/block-conversion-b2/OmniVoice/results_b2_final_gs3p0/seedtts_zh/00005384-00000052.wav	0.0	刚 刚 跑 到 林 间 小 路 上 又 绕 了 一 个 弯 向 荒 山 野 岭 奔 去	刚   刚   跑   到   林   间   小   路   上   又   绕   了   一   个   弯   向   荒   山   野   岭   奔   去	0	0	0
/opt/gpfs/users/shuai/work/block-conversion-b2/OmniVoice/results_b2_final_gs3p0/seedtts_zh/00005384-00000080.wav	0.0	此 前 京 东 商 城 掀 起 此 轮 价 格 战 时 恰 恰 把 苏 宁 作 为 敌 人	此   前   京   东   商   城   掀   起   此   轮   价   格   战   时   恰   恰   把   苏   宁   作   为   敌   人	0	0	0
/opt/gpfs/users/shuai/work/block-conversion-b2/OmniVoice/results_b2_final_gs3p0/seedtts_zh/00005385-00000049.wav	0.05263157894736842	大 话 西 游 三 紫 霞 唐 嫣 挨 骂 朱 茵 之 后 再 无 紫 霞	啊   大   话   西   游   三   紫   霞   唐   嫣   挨   骂   朱   茵   之   后   再   无   紫   霞	1	0	0
/opt/gpfs/users/shuai/work/block-conversion-b2/OmniVoice/results_b2_final_gs3p0/seedtts_zh/00005385-00000045.wav	0.058823529411764705	近 年 来 围 绕 我 国 海 域 各 种 闹 局 不 断 上 演	呃   近   年   来   围   绕   我   国   海   域   各   种   闹   局   不   断   上   演	1	0	0
/opt/gpfs/users/shuai/work/block-conversion-b2/OmniVoice/results_b2_final_gs3p0/seedtts_zh/00005386-00000094.wav	0.05263157894736842	他 们 一 起 背 诵 经 文 时 没 有 一 个 能 完 整 记 住 的	呃   他   们   一   起   背   诵   经   文   时   没   有   一   个   能   完   整   记   住   的	1	0	0
/opt/gpfs/users/shuai/work/block-conversion-b2/OmniVoice/results_b2_final_gs3p0/seedtts_zh/00005386-00000100.wav	0.05555555555555555	从 劳 动 英 雄 到 延 安 模 范 延 安 日 报 传 承 精 神	呃   从   劳   动   英   雄   到   延   安   模   范   延   安   日   报   传   承   精   神	1	0	0
/opt/gpfs/users/shuai/work/block-conversion-b2/OmniVoice/results_b2_final_gs3p0/seedtts_zh/00005387-00000080.wav	0.04	不 过 这 老 两 口 平 时 很 爱 掏 耳 朵 老 梁 有 空 还 喜 欢 去 小 理 发 店	不   过   这   老   两   口   平   时   很   爱   掏   耳   朵   老   两   有   空   还   喜   欢   去   小   理   发   店	0	0	1
/opt/gpfs/users/shuai/work/block-conversion-b2/OmniVoice/results_b2_final_gs3p0/seedtts_zh/00005387-00000079.wav	0.08333333333333333	把 小 管 去 头 尾 当 然 不 是 扔 掉 可 以 另 外 炒 一 小 盘 三 杯 小 卷	把   把   小   管   去   头   尾   当   然   不   是   扔   掉   可   以   另   外   炒   一   小   盘   儿   三   杯   小   卷	2	0	0
/opt/gpfs/users/shuai/work/block-conversion-b2/OmniVoice/results_b2_final_gs3p0/seedtts_zh/00005390-00000084.wav	0.058823529411764705	没 有 了 炒 房 开 发 商 接 营 销 是 很 难 展 开 的	呃   没   有   了   炒   房   开   发   商   接   营   销   是   很   难   展   开   的	1	0	0
/opt/gpfs/users/shuai/work/block-conversion-b2/OmniVoice/results_b2_final_gs3p0/seedtts_zh/00005390-00000027.wav	0.0	天 黑 了 路 灯 亮 起 来 雪 雾 扬 起 寒 冷 像 潮 水 一 样 涌 来	天   黑   了   路   灯   亮   起   来   雪   雾   扬   起   寒   冷   像   潮   水   一   样   涌   来	0	0	0
/opt/gpfs/users/shuai/work/block-conversion-b2/OmniVoice/results_b2_final_gs3p0/seedtts_zh/00005394-00000085.wav	0.0	一 向 身 体 硬 朗 的 父 亲 突 然 患 血 栓 病 住 进 了 医 院	一   向   身   体   硬   朗   的   父   亲   突   然   患   血   栓   病   住   进   了   医   院	0	0	0
/opt/gpfs/users/shuai/work/block-conversion-b2/OmniVoice/results_b2_final_gs3p0/seedtts_zh/00005394-00000027.wav	0.0	也 显 示 出 房 地 产 市 场 基 本 上 按 照 政 府 的 政 策 预 期 在 发 展	也   显   示   出   房   地   产   市   场   基   本   上   按   照   政   府   的   政   策   预   期   在   发   展	0	0	0
/opt/gpfs/users/shuai/work/block-conversion-b2/OmniVoice/results_b2_final_gs3p0/seedtts_zh/00005395-00000110.wav	0.10526315789473684	带 着 国 家 海 洋 局 领 导 像 割 肉 一 样 的 惜 别 之 情	呃   带   着   国   家   海   洋   局   领   导   像   割   肉   一   样   的   惜   别   情	1	1	0
/opt/gpfs/users/shuai/work/block-conversion-b2/OmniVoice/results_b2_final_gs3p0/seedtts_zh/00005395-00000023.wav	0.05555555555555555	胡 女 士 边 大 喊 抢 劫 抓 贼 啊 边 拼 命 去 追 歹 徒	啊   胡   女   士   边   大   喊   抢   劫   抓   贼   啊   边   拼   命   去   追   歹   徒	1	0	0
/opt/gpfs/users/shuai/work/block-conversion-b2/OmniVoice/results_b2_final_gs3p0/seedtts_zh/00005396-00000063.wav	0.041666666666666664	有 抵 押 权 与 无 抵 押 权 网 贷 流 程 的 区 别 是 银 行 先 发 放 贷 款	呃   有   抵   押   权   与   无   抵   押   权   网   贷   流   程   的   区   别   是   银   行   先   发   放   贷   款	1	0	0
/opt/gpfs/users/shuai/work/block-conversion-b2/OmniVoice/results_b2_final_gs3p0/seedtts_zh/00005396-00000073.wav	0.0625	那 是 绝 对 值 得 一 去 谢 谢 希 望 您 也 愉 快	啊   那   是   绝   对   值   得   一   去   谢   谢   希   望   您   也   愉   快	1	0	0
/opt/gpfs/users/shuai/work/block-conversion-b2/OmniVoice/results_b2_final_gs3p0/seedtts_zh/00005398-00000088.wav	0.0	因 为 眼 前 奥 斯 比 约 恩 的 鱼 篓 里 就 躺 着 一 个 活 生 生 的 小 人	因   为   眼   前   奥   斯   比   约   恩   的   鱼   篓   里   就   躺   着   一   个   活   生   生   的   小   人	0	0	0
/opt/gpfs/users/shuai/work/block-conversion-b2/OmniVoice/results_b2_final_gs3p0/seedtts_zh/00005398-00000044.wav	0.05263157894736842	猪 猪 侠 又 说 风 和 日 丽 天 蓝 蓝 莺 歌 燕 舞 草 青 青	啊   猪   猪   侠   又   说   风   和   日   丽   天   蓝   蓝   莺   歌   燕   舞   草   青   青	1	0	0
/opt/gpfs/users/shuai/work/block-conversion-b2/OmniVoice/results_b2_final_gs3p0/seedtts_zh/00005399-00000029.wav	0.0	也 不 错 不 过 最 近 有 一 些 职 员 另 谋 高 就 了	也   不   错   不   过   最   近   有   一   些   职   员   另   谋   高   就   了	0	0	0
/opt/gpfs/users/shuai/work/block-conversion-b2/OmniVoice/results_b2_final_gs3p0/seedtts_zh/00005399-00000066.wav	0.045454545454545456	也 有 冒 充 亚 投 行 副 总 裁 身 份 的 不 法 人 员 的 录 音 出 现	呃   也   有   冒   充   亚   投   行   副   总   裁   身   份   的   不   法   人   员   的   录   音   出   现	1	0	0
/opt/gpfs/users/shuai/work/block-conversion-b2/OmniVoice/results_b2_final_gs3p0/seedtts_zh/00005400-00000107.wav	0.045454545454545456	谁 在 树 上 说 我 呢 树 下 的 水 里 鲑 鱼 歪 着 脑 袋 向 上 望 着	啊   谁   在   树   上   说   我   呢   树   下   的   水   里   鲑   鱼   歪   着   脑   袋   向   上   望   着	1	0	0
/opt/gpfs/users/shuai/work/block-conversion-b2/OmniVoice/results_b2_final_gs3p0/seedtts_zh/00005400-00000103.wav	0.0	从 腰 部 开 始 弯 曲 上 身 与 下 身 都 向 上 翘 起 双 脚 与 头 基 本 等 高	从   腰   部   开   始   弯   曲   上   身   与   下   身   都   向   上   翘   起   双   脚   与   头   基   本   等   高	0	0	0
/opt/gpfs/users/shuai/work/block-conversion-b2/OmniVoice/results_b2_final_gs3p0/seedtts_zh/00005401-00000016.wav	0.041666666666666664	如 果 演 变 成 黑 洞 的 恒 星 曾 在 二 元 系 统 中 共 同 生 长 和 演 化	呃   如   果   演   变   成   黑   洞   的   恒   星   曾   在   二   元   系   统   中   共   同   生   长   和   演   化	1	0	0
/opt/gpfs/users/shuai/work/block-conversion-b2/OmniVoice/results_b2_final_gs3p0/seedtts_zh/00005401-00000084.wav	0.10526315789473684	朗 朗 的 病 历 上 过 敏 病 史 一 栏 写 着 未 发 现 三 字	哦   朗   朗   的   病   历   上   过   敏   病   史   一   栏   写   着   未   发   现   三   字   啊	2	0	0
/opt/gpfs/users/shuai/work/block-conversion-b2/OmniVoice/results_b2_final_gs3p0/seedtts_zh/00005402-00000118.wav	0.09090909090909091	这 场 戏 是 一 镜 到 底 很 长 导 演 说 可 能 还 要 再 切 这 切 那	啊   这   场   戏   是   一   进   到   底   很   长   导   演   说   可   能   还   要   再   切   这   切   那	1	0	1
/opt/gpfs/users/shuai/work/block-conversion-b2/OmniVoice/results_b2_final_gs3p0/seedtts_zh/00005402-00000001.wav	0.1111111111111111	师 傅 被 椰 子 的 话 感 动 埋 葬 了 椰 子 便 去 寻 求 解 救 干 渴 的 药 草 去 了	啊   师   傅   被   椰   子   的   话   感   动   埋   葬   了   椰   子   便   去   寻   求   解   救   干   渴   的   药   草	1	2	0
/opt/gpfs/users/shuai/work/block-conversion-b2/OmniVoice/results_b2_final_gs3p0/seedtts_zh/00005404-00000102.wav	0.0	高 圆 圆 看 质 问 未 果 随 即 甩 手 离 开	高   圆   圆   看   质   问   未   果   随   即   甩   手   离   开	0	0	0
/opt/gpfs/users/shuai/work/block-conversion-b2/OmniVoice/results_b2_final_gs3p0/seedtts_zh/00005404-00000001.wav	0.0	这 里 将 是 本 周 末 全 国 天 气 最 阴 凉 的 区 域	这   里   将   是   本   周   末   全   国   天   气   最   阴   凉   的   区   域	0	0	0
/opt/gpfs/users/shuai/work/block-conversion-b2/OmniVoice/results_b2_final_gs3p0/seedtts_zh/00005405-00000119.wav	0.1	很 多 网 友 看 了 这 段 视 频 后 都 称 这 位 护 士 为 侠 女	呃   很   多   网   友   看   了   这   段   视   频   后   都   称   这   位   护   士   为   侠   女   啊	2	0	0
/opt/gpfs/users/shuai/work/block-conversion-b2/OmniVoice/results_b2_final_gs3p0/seedtts_zh/00005405-00000098.wav	0.0	既 内 又 外 既 呼 吸 又 吐 纳 既 艺 术 又 生 活	既   内   又   外   既   呼   吸   又   吐   纳   既   艺   术   又   生   活	0	0	0
/opt/gpfs/users/shuai/work/block-conversion-b2/OmniVoice/results_b2_final_gs3p0/seedtts_zh/00005406-00000089.wav	0.0	他 们 用 它 在 矮 树 丛 里 隐 蔽 处 搭 了 一 个 帐	他   们   用   它   在   矮   树   丛   里   隐   蔽   处   搭   了   一   个   帐	0	0	0
/opt/gpfs/users/shuai/work/block-conversion-b2/OmniVoice/results_b2_final_gs3p0/seedtts_zh/00005406-00000054.wav	0.05	我 为 什 么 要 抛 弃 你 那 就 让 他 关 小 一 关 小 一 点 呗	我   为   什   么   要   抛   弃   你   那   就   让   他   关   小   一   关   小   一   点   儿	0	0	1
/opt/gpfs/users/shuai/work/block-conversion-b2/OmniVoice/results_b2_final_gs3p0/seedtts_zh/00005407-00000041.wav	0.041666666666666664	两 个 宣 讲 拆 迁 政 策 的 高 音 喇 叭 扰 乱 他 扰 乱 了 他 们 的 生 活	呃   两   个   宣   讲   拆   迁   政   策   的   高   音   喇   叭   扰   乱   他   扰   乱   了   他   们   的   生   活	1	0	0
/opt/gpfs/users/shuai/work/block-conversion-b2/OmniVoice/results_b2_final_gs3p0/seedtts_zh/00005407-00000083.wav	0.0	令 人 心 动 的 吻 戏 盘 点 棉 花 糖 吻 泡 沫 吻 太 甜 了	令   人   心   动   的   吻   戏   盘   点   棉   花   糖   吻   泡   沫   吻   太   甜   了	0	0	0
/opt/gpfs/users/shuai/work/block-conversion-b2/OmniVoice/results_b2_final_gs3p0/seedtts_zh/00005408-00000069.wav	0.08333333333333333	萧 雅 为 稳 住 对 方 答 应 以 每 张 一 千 元 的 价 格 买 回 这 些 照 片	啊   萧   雅   为   稳   住   对   方   答   应   以   每   张   一   千   元   的   价   格   买   回   这   些   照   片   啊	2	0	0
/opt/gpfs/users/shuai/work/block-conversion-b2/OmniVoice/results_b2_final_gs3p0/seedtts_zh/00005408-00000007.wav	0.0	或 者 位 置 明 显 与 正 常 位 置 不 一 样 的 电 源 面 板 等 也 值 得 注 意	或   者   位   置   明   显   与   正   常   位   置   不   一   样   的   电   源   面   板   等   也   值   得   注   意	0	0	0
/opt/gpfs/users/shuai/work/block-conversion-b2/OmniVoice/results_b2_final_gs3p0/seedtts_zh/00005409-00000002.wav	0.045454545454545456	尽 管 我 和 你 不 相 识 你 却 慷 慨 地 与 我 分 享 了 你 的 午 餐	尽   管   我   和   你   不   相   识   你   却   慷   慨   的   与   我   分   享   了   你   的   午   餐	0	0	1
/opt/gpfs/users/shuai/work/block-conversion-b2/OmniVoice/results_b2_final_gs3p0/seedtts_zh/00005409-00000094.wav	0.0	每 辆 院 前 救 护 车 应 当 配 备 医 师 一 名 驾 驶 员 一 名	每   辆   院   前   救   护   车   应   当   配   备   医   师   一   名   驾   驶   员   一   名	0	0	0
/opt/gpfs/users/shuai/work/block-conversion-b2/OmniVoice/results_b2_final_gs3p0/seedtts_zh/00005411-00000069.wav	0.038461538461538464	从 小 爸 妈 便 只 教 吴 恩 文 作 菜 年 菜 常 常 是 吴 恩 文 与 吴 妈 两 个 人	从   小   爸   妈   便   只   教   吴   恩   文   做   菜   年   菜   常   常   是   吴   恩   文   与   吴   妈   两   个   人	0	0	1
/opt/gpfs/users/shuai/work/block-conversion-b2/OmniVoice/results_b2_final_gs3p0/seedtts_zh/00005411-00000040.wav	0.0	尤 其 是 其 外 资 企 业 平 均 注 册 资 本 达 到 一 亿 多 元	尤   其   是   其   外   资   企   业   平   均   注   册   资   本   达   到   一   亿   多   元	0	0	0
/opt/gpfs/users/shuai/work/block-conversion-b2/OmniVoice/results_b2_final_gs3p0/seedtts_zh/00005413-00000031.wav	0.18181818181818182	游 击 手 失 误 有 外 野 手 补 位 但 外 野 手 后 面 没 人 能 补 位	啊   失   误   有   外   野   手   补   位   但   外   野   手   后   面   没   人   能   补   位   啊	1	2	1
/opt/gpfs/users/shuai/work/block-conversion-b2/OmniVoice/results_b2_final_gs3p0/seedtts_zh/00005413-00000064.wav	0.09090909090909091	过 了 一 会 小 兔 姐 姐 说 皮 皮 熊 你 的 草 莓 奶 茶 要 打 开 吗	啊   过   了   一   会   儿   小   兔   姐   姐   说   皮   皮   熊   你   的   草   莓   奶   茶   要   打   开   吗	2	0	0
/opt/gpfs/users/shuai/work/block-conversion-b2/OmniVoice/results_b2_final_gs3p0/seedtts_zh/00005414-00000007.wav	0.10714285714285714	尾 号 幺 八 幺 四 的 乘 客 刚 刚 夸 了 你 司 机 师 傅 稳 又 快 速 度 安 全 两 不 怠	v   二   幺   八   幺   四   的   乘   客   刚   刚   夸   了   你   司   机   师   傅   稳   又   快   速   度   安   全   两   不   带	0	0	3
/opt/gpfs/users/shuai/work/block-conversion-b2/OmniVoice/results_b2_final_gs3p0/seedtts_zh/00005414-00000114.wav	0.0	他 们 在 镇 外 的 树 林 子 里 睡 了 一 觉 醒 来 时 天 已 快 亮	他   们   在   镇   外   的   树   林   子   里   睡   了   一   觉   醒   来   时   天   已   快   亮	0	0	0
/opt/gpfs/users/shuai/work/block-conversion-b2/OmniVoice/results_b2_final_gs3p0/seedtts_zh/00005415-00000057.wav	0.0	之 后 他 们 一 家 三 口 将 与 双 方 父 母 往 巴 厘 岛 旅 游	之   后   他   们   一   家   三   口   将   与   双   方   父   母   往   巴   厘   岛   旅   游	0	0	0
/opt/gpfs/users/shuai/work/block-conversion-b2/OmniVoice/results_b2_final_gs3p0/seedtts_zh/00005415-00000042.wav	0.0	设 立 全 国 爱 眼 日 的 目 的 是 为 了 普 及 科 学 用 眼 知 识	设   立   全   国   爱   眼   日   的   目   的   是   为   了   普   及   科   学   用   眼   知   识	0	0	0
/opt/gpfs/users/shuai/work/block-conversion-b2/OmniVoice/results_b2_final_gs3p0/seedtts_zh/00005417-00000048.wav	0.0	太 阳 往 西 沉 下 了 些 那 条 光 蛇 隐 隐 透 红 鬼 鬼 祟 祟 地 往 室 内 滑 进	太   阳   往   西   沉   下   了   些   那   条   光   蛇   隐   隐   透   红   鬼   鬼   祟   祟   地   往   室   内   滑   进	0	0	0
/opt/gpfs/users/shuai/work/block-conversion-b2/OmniVoice/results_b2_final_gs3p0/seedtts_zh/00005417-00000049.wav	0.0	在 手 术 台 上 骨 髓 采 集 一 半 反 悔 的 确 实 很 罕 见	在   手   术   台   上   骨   髓   采   集   一   半   反   悔   的   确   实   很   罕   见	0	0	0
/opt/gpfs/users/shuai/work/block-conversion-b2/OmniVoice/results_b2_final_gs3p0/seedtts_zh/00005418-00000059.wav	0.047619047619047616	因 为 两 周 前 我 已 经 用 锅 炉 铁 板 把 大 门 钉 上 了 一 层	呃   因   为   两   周   前   我   已   经   用   锅   炉   铁   板   把   大   门   钉   上   了   一   层	1	0	0
/opt/gpfs/users/shuai/work/block-conversion-b2/OmniVoice/results_b2_final_gs3p0/seedtts_zh/00005418-00000033.wav	0.08695652173913043	但 细 细 观 察 便 能 发 现 层 叠 精 美 而 若 影 若 现 的 手 工 刺 绣	啊   但   细   细   观   察   便   能   发   现   层   叠   精   美   而   若   隐   若   现   的   手   工   刺   绣	1	0	1
/opt/gpfs/users/shuai/work/block-conversion-b2/OmniVoice/results_b2_final_gs3p0/seedtts_zh/00005419-00000104.wav	0.045454545454545456	是 北 京 东 五 环 唯 一 在 售 的 新 古 典 主 义 欧 式 别 墅 社 区	呃   是   北   京   东   五   环   唯   一   在   售   的   新   古   典   主   义   欧   式   别   墅   社   区	1	0	0
/opt/gpfs/users/shuai/work/block-conversion-b2/OmniVoice/results_b2_final_gs3p0/seedtts_zh/00005419-00000043.wav	0.041666666666666664	随 后 在 老 帅 洪 元 硕 的 带 领 下 北 京 国 安 夺 取 当 年 中 超 冠 军	呃   随   后   在   老   帅   洪   元   硕   的   带   领   下   北   京   国   安   夺   取   当   年   中   超   冠   军	1	0	0
/opt/gpfs/users/shuai/work/block-conversion-b2/OmniVoice/results_b2_final_gs3p0/seedtts_zh/00005420-00000029.wav	0.041666666666666664	狗 狗 阿 黄 同 志 当 森 林 学 校 的 门 卫 有 五 年 啦 工 作 尽 职 尽 责	狗   狗   阿   黄   同   志   当   森   林   学   校   的   门   卫   有   五   年   了   工   作   尽   职   尽   责	0	0	1
/opt/gpfs/users/shuai/work/block-conversion-b2/OmniVoice/results_b2_final_gs3p0/seedtts_zh/00005420-00000054.wav	0.0	应 采 儿 和 妈 妈 妈 妈 逆 生 长 啊 比 应 采 儿 还 要 年 轻	应   采   儿   和   妈   妈   妈   妈   逆   生   长   啊   比   应   采   儿   还   要   年   轻	0	0	0
/opt/gpfs/users/shuai/work/block-conversion-b2/OmniVoice/results_b2_final_gs3p0/seedtts_zh/00005421-00000076.wav	0.05	但 是 当 你 为 了 开 会 而 晚 归 为 了 加 班 而 爽 约 之 前	呃   但   是   当   你   为   了   开   会   而   晚   归   为   了   加   班   而   爽   约   之   前	1	0	0
/opt/gpfs/users/shuai/work/block-conversion-b2/OmniVoice/results_b2_final_gs3p0/seedtts_zh/00005421-00000043.wav	0.038461538461538464	他 们 的 酒 心 姜 汁 儿 汤 圆 实 在 很 不 错 馅 心 是 麻 蓉 加 上 玫 瑰 露 酒	他   们   的   酒   心   姜   汁   儿   汤   圆   实   在   很   不   错   馅   心   是   麻   蓉   加   上   玫   瑰   漏   酒	0	0	1
/opt/gpfs/users/shuai/work/block-conversion-b2/OmniVoice/results_b2_final_gs3p0/seedtts_zh/00005423-00000020.wav	0.13043478260869565	这 些 牌 至 少 应 当 成 为 中 国 打 击 印 度 嚣 张 气 焰 的 同 花 顺	呃   这   些   牌   至   少   应   当   成   为   中   国   打   击   印   度   嚣   张   气   焰   的   童   花	1	1	1
/opt/gpfs/users/shuai/work/block-conversion-b2/OmniVoice/results_b2_final_gs3p0/seedtts_zh/00005423-00000004.wav	0.05	特 朗 普 外 交 活 动 启 动 但 首 个 会 谈 对 象 没 选 安 倍	啊   特   朗   普   外   交   活   动   启   动   但   首   个   会   谈   对   象   没   选   安   倍	1	0	0
/opt/gpfs/users/shuai/work/block-conversion-b2/OmniVoice/results_b2_final_gs3p0/seedtts_zh/00005424-00000078.wav	0.045454545454545456	除 了 心 火 上 炎 和 脾 胃 积 热 这 样 的 明 显 属 于 上 火 以 外	呃   除   了   心   火   上   炎   和   脾   胃   积   热   这   样   的   明   显   属   于   上   火   以   外	1	0	0
/opt/gpfs/users/shuai/work/block-conversion-b2/OmniVoice/results_b2_final_gs3p0/seedtts_zh/00005424-00000115.wav	0.047619047619047616	可 是 孩 子 我 想 晚 上 天 黑 你 也 没 看 清 他 们 长 相 对 吗	呃   可   是   孩   子   我   想   晚   上   天   黑   你   也   没   看   清   他   们   长   相   对   吗	1	0	0
/opt/gpfs/users/shuai/work/block-conversion-b2/OmniVoice/results_b2_final_gs3p0/seedtts_zh/00005425-00000020.wav	0.1	把 肝 经 疏 通 后 这 个 部 分 的 脂 肪 就 会 一 并 消 除 了	啊   把   肝   经   疏   通   后   这   个   部   分   的   脂   肪   就   会   一   并   消   除   了   嗯	2	0	0
/opt/gpfs/users/shuai/work/block-conversion-b2/OmniVoice/results_b2_final_gs3p0/seedtts_zh/00005425-00000018.wav	0.043478260869565216	一 般 弯 腰 练 习 都 是 在 腰 部 症 状 得 到 明 显 改 善 后 再 开 始	啊   一   般   弯   腰   练   习   都   是   在   腰   部   症   状   得   到   明   显   改   善   后   再   开   始	1	0	0
/opt/gpfs/users/shuai/work/block-conversion-b2/OmniVoice/results_b2_final_gs3p0/seedtts_zh/00005426-00000034.wav	1.0	嗯 到 了 夏 季 天 气 炎 热 树 叶 变 成 了 深 绿 色	哦	0	16	1
/opt/gpfs/users/shuai/work/block-conversion-b2/OmniVoice/results_b2_final_gs3p0/seedtts_zh/00005426-00000029.wav	0.04	既 然 公 布 了 就 应 该 坦 坦 荡 荡 地 公 布 出 来 还 藏 着 掖 着 干 什 么	既   然   公   布   了   就   应   该   坦   坦   荡   荡   的   公   布   出   来   还   藏   着   掖   着   干   什   么	0	0	1
/opt/gpfs/users/shuai/work/block-conversion-b2/OmniVoice/results_b2_final_gs3p0/seedtts_zh/00005427-00000066.wav	0.0	陆 陆 续 续 又 有 来 串 门 子 的 老 邻 居 和 远 房 亲 戚 来 拜 访	陆   陆   续   续   又   有   来   串   门   子   的   老   邻   居   和   远   房   亲   戚   来   拜   访	0	0	0
/opt/gpfs/users/shuai/work/block-conversion-b2/OmniVoice/results_b2_final_gs3p0/seedtts_zh/00005427-00000084.wav	0.0	老 翁 马 上 命 人 摆 上 美 酒 佳 肴 与 他 开 怀 畅 饮	老   翁   马   上   命   人   摆   上   美   酒   佳   肴   与   他   开   怀   畅   饮	0	0	0
/opt/gpfs/users/shuai/work/block-conversion-b2/OmniVoice/results_b2_final_gs3p0/seedtts_zh/00005428-00000097.wav	0.05263157894736842	孟 姜 女 整 日 以 泪 洗 面 苦 苦 盼 望 丈 夫 早 日 回 家	呃   孟   姜   女   整   日   以   泪   洗   面   苦   苦   盼   望   丈   夫   早   日   回   家	1	0	0
/opt/gpfs/users/shuai/work/block-conversion-b2/OmniVoice/results_b2_final_gs3p0/seedtts_zh/00005428-00000112.wav	0.043478260869565216	管 它 是 道 义 颓 废 一 团 混 乱 也 好 鲜 血 直 流 浑 身 沾 毒 也 罢	管   他   是   道   义   颓   废   一   团   混   乱   也   好   鲜   血   直   流   浑   身   沾   毒   也   罢	0	0	1
/opt/gpfs/users/shuai/work/block-conversion-b2/OmniVoice/results_b2_final_gs3p0/seedtts_zh/00005429-00000111.wav	0.0	随 后 他 拎 起 一 根 草 杆 放 在 鼻 子 上 头 尽 量 往 后 仰 着	随   后   他   拎   起   一   根   草   杆   放   在   鼻   子   上   头   尽   量   往   后   仰   着	0	0	0
/opt/gpfs/users/shuai/work/block-conversion-b2/OmniVoice/results_b2_final_gs3p0/seedtts_zh/00005429-00000059.wav	0.0	根 据 阿 元 提 供 的 电 话 成 都 商 报 记 者 致 电 阿 波 阿 甲 等 人	根   据   阿   元   提   供   的   电   话   成   都   商   报   记   者   致   电   阿   波   阿   甲   等   人	0	0	0
/opt/gpfs/users/shuai/work/block-conversion-b2/OmniVoice/results_b2_final_gs3p0/seedtts_zh/00005430-00000035.wav	0.058823529411764705	常 年 笼 罩 的 浓 重 阴 云 似 乎 察 觉 到 了 什 么	常   年   笼   罩   的   浓   重   烟   云   似   乎   察   觉   到   了   什   么	0	0	1
/opt/gpfs/users/shuai/work/block-conversion-b2/OmniVoice/results_b2_final_gs3p0/seedtts_zh/00005430-00000047.wav	0.0	深 圳 俏 江 南 等 大 型 餐 饮 企 业 也 称 与 奥 威 失 去 联 系	深   圳   俏   江   南   等   大   型   餐   饮   企   业   也   称   与   奥   威   失   去   联   系	0	0	0
/opt/gpfs/users/shuai/work/block-conversion-b2/OmniVoice/results_b2_final_gs3p0/seedtts_zh/00005431-00000007.wav	0.043478260869565216	他 们 拿 着 一 块 块 橡 皮 泥 捏 呀 捏 捏 出 与 众 不 同 的 东 西 来	哦   他   们   拿   着   一   块   块   橡   皮   泥   捏   呀   捏   捏   出   与   众   不   同   的   东   西   来	1	0	0
/opt/gpfs/users/shuai/work/block-conversion-b2/OmniVoice/results_b2_final_gs3p0/seedtts_zh/00005431-00000118.wav	0.038461538461538464	一 般 也 称 阿 萨 姆 红 茶 以 印 度 阿 萨 姆 大 叶 种 经 过 选 株 培 育 而 成	呃   一   般   也   称   阿   萨   姆   红   茶   以   印   度   阿   萨   姆   大   叶   种   经   过   选   株   培   育   而   成	1	0	0
/opt/gpfs/users/shuai/work/block-conversion-b2/OmniVoice/results_b2_final_gs3p0/seedtts_zh/00005432-00000116.wav	0.0	并 随 后 公 布 对 无 人 机 云 系 统 供 应 商 的 选 定	并   随   后   公   布   对   无   人   机   云   系   统   供   应   商   的   选   定	0	0	0
/opt/gpfs/users/shuai/work/block-conversion-b2/OmniVoice/results_b2_final_gs3p0/seedtts_zh/00005432-00000027.wav	0.045454545454545456	企 业 要 通 过 制 度 改 革 和 技 术 创 新 提 高 全 要 素 生 产 率	呃   企   业   要   通   过   制   度   改   革   和   技   术   创   新   提   高   全   要   素   生   产   率	1	0	0
/opt/gpfs/users/shuai/work/block-conversion-b2/OmniVoice/results_b2_final_gs3p0/seedtts_zh/00005433-00000032.wav	0.0	因 其 建 成 后 外 观 恰 似 一 颗 变 幻 莫 测 的 水 晶 魔 方 得 名	因   其   建   成   后   外   观   恰   似   一   颗   变   幻   莫   测   的   水   晶   魔   方   得   名	0	0	0
/opt/gpfs/users/shuai/work/block-conversion-b2/OmniVoice/results_b2_final_gs3p0/seedtts_zh/00005433-00000049.wav	0.04	他 们 在 长 大 能 用 手 比 划 他 们 有 多 高 而 且 还 会 说 出 单 音 话 来	他   们   在   长   大   能   用   手   比   划   他   们   有   多   高   而   且   还   会   说   出   单   英   话   来	0	0	1
/opt/gpfs/users/shuai/work/block-conversion-b2/OmniVoice/results_b2_final_gs3p0/seedtts_zh/00005434-00000026.wav	0.041666666666666664	他 们 把 网 撒 得 非 常 圆 然 后 从 底 部 将 拖 网 的 拽 绳 用 力 拽 紧	他   们   把   网   撒   的   非   常   圆   然   后   从   底   部   将   拖   网   的   拽   绳   用   力   拽   紧	0	0	1
/opt/gpfs/users/shuai/work/block-conversion-b2/OmniVoice/results_b2_final_gs3p0/seedtts_zh/00005434-00000056.wav	0.0625	我 还 没 有 实 体 形 态 但 有 时 候 我 会 心 动	哦   我   还   没   有   实   体   形   态   但   有   时   候   我   会   心   动	1	0	0
/opt/gpfs/users/shuai/work/block-conversion-b2/OmniVoice/results_b2_final_gs3p0/seedtts_zh/00005435-00000094.wav	0.0	公 共 养 老 金 必 须 由 政 府 参 与 并 扮 演 信 用 担 保 人 角 色	公   共   养   老   金   必   须   由   政   府   参   与   并   扮   演   信   用   担   保   人   角   色	0	0	0
/opt/gpfs/users/shuai/work/block-conversion-b2/OmniVoice/results_b2_final_gs3p0/seedtts_zh/00005435-00000119.wav	0.09523809523809523	后 来 一 连 几 个 夏 天 我 都 在 布 拢 湾 当 游 船 的 划 船 手	哦   后   来   一   连   几   个   夏   天   我   都   在   布   鲁   湾   当   游   船   的   划   船   手	1	0	1
/opt/gpfs/users/shuai/work/block-conversion-b2/OmniVoice/results_b2_final_gs3p0/seedtts_zh/00005436-00000019.wav	0.04	员 工 流 动 过 于 频 繁 给 产 品 稳 定 性 与 质 量 提 升 带 来 很 大 障 碍	呃   员   工   流   动   过   于   频   繁   给   产   品   稳   定   性   与   质   量   提   升   带   来   很   大   障   碍	1	0	0
/opt/gpfs/users/shuai/work/block-conversion-b2/OmniVoice/results_b2_final_gs3p0/seedtts_zh/00005436-00000075.wav	0.14814814814814814	尾 号 三 九 五 四 的 乘 客 刚 夸 了 你 天 生 我 才 必 有 用 师 傅 开 车 六 六 六	尾   号   三   九   五   四   的   乘   客   刚   夸   了   你   天   生   我   材   必   有   用   师   傅   开   车	0	3	1
/opt/gpfs/users/shuai/work/block-conversion-b2/OmniVoice/results_b2_final_gs3p0/seedtts_zh/00005437-00000064.wav	0.047619047619047616	这 有 一 种 欢 乐 一 种 高 兴 超 过 那 富 有 的 波 尔 毕 庄 子	这   有   一   种   欢   乐   一   种   高   兴   超   过   那   富   有   的   波   尔   毕   庄	0	1	0
/opt/gpfs/users/shuai/work/block-conversion-b2/OmniVoice/results_b2_final_gs3p0/seedtts_zh/00005437-00000024.wav	0.047619047619047616	在 中 国 中 秋 节 这 天 在 一 起 吃 顿 团 圆 饭 是 很 重 要 的	在   中   国   中   秋   节   这   一   天   在   一   起   吃   顿   团   圆   饭   是   很   重   要   的	1	0	0
/opt/gpfs/users/shuai/work/block-conversion-b2/OmniVoice/results_b2_final_gs3p0/seedtts_zh/00005438-00000015.wav	0.0	法 国 人 不 愿 意 承 认 他 们 老 祖 宗 留 下 来 的 重 要 遗 产 恐 怕 要 丢 了	法   国   人   不   愿   意   承   认   他   们   老   祖   宗   留   下   来   的   重   要   遗   产   恐   怕   要   丢   了	0	0	0
/opt/gpfs/users/shuai/work/block-conversion-b2/OmniVoice/results_b2_final_gs3p0/seedtts_zh/00005438-00000089.wav	0.0	趋 势 是 好 的 但 是 如 何 做 从 哪 里 开 始 阿 里 巴 巴 同 样 需 要 摸 索	趋   势   是   好   的   但   是   如   何   做   从   哪   里   开   始   阿   里   巴   巴   同   样   需   要   摸   索	0	0	0
/opt/gpfs/users/shuai/work/block-conversion-b2/OmniVoice/results_b2_final_gs3p0/seedtts_zh/00005439-00000011.wav	0.0	吃 梨 可 以 止 咳 润 肺 我 要 是 想 认 识 蝴 蝶	吃   梨   可   以   止   咳   润   肺   我   要   是   想   认   识   蝴   蝶	0	0	0
/opt/gpfs/users/shuai/work/block-conversion-b2/OmniVoice/results_b2_final_gs3p0/seedtts_zh/00005439-00000039.wav	0.058823529411764705	他 急 忙 冲 到 楼 下 雨 点 蹦 豆 子 一 样 跳 下 来	他   急   忙   冲   到   楼   下   与   点   蹦   豆   子   一   样   跳   下   来	0	0	1
/opt/gpfs/users/shuai/work/block-conversion-b2/OmniVoice/results_b2_final_gs3p0/seedtts_zh/00005441-00000046.wav	0.05555555555555555	苏 州 大 学 附 属 第 一 医 院 营 养 科 医 生 杨 晶 说	苏   州   大   学   附   属   第   一   医   院   营   养   科   医   生   杨   晶   说   哦	1	0	0
/opt/gpfs/users/shuai/work/block-conversion-b2/OmniVoice/results_b2_final_gs3p0/seedtts_zh/00005441-00000077.wav	0.0	尾 号 三 三 九 七 的 乘 客 刚 夸 了 你 燃 烧 我 的 卡 路 里 用 尽 全 力 夸 夸 你	尾   号   三   三   九   七   的   乘   客   刚   夸   了   你   燃   烧   我   的   卡   路   里   用   尽   全   力   夸   夸   你	0	0	0
/opt/gpfs/users/shuai/work/block-conversion-b2/OmniVoice/results_b2_final_gs3p0/seedtts_zh/00005442-00000099.wav	0.0	来 自 西 城 区 文 委 的 专 家 告 诉 记 者 兔 儿 爷 是 老 北 京 的 吉 祥 物	来   自   西   城   区   文   委   的   专   家   告   诉   记   者   兔   儿   爷   是   老   北   京   的   吉   祥   物	0	0	0
/opt/gpfs/users/shuai/work/block-conversion-b2/OmniVoice/results_b2_final_gs3p0/seedtts_zh/00005442-00000020.wav	0.0	早 有 一 群 等 待 多 时 的 负 责 人 点 头 哈 腰 的 迎 了 上 来	早   有   一   群   等   待   多   时   的   负   责   人   点   头   哈   腰   的   迎   了   上   来	0	0	0
/opt/gpfs/users/shuai/work/block-conversion-b2/OmniVoice/results_b2_final_gs3p0/seedtts_zh/00005443-00000049.wav	0.045454545454545456	当 即 明 白 虚 影 头 顶 上 的 紫 色 血 液 和 他 的 血 液 有 渊 源	啊   当   即   明   白   虚   影   头   顶   上   的   紫   色   血   液   和   他   的   血   液   有   渊   源	1	0	0
/opt/gpfs/users/shuai/work/block-conversion-b2/OmniVoice/results_b2_final_gs3p0/seedtts_zh/00005443-00000088.wav	0.0	我 在 同 一 条 道 路 上 遇 到 一 支 印 军 特 种 部 队 小 分 队	我   在   同   一   条   道   路   上   遇   到   一   支   印   军   特   种   部   队   小   分   队	0	0	0
/opt/gpfs/users/shuai/work/block-conversion-b2/OmniVoice/results_b2_final_gs3p0/seedtts_zh/00005444-00000041.wav	0.09523809523809523	不 但 如 此 因 索 要 审 计 表 惹 恼 了 乡 里 和 村 里 的 干 部	啊   不   但   如   此   因   索   要   审   计   表   惹   恼   了   乡   里   和   村   里   的   干   部   呃	2	0	0
/opt/gpfs/users/shuai/work/block-conversion-b2/OmniVoice/results_b2_final_gs3p0/seedtts_zh/00005444-00000026.wav	0.08	但 是 高 明 不 实 在 则 商 量 好 价 格 他 又 故 意 把 馒 头 做 得 大 一 点	呃   但   是   高   明   不   实   在   则   商   量   好   价   格   他   又   故   意   把   馒   头   做   的   大   一   点	1	0	1
/opt/gpfs/users/shuai/work/block-conversion-b2/OmniVoice/results_b2_final_gs3p0/seedtts_zh/00005445-00000063.wav	0.09090909090909091	挨 迪 经 常 在 我 面 前 提 到 你 让 我 感 觉 以 前 就 认 识 你 了	啊   艾   迪   经   常   在   我   面   前   提   到   你   让   我   感   觉   以   前   就   认   识   你   了	1	0	1
/opt/gpfs/users/shuai/work/block-conversion-b2/OmniVoice/results_b2_final_gs3p0/seedtts_zh/00005445-00000034.wav	0.047619047619047616	身 体 倍 棒 吃 嘛 嘛 香 讲 体 力 论 功 夫 未 必 逊 色 于 武 将	啊   身   体   倍   棒   吃   嘛   嘛   香   讲   体   力   论   功   夫   未   必   逊   色   于   武   将	1	0	0
/opt/gpfs/users/shuai/work/block-conversion-b2/OmniVoice/results_b2_final_gs3p0/seedtts_zh/00005447-00000084.wav	0.03333333333333333	包 括 用 来 选 点 的 策 略 网 络 用 和 用 来 判 断 胜 率 的 价 值 网 络 的 大 幅 度 优 化	呃   包   括   用   来   选   点   的   策   略   网   络   用   和   用   来   判   断   胜   率   的   价   值   网   络   的   大   幅   度   优   化	1	0	0
/opt/gpfs/users/shuai/work/block-conversion-b2/OmniVoice/results_b2_final_gs3p0/seedtts_zh/00005447-00000120.wav	0.0	他 十 五 岁 那 年 天 遭 荒 旱 瘟 疫 流 行 老 中 医 夫 妻 双 双 病 故	他   十   五   岁   那   年   天   遭   荒   旱   瘟   疫   流   行   老   中   医   夫   妻   双   双   病   故	0	0	0
/opt/gpfs/users/shuai/work/block-conversion-b2/OmniVoice/results_b2_final_gs3p0/seedtts_zh/00005448-00000071.wav	0.041666666666666664	而 对 于 话 多 的 大 嗓 门 先 生 来 说 那 难 受 的 劲 就 比 更 别 提 了	呃   对   于   话   多   的   大   嗓   门   先   生   来   说   那   难   受   的   劲   就   比   更   别   提   了	0	0	1
/opt/gpfs/users/shuai/work/block-conversion-b2/OmniVoice/results_b2_final_gs3p0/seedtts_zh/00005448-00000107.wav	0.0	据 说 他 据 说 他 八 岁 的 时 候 就 曾 向 父 亲 请 教 佛 为 何 物	据   说   他   据   说   他   八   岁   的   时   候   就   曾   向   父   亲   请   教   佛   为   何   物	0	0	0
/opt/gpfs/users/shuai/work/block-conversion-b2/OmniVoice/results_b2_final_gs3p0/seedtts_zh/00005449-00000070.wav	0.043478260869565216	除 去 金 庸 获 得 九 点 零 分 以 上 的 所 有 版 本 纸 质 书 籍 之 外	呃   除   去   金   庸   获   得   九   点   零   分   以   上   的   所   有   版   本   纸   质   书   籍   之   外	1	0	0
/opt/gpfs/users/shuai/work/block-conversion-b2/OmniVoice/results_b2_final_gs3p0/seedtts_zh/00005449-00000004.wav	0.045454545454545456	为 什 么 这 么 多 的 人 能 在 网 上 各 取 所 需 不 产 生 混 乱 呢	呃   为   什   么   这   么   多   的   人   能   在   网   上   各   取   所   需   不   产   生   混   乱   呢	1	0	0
/opt/gpfs/users/shuai/work/block-conversion-b2/OmniVoice/results_b2_final_gs3p0/seedtts_zh/00005450-00000048.wav	0.04	凡 是 好 玩 的 又 无 须 花 本 钱 的 冒 险 活 动 哈 克 总 是 乐 而 不 疲 的	凡   是   好   玩   的   又   无   需   花   本   钱   的   冒   险   活   动   哈   克   总   是   乐   而   不   疲   的	0	0	1
/opt/gpfs/users/shuai/work/block-conversion-b2/OmniVoice/results_b2_final_gs3p0/seedtts_zh/00005450-00000019.wav	0.0	其 中 一 些 省 份 还 与 全 国 社 保 基 金 理 事 会 签 订 了 委 托 运 营 协 议	其   中   一   些   省   份   还   与   全   国   社   保   基   金   理   事   会   签   订   了   委   托   运   营   协   议	0	0	0
/opt/gpfs/users/shuai/work/block-conversion-b2/OmniVoice/results_b2_final_gs3p0/seedtts_zh/00005451-00000115.wav	0.0	而 与 此 同 时 他 却 又 那 么 身 强 力 壮 勇 敢 豪 爽	而   与   此   同   时   他   却   又   那   么   身   强   力   壮   勇   敢   豪   爽	0	0	0
/opt/gpfs/users/shuai/work/block-conversion-b2/OmniVoice/results_b2_final_gs3p0/seedtts_zh/00005451-00000003.wav	0.05263157894736842	当 晚 同 时 段 湖 南 卫 视 电 视 剧 收 视 率 二 点 五 八	呃   当   晚   同   时   段   湖   南   卫   视   电   视   剧   收   视   率   二   点   五   八	1	0	0
/opt/gpfs/users/shuai/work/block-conversion-b2/OmniVoice/results_b2_final_gs3p0/seedtts_zh/00005452-00000014.wav	0.0	目 前 产 成 品 库 存 仍 在 主 动 去 库 存 周 期 前 段	目   前   产   成   品   库   存   仍   在   主   动   去   库   存   周   期   前   段	0	0	0
/opt/gpfs/users/shuai/work/block-conversion-b2/OmniVoice/results_b2_final_gs3p0/seedtts_zh/00005452-00000120.wav	0.0	名 流 显 要 接 二 连 三 的 离 奇 死 亡 让 旧 金 山 警 方 陷 入 慌 乱	名   流   显   要   接   二   连   三   的   离   奇   死   亡   让   旧   金   山   警   方   陷   入   慌   乱	0	0	0
/opt/gpfs/users/shuai/work/block-conversion-b2/OmniVoice/results_b2_final_gs3p0/seedtts_zh/00005453-00000006.wav	0.0	视 觉 的 强 烈 冲 击 似 乎 给 心 灵 也 带 来 温 暖 与 动 力	视   觉   的   强   烈   冲   击   似   乎   给   心   灵   也   带   来   温   暖   与   动   力	0	0	0
/opt/gpfs/users/shuai/work/block-conversion-b2/OmniVoice/results_b2_final_gs3p0/seedtts_zh/00005453-00000107.wav	0.375	党 员 干 部 勤 政 作 风 不 仅 为 群 众 做 出 了 表 率 也 感 动 了 外 商	不   仅   为   群   众   做   出   了   表   率   也   感   动   了   外   伤	0	8	1
/opt/gpfs/users/shuai/work/block-conversion-b2/OmniVoice/results_b2_final_gs3p0/seedtts_zh/00005456-00000030.wav	0.04	不 过 旁 人 看 来 那 不 过 是 一 种 可 怜 渺 小 变 化 无 常 的 爱 恋 罢 了	哦   不   过   旁   人   看   来   那   不   过   是   一   种   可   怜   渺   小   变   化   无   常   的   爱   恋   罢   了	1	0	0
/opt/gpfs/users/shuai/work/block-conversion-b2/OmniVoice/results_b2_final_gs3p0/seedtts_zh/00005456-00000082.wav	0.0625	开 锅 后 放 入 胡 萝 卜 小 火 煮 五 分 钟 左 右	啊   开   锅   后   放   入   胡   萝   卜   小   火   煮   五   分   钟   左   右	1	0	0
/opt/gpfs/users/shuai/work/block-conversion-b2/OmniVoice/results_b2_final_gs3p0/seedtts_zh/00005457-00000077.wav	0.0	周 身 一 粒 粒 绿 莹 莹 的 细 微 光 点 凭 空 浮 现	周   身   一   粒   粒   绿   莹   莹   的   细   微   光   点   凭   空   浮   现	0	0	0
/opt/gpfs/users/shuai/work/block-conversion-b2/OmniVoice/results_b2_final_gs3p0/seedtts_zh/00005457-00000032.wav	0.0625	因 为 早 起 的 鸟 有 食 吃 早 开 的 花 有 水 喝	啊   因   为   早   起   的   鸟   有   食   吃   早   开   的   花   有   水   喝	1	0	0
/opt/gpfs/users/shuai/work/block-conversion-b2/OmniVoice/results_b2_final_gs3p0/seedtts_zh/00005458-00000049.wav	0.0	狐 狸 回 答 说 我 知 道 有 户 农 家 今 晚 要 煎 薄 饼 我 们 去 弄 些 来 吃 吧	狐   狸   回   答   说   我   知   道   有   户   农   家   今   晚   要   煎   薄   饼   我   们   去   弄   些   来   吃   吧	0	0	0
/opt/gpfs/users/shuai/work/block-conversion-b2/OmniVoice/results_b2_final_gs3p0/seedtts_zh/00005458-00000091.wav	0.041666666666666664	与 此 同 时 网 站 上 则 出 现 大 量 罢 吃 以 抵 制 米 粉 涨 价 的 号 召	与   此   同   时   网   站   上   则   出   现   大   量   霸   吃   以   抵   制   米   粉   涨   价   的   号   召	0	0	1
/opt/gpfs/users/shuai/work/block-conversion-b2/OmniVoice/results_b2_final_gs3p0/seedtts_zh/00005461-00000116.wav	0.0	没 有 电 蜡 烛 也 是 奢 侈 品 他 就 在 老 百 姓 家 里 用 菜 油 点 灯 写 稿	没   有   电   蜡   烛   也   是   奢   侈   品   他   就   在   老   百   姓   家   里   用   菜   油   点   灯   写   稿	0	0	0
/opt/gpfs/users/shuai/work/block-conversion-b2/OmniVoice/results_b2_final_gs3p0/seedtts_zh/00005461-00000108.wav	0.0	万 达 还 并 购 了 美 国 卡 麦 克 院 线 和 欧 洲 欧 典 院 线	万   达   还   并   购   了   美   国   卡   麦   克   院   线   和   欧   洲   欧   典   院   线	0	0	0
/opt/gpfs/users/shuai/work/block-conversion-b2/OmniVoice/results_b2_final_gs3p0/seedtts_zh/00005462-00000040.wav	0.0	兔 子 校 长 爱 好 运 动 他 盯 上 学 校 的 体 育 事 业	兔   子   校   长   爱   好   运   动   他   盯   上   学   校   的   体   育   事   业	0	0	0
/opt/gpfs/users/shuai/work/block-conversion-b2/OmniVoice/results_b2_final_gs3p0/seedtts_zh/00005462-00000074.wav	0.047619047619047616	子 羽 的 手 掌 天 生 畸 形 但 是 并 不 影 响 他 的 勇 猛 刚 正	呃   子   羽   的   手   掌   天   生   畸   形   但   是   并   不   影   响   他   的   勇   猛   刚   正	1	0	0
/opt/gpfs/users/shuai/work/block-conversion-b2/OmniVoice/results_b2_final_gs3p0/seedtts_zh/00005463-00000040.wav	0.058823529411764705	将 卓 越 创 新 幻 化 为 超 越 时 间 的 精 致 作 品	哦   将   卓   越   创   新   幻   化   为   超   越   时   间   的   精   致   作   品	1	0	0
/opt/gpfs/users/shuai/work/block-conversion-b2/OmniVoice/results_b2_final_gs3p0/seedtts_zh/00005463-00000013.wav	0.05555555555555555	我 九 点 钟 开 车 去 接 你 然 后 直 接 送 你 到 机 场	呃   我   九   点   钟   开   车   去   接   你   然   后   直   接   送   你   到   机   场	1	0	0
/opt/gpfs/users/shuai/work/block-conversion-b2/OmniVoice/results_b2_final_gs3p0/seedtts_zh/00005464-00000076.wav	0.04	母 亲 一 边 拔 菜 一 边 关 照 两 个 孩 子 就 站 在 旁 边 玩 耍 不 要 走 远	啊   母   亲   一   边   拔   菜   一   边   关   照   两   个   孩   子   就   站   在   旁   边   玩   耍   不   要   走   远	1	0	0
/opt/gpfs/users/shuai/work/block-conversion-b2/OmniVoice/results_b2_final_gs3p0/seedtts_zh/00005464-00000006.wav	0.05555555555555555	古 罗 马 博 物 学 家 普 林 尼 报 告 了 这 样 一 件 事	啊   古   罗   马   博   物   学   家   普   林   尼   报   告   了   这   样   一   件   事	1	0	0
/opt/gpfs/users/shuai/work/block-conversion-b2/OmniVoice/results_b2_final_gs3p0/seedtts_zh/00005465-00000043.wav	0.125	据 说 柚 子 皮 熬 汤 喝 可 以 化 痰 止 咳 嗽 哦	啊   据   说   柚   子   皮   熬   汤   喝   可   以   化   痰   止   咳   嗽   啊	1	0	1
/opt/gpfs/users/shuai/work/block-conversion-b2/OmniVoice/results_b2_final_gs3p0/seedtts_zh/00005465-00000039.wav	0.06666666666666667	把 洗 衣 粉 泡 沫 一 捞 什 么 都 看 不 出 来	啊   洗   衣   粉   泡   沫   一   捞   什   么   都   看   不   出   来	0	0	1
/opt/gpfs/users/shuai/work/block-conversion-b2/OmniVoice/results_b2_final_gs3p0/seedtts_zh/00005466-00000110.wav	0.0	妈 妈 期 许 用 最 好 的 爱 来 守 护 自 己 的 宝 贝	妈   妈   期   许   用   最   好   的   爱   来   守   护   自   己   的   宝   贝	0	0	0
/opt/gpfs/users/shuai/work/block-conversion-b2/OmniVoice/results_b2_final_gs3p0/seedtts_zh/00005466-00000008.wav	0.0	本 文 旨 在 以 苏 联 解 体 后 陆 续 解 密 的 档 案 材 料 为 根 据	本   文   旨   在   以   苏   联   解   体   后   陆   续   解   密   的   档   案   材   料   为   根   据	0	0	0
/opt/gpfs/users/shuai/work/block-conversion-b2/OmniVoice/results_b2_final_gs3p0/seedtts_zh/00005467-00000029.wav	0.0	投 资 三 万 亿 韩 元 的 沈 阳 乐 天 世 界 预 定 明 年 底 完 工	投   资   三   万   亿   韩   元   的   沈   阳   乐   天   世   界   预   定   明   年   底   完   工	0	0	0
/opt/gpfs/users/shuai/work/block-conversion-b2/OmniVoice/results_b2_final_gs3p0/seedtts_zh/00005467-00000022.wav	0.05	你 家 这 么 有 钱 为 么 不 做 好 事 种 那 些 野 花 有 毛 用	你   家   这   么   有   钱   为   嘛   不   做   好   事   种   那   些   野   花   有   毛   用	0	0	1
/opt/gpfs/users/shuai/work/block-conversion-b2/OmniVoice/results_b2_final_gs3p0/seedtts_zh/00005468-00000075.wav	0.05555555555555555	用 铁 锤 将 铁 敲 热 并 且 敲 出 一 个 又 一 个 钉 子	呃   用   铁   锤   将   铁   敲   热   并   且   敲   出   一   个   又   一   个   钉   子	1	0	0
/opt/gpfs/users/shuai/work/block-conversion-b2/OmniVoice/results_b2_final_gs3p0/seedtts_zh/00005468-00000109.wav	0.058823529411764705	我 希 望 我 还 能 自 制 我 不 太 喜 欢 民 族 音 乐	哦   我   希   望   我   还   能   自   制   我   不   太   喜   欢   民   族   音   乐	1	0	0
/opt/gpfs/users/shuai/work/block-conversion-b2/OmniVoice/results_b2_final_gs3p0/seedtts_zh/00005469-00000060.wav	0.05555555555555555	可 怜 的 男 人 越 跑 越 快 有 些 人 正 在 开 垦 土 地	啊   可   怜   的   男   人   越   跑   越   快   有   些   人   正   在   开   垦   土   地	1	0	0
/opt/gpfs/users/shuai/work/block-conversion-b2/OmniVoice/results_b2_final_gs3p0/seedtts_zh/00005469-00000023.wav	0.0	妮 娜 看 到 了 有 一 个 球 状 物 在 一 根 海 草 下 面 啃 食 着	妮   娜   看   到   了   有   一   个   球   状   物   在   一   根   海   草   下   面   啃   食   着	0	0	0
/opt/gpfs/users/shuai/work/block-conversion-b2/OmniVoice/results_b2_final_gs3p0/seedtts_zh/00005470-00000051.wav	0.0	判 断 改 革 成 功 与 否 要 看 是 否 解 放 和 发 展 生 产 力	判   断   改   革   成   功   与   否   要   看   是   否   解   放   和   发   展   生   产   力	0	0	0
/opt/gpfs/users/shuai/work/block-conversion-b2/OmniVoice/results_b2_final_gs3p0/seedtts_zh/00005470-00000004.wav	0.0	家 里 的 主 要 经 济 来 源 靠 爸 爸 养 牲 口 种 地 砍 柴 烧 炭	家   里   的   主   要   经   济   来   源   靠   爸   爸   养   牲   口   种   地   砍   柴   烧   炭	0	0	0
/opt/gpfs/users/shuai/work/block-conversion-b2/OmniVoice/results_b2_final_gs3p0/seedtts_zh/00005471-00000097.wav	0.0	新 版 天 线 宝 宝 将 同 时 登 录 爱 奇 艺 和 优 酷 平 台	新   版   天   线   宝   宝   将   同   时   登   录   爱   奇   艺   和   优   酷   平   台	0	0	0
/opt/gpfs/users/shuai/work/block-conversion-b2/OmniVoice/results_b2_final_gs3p0/seedtts_zh/00005471-00000091.wav	0.0	把 超 大 遮 阳 伞 扛 到 老 翁 身 边 避 免 老 翁 因 淋 雨 而 失 温	把   超   大   遮   阳   伞   扛   到   老   翁   身   边   避   免   老   翁   因   淋   雨   而   失   温	0	0	0
/opt/gpfs/users/shuai/work/block-conversion-b2/OmniVoice/results_b2_final_gs3p0/seedtts_zh/00005472-00000084.wav	0.0	酒 店 三 楼 与 顶 楼 还 有 可 供 休 憩 的 露 天 星 光 泳 池 与 空 中 花 园	酒   店   三   楼   与   顶   楼   还   有   可   供   休   憩   的   露   天   星   光   泳   池   与   空   中   花   园	0	0	0
/opt/gpfs/users/shuai/work/block-conversion-b2/OmniVoice/results_b2_final_gs3p0/seedtts_zh/00005472-00000030.wav	0.0	葡 萄 王 推 出 全 新 唯 一 喝 的 天 然 熊 果 素 饮 品 晶 透 雪 亮 饮	葡   萄   王   推   出   全   新   唯   一   喝   的   天   然   熊   果   素   饮   品   晶   透   雪   亮   饮	0	0	0
/opt/gpfs/users/shuai/work/block-conversion-b2/OmniVoice/results_b2_final_gs3p0/seedtts_zh/00005473-00000119.wav	0.045454545454545456	认 为 媒 体 一 遇 上 这 种 能 赚 取 人 举 眼 球 与 眼 泪 的 故 事	认   为   媒   体   一   遇   上   这   种   能   赚   取   人   局   眼   球   与   眼   泪   的   故   事	0	0	1
/opt/gpfs/users/shuai/work/block-conversion-b2/OmniVoice/results_b2_final_gs3p0/seedtts_zh/00005473-00000003.wav	0.041666666666666664	而 且 老 板 娘 习 惯 把 一 百 元 面 额 的 钞 票 从 收 银 机 里 抽 出 来	呃   而   且   老   板   娘   习   惯   把   一   百   元   面   额   的   钞   票   从   收   银   机   里   抽   出   来	1	0	0
/opt/gpfs/users/shuai/work/block-conversion-b2/OmniVoice/results_b2_final_gs3p0/seedtts_zh/00005474-00000083.wav	0.0	六 月 十 八 日 周 末 美 国 大 联 盟 洋 基 队 以 一 比 零 打 败 小 熊 队	六   月   十   八   日   周   末   美   国   大   联   盟   洋   基   队   以   一   比   零   打   败   小   熊   队	0	0	0
/opt/gpfs/users/shuai/work/block-conversion-b2/OmniVoice/results_b2_final_gs3p0/seedtts_zh/00005474-00000056.wav	0.07407407407407407	而 妈 妈 躲 在 房 间 为 自 己 被 磨 破 的 肩 上 药 却 丝 毫 不 让 花 朵 朵 知 道	妈   妈   躲   在   房   间   为   自   己   被   磨   破   的   煎   上   药   却   丝   毫   不   让   花   朵   朵   知   道	0	1	1
/opt/gpfs/users/shuai/work/block-conversion-b2/OmniVoice/results_b2_final_gs3p0/seedtts_zh/00005475-00000027.wav	0.0	宫 殿 之 内 有 令 我 们 突 破 粉 碎 真 空 境 界 的 宝 物	宫   殿   之   内   有   令   我   们   突   破   粉   碎   真   空   境   界   的   宝   物	0	0	0
/opt/gpfs/users/shuai/work/block-conversion-b2/OmniVoice/results_b2_final_gs3p0/seedtts_zh/00005475-00000058.wav	0.09090909090909091	院 长 王 辰 在 五 个 一 百 睡 眠 工 健 康 工 程 启 动 会 上 强 调	啊   院   长   王   晨   在   五   个   一   百   睡   眠   工   健   康   工   程   启   动   会   上   强   调	1	0	1
/opt/gpfs/users/shuai/work/block-conversion-b2/OmniVoice/results_b2_final_gs3p0/seedtts_zh/00005476-00000060.wav	0.0	这 本 书 记 录 了 一 段 真 实 的 寻 找 亚 马 逊 深 处 失 落 文 明 的 故 事	这   本   书   记   录   了   一   段   真   实   的   寻   找   亚   马   逊   深   处   失   落   文   明   的   故   事	0	0	0
/opt/gpfs/users/shuai/work/block-conversion-b2/OmniVoice/results_b2_final_gs3p0/seedtts_zh/00005476-00000047.wav	0.0	上 发 条 的 弹 簧 钟 发 明 之 前 没 有 准 点 时 间 来 确 保 远 程 航 行 的 安 全	上   发   条   的   弹   簧   钟   发   明   之   前   没   有   准   点   时   间   来   确   保   远   程   航   行   的   安   全	0	0	0
/opt/gpfs/users/shuai/work/block-conversion-b2/OmniVoice/results_b2_final_gs3p0/seedtts_zh/00005477-00000013.wav	0.04	对 于 他 当 场 要 贿 赂 执 法 人 员 的 这 种 行 为 我 们 严 厉 给 予 批 评	啊   对   于   他   当   场   要   贿   赂   执   法   人   员   的   这   种   行   为   我   们   严   厉   给   予   批   评	1	0	0
/opt/gpfs/users/shuai/work/block-conversion-b2/OmniVoice/results_b2_final_gs3p0/seedtts_zh/00005477-00000079.wav	0.043478260869565216	小 鸟 请 妈 妈 施 展 魔 法 让 小 池 塘 里 长 出 很 多 很 密 的 水 草	哦   小   鸟   请   妈   妈   施   展   魔   法   让   小   池   塘   里   长   出   很   多   很   密   的   水   草	1	0	0
/opt/gpfs/users/shuai/work/block-conversion-b2/OmniVoice/results_b2_final_gs3p0/seedtts_zh/00005478-00000085.wav	0.038461538461538464	小 径 的 面 貌 已 然 改 变 泥 土 被 踏 实 了 草 皮 有 了 被 啃 咬 过 的 痕 迹	小   静   的   面   貌   已   然   改   变   泥   土   被   踏   实   了   草   皮   有   了   被   啃   咬   过   的   痕   迹	0	0	1
/opt/gpfs/users/shuai/work/block-conversion-b2/OmniVoice/results_b2_final_gs3p0/seedtts_zh/00005478-00000069.wav	0.05555555555555555	应 当 综 合 考 虑 当 事 人 过 错 等 因 素 予 以 确 定	呃   应   当   综   合   考   虑   当   事   人   过   错   等   因   素   予   以   确   定	1	0	0
/opt/gpfs/users/shuai/work/block-conversion-b2/OmniVoice/results_b2_final_gs3p0/seedtts_zh/00005480-00000111.wav	0.047619047619047616	红 叶 们 娃 娃 自 豪 的 说 是 的 我 们 也 该 告 别 树 妈 妈 了	嗯   红   叶   们   娃   娃   自   豪   的   说   是   的   我   们   也   该   告   别   树   妈   妈   了	1	0	0
/opt/gpfs/users/shuai/work/block-conversion-b2/OmniVoice/results_b2_final_gs3p0/seedtts_zh/00005480-00000042.wav	0.0	接 通 后 介 绍 自 己 或 询 问 对 方 弄 清 楚 是 与 谁 在 打 电 话 等 等	接   通   后   介   绍   自   己   或   询   问   对   方   弄   清   楚   是   与   谁   在   打   电   话   等   等	0	0	0
/opt/gpfs/users/shuai/work/block-conversion-b2/OmniVoice/results_b2_final_gs3p0/seedtts_zh/00005481-00000044.wav	0.0	全 部 以 工 本 费 办 证 费 会 员 费 个 人 所 得 税 等 费 用 为 名 目 来 收 取	全   部   以   工   本   费   办   证   费   会   员   费   个   人   所   得   税   等   费   用   为   名   目   来   收   取	0	0	0
/opt/gpfs/users/shuai/work/block-conversion-b2/OmniVoice/results_b2_final_gs3p0/seedtts_zh/00005481-00000081.wav	0.0	鹦 鹉 真 没 礼 貌 小 猪 坏 小 猪 气 坏 了 一 心 想 跳 给 鹦 鹉 看	鹦   鹉   真   没   礼   貌   小   猪   坏   小   猪   气   坏   了   一   心   想   跳   给   鹦   鹉   看	0	0	0
/opt/gpfs/users/shuai/work/block-conversion-b2/OmniVoice/results_b2_final_gs3p0/seedtts_zh/00005482-00000046.wav	0.0	喜 欢 我 最 喜 欢 的 是 墨 西 哥 菜 泰 国 菜 和 印 度 菜	喜   欢   我   最   喜   欢   的   是   墨   西   哥   菜   泰   国   菜   和   印   度   菜	0	0	0
/opt/gpfs/users/shuai/work/block-conversion-b2/OmniVoice/results_b2_final_gs3p0/seedtts_zh/00005482-00000096.wav	0.038461538461538464	门 外 站 着 他 的 邻 居 一 个 穷 人 他 膝 下 儿 女 成 堆 连 糊 口 也 成 问 题	门   外   站   着   他   的   邻   居   一   个   穷   人   他   膝   下   儿   女   成   堆   连   虎   口   也   成   问   题	0	0	1
/opt/gpfs/users/shuai/work/block-conversion-b2/OmniVoice/results_b2_final_gs3p0/seedtts_zh/00005483-00000089.wav	0.08	只 是 有 一 个 专 门 的 翻 译 将 李 易 儒 的 话 同 步 翻 译 成 英 语 罢 了	呃   只   是   有   一   个   专   门   的   翻   译   将   李   亦   儒   的   话   同   步   翻   译   成   英   语   罢   了	1	0	1
/opt/gpfs/users/shuai/work/block-conversion-b2/OmniVoice/results_b2_final_gs3p0/seedtts_zh/00005483-00000120.wav	0.05555555555555555	小 两 口 子 吵 归 吵 不 过 谁 家 夫 妻 不 吵 架 来 着	小   两   口   子   吵   归   吵   不   过   谁   家   夫   妻   不   吵   架   来	0	1	0
/opt/gpfs/users/shuai/work/block-conversion-b2/OmniVoice/results_b2_final_gs3p0/seedtts_zh/00005484-00000007.wav	0.0	芦 苇 对 地 瓜 秧 的 相 劝 不 但 听 不 进 去 反 而 越 来 越 高 傲 了	芦   苇   对   地   瓜   秧   的   相   劝   不   但   听   不   进   去   反   而   越   来   越   高   傲   了	0	0	0
/opt/gpfs/users/shuai/work/block-conversion-b2/OmniVoice/results_b2_final_gs3p0/seedtts_zh/00005484-00000113.wav	0.0	今 年 的 表 演 主 题 围 绕 于 女 性 内 在 力 量 的 展 现	今   年   的   表   演   主   题   围   绕   于   女   性   内   在   力   量   的   展   现	0	0	0
/opt/gpfs/users/shuai/work/block-conversion-b2/OmniVoice/results_b2_final_gs3p0/seedtts_zh/00005485-00000038.wav	0.043478260869565216	切 实 帮 助 困 难 群 众 解 决 生 产 生 活 中 遇 到 的 困 难 和 问 题	哦   切   实   帮   助   困   难   群   众   解   决   生   产   生   活   中   遇   到   的   困   难   和   问   题	1	0	0
/opt/gpfs/users/shuai/work/block-conversion-b2/OmniVoice/results_b2_final_gs3p0/seedtts_zh/00005485-00000120.wav	0.08333333333333333	兔 妈 妈 你 是 草 原 最 勤 劳 的 公 民 要 好 好 表 现 为 咱 草 原 长 脸	啊   兔   妈   妈   你   是   草   原   最   勤   劳   的   公   民   要   好   好   表   现   为   咱   草   原   长   脸   啊	2	0	0
/opt/gpfs/users/shuai/work/block-conversion-b2/OmniVoice/results_b2_final_gs3p0/seedtts_zh/00005486-00000074.wav	0.0	最 后 连 墙 壁 也 砸 坏 了 可 连 麻 雀 的 毛 都 没 有 碰 到	最   后   连   墙   壁   也   砸   坏   了   可   连   麻   雀   的   毛   都   没   有   碰   到	0	0	0
/opt/gpfs/users/shuai/work/block-conversion-b2/OmniVoice/results_b2_final_gs3p0/seedtts_zh/00005486-00000033.wav	0.0	老 人 深 知 两 个 儿 子 的 性 情 老 大 诚 实 憨 厚 老 二 刁 钻 贪 财	老   人   深   知   两   个   儿   子   的   性   情   老   大   诚   实   憨   厚   老   二   刁   钻   贪   财	0	0	0
/opt/gpfs/users/shuai/work/block-conversion-b2/OmniVoice/results_b2_final_gs3p0/seedtts_zh/00005487-00000119.wav	0.058823529411764705	开 头 人 们 以 为 几 个 孩 子 在 游 泳 中 淹 死 了	呃   开   头   人   们   以   为   几   个   孩   子   在   游   泳   中   淹   死   了	1	0	0
/opt/gpfs/users/shuai/work/block-conversion-b2/OmniVoice/results_b2_final_gs3p0/seedtts_zh/00005487-00000005.wav	0.05263157894736842	我 们 该 如 何 面 对 自 己 的 传 统 文 化 和 外 来 文 化	呃   我   们   该   如   何   面   对   自   己   的   传   统   文   化   和   外   来   文   化	1	0	0
/opt/gpfs/users/shuai/work/block-conversion-b2/OmniVoice/results_b2_final_gs3p0/seedtts_zh/00005488-00000021.wav	0.0	这 样 的 人 物 居 然 甘 愿 在 一 个 凡 间 的 王 爷 身 边 当 王 妃	这   样   的   人   物   居   然   甘   愿   在   一   个   凡   间   的   王   爷   身   边   当   王   妃	0	0	0
/opt/gpfs/users/shuai/work/block-conversion-b2/OmniVoice/results_b2_final_gs3p0/seedtts_zh/00005488-00000080.wav	0.0	阿 光 醒 来 手 里 果 然 有 一 撮 头 发 一 颗 丸 子	阿   光   醒   来   手   里   果   然   有   一   撮   头   发   一   颗   丸   子	0	0	0
/opt/gpfs/users/shuai/work/block-conversion-b2/OmniVoice/results_b2_final_gs3p0/seedtts_zh/00005490-00000026.wav	0.08695652173913043	他 还 慷 慨 解 囊 资 助 手 下 雇 用 的 长 工 兴 修 起 了 不 少 住 房	他   还   慷   慨   解   囊   资   助   手   下   雇   佣   的   长   工   新   修   起   了   不   少   住   房	0	0	2
/opt/gpfs/users/shuai/work/block-conversion-b2/OmniVoice/results_b2_final_gs3p0/seedtts_zh/00005490-00000010.wav	0.09523809523809523	记 者 看 到 决 口 宽 度 不 断 缩 小 湍 急 的 洪 水 慢 慢 减 缓	呃   记   者   看   到   决   口   宽   度   不   断   缩   小   湍   急   的   洪   水   慢   慢   减   缓   啊	2	0	0
/opt/gpfs/users/shuai/work/block-conversion-b2/OmniVoice/results_b2_final_gs3p0/seedtts_zh/00005491-00000051.wav	0.0	更 重 要 的 是 我 们 可 以 撰 写 发 送 和 接 收 电 子 邮 件	更   重   要   的   是   我   们   可   以   撰   写   发   送   和   接   收   电   子   邮   件	0	0	0
/opt/gpfs/users/shuai/work/block-conversion-b2/OmniVoice/results_b2_final_gs3p0/seedtts_zh/00005491-00000111.wav	0.0	七 点 多 小 张 就 完 成 当 天 工 作 目 标 打 卡 下 班	七   点   多   小   张   就   完   成   当   天   工   作   目   标   打   卡   下   班	0	0	0
/opt/gpfs/users/shuai/work/block-conversion-b2/OmniVoice/results_b2_final_gs3p0/seedtts_zh/00005492-00000018.wav	0.0	金 融 开 放 一 是 看 是 否 允 许 外 资 进 入 金 融 服 务 领 域	金   融   开   放   一   是   看   是   否   允   许   外   资   进   入   金   融   服   务   领   域	0	0	0
/opt/gpfs/users/shuai/work/block-conversion-b2/OmniVoice/results_b2_final_gs3p0/seedtts_zh/00005492-00000103.wav	0.0	去 大 理 古 城 参 观 下 白 族 风 格 的 民 居 建 筑 群 吧	去   大   理   古   城   参   观   下   白   族   风   格   的   民   居   建   筑   群   吧	0	0	0
/opt/gpfs/users/shuai/work/block-conversion-b2/OmniVoice/results_b2_final_gs3p0/seedtts_zh/00005493-00000056.wav	0.0	老 婆 婆 用 树 下 的 红 泥 做 了 一 只 碗 并 用 火 烧 得 很 结 实	老   婆   婆   用   树   下   的   红   泥   做   了   一   只   碗   并   用   火   烧   得   很   结   实	0	0	0
/opt/gpfs/users/shuai/work/block-conversion-b2/OmniVoice/results_b2_final_gs3p0/seedtts_zh/00005493-00000034.wav	0.045454545454545456	牧 羊 孩 子 和 牧 羊 狗 跑 前 顾 后 不 让 一 只 羊 儿 跑 离 羊 群	呃   牧   羊   孩   子   和   牧   羊   狗   跑   前   顾   后   不   让   一   只   羊   儿   跑   离   羊   群	1	0	0
/opt/gpfs/users/shuai/work/block-conversion-b2/OmniVoice/results_b2_final_gs3p0/seedtts_zh/00005494-00000034.wav	0.06666666666666667	对 于 有 优 势 的 企 业 会 给 予 租 约 优 惠	啊   对   于   有   优   势   的   企   业   会   给   予   租   约   优   惠	1	0	0
/opt/gpfs/users/shuai/work/block-conversion-b2/OmniVoice/results_b2_final_gs3p0/seedtts_zh/00005494-00000014.wav	0.13333333333333333	这 所 房 子 位 于 古 老 骑 士 庄 园 所 在 地	啊   这   座   房   子   位   于   古   老   骑   士   庄   园   所   在   地	1	0	1
/opt/gpfs/users/shuai/work/block-conversion-b2/OmniVoice/results_b2_final_gs3p0/seedtts_zh/00005495-00000045.wav	0.037037037037037035	央 行 曾 在 六 月 初 为 补 充 跨 季 流 动 性 而 重 启 二 十 八 天 逆 回 购 操 作	啊   央   行   曾   在   六   月   初   为   补   充   跨   季   流   动   性   而   重   启   二   十   八   天   逆   回   购   操   作	1	0	0
/opt/gpfs/users/shuai/work/block-conversion-b2/OmniVoice/results_b2_final_gs3p0/seedtts_zh/00005495-00000093.wav	0.07407407407407407	本 以 为 这 部 狗 血 齐 飞 又 故 事 曲 折 的 剧 标 志 着 精 品 偶 像 剧 的 崛 起	啊   本   以   为   这   部   狗   血   齐   飞   有   故   事   曲   折   的   剧   标   志   着   精   品   偶   像   剧   的   崛   起	1	0	1
/opt/gpfs/users/shuai/work/block-conversion-b2/OmniVoice/results_b2_final_gs3p0/seedtts_zh/00005496-00000003.wav	0.0	小 松 鼠 不 负 众 望 带 着 种 种 问 题 悄 悄 钻 进 了 研 究 所	小   松   鼠   不   负   众   望   带   着   种   种   问   题   悄   悄   钻   进   了   研   究   所	0	0	0
/opt/gpfs/users/shuai/work/block-conversion-b2/OmniVoice/results_b2_final_gs3p0/seedtts_zh/00005496-00000016.wav	0.045454545454545456	个 人 脸 谱 主 页 上 的 认 证 是 台 湾 双 语 言 外 籍 竞 技 主 播	呃   个   人   脸   谱   主   页   上   的   认   证   是   台   湾   双   语   言   外   籍   竞   技   主   播	1	0	0
/opt/gpfs/users/shuai/work/block-conversion-b2/OmniVoice/results_b2_final_gs3p0/seedtts_zh/00005497-00000083.wav	0.08695652173913043	吕 旭 卿 说 小 刘 的 意 见 是 哪 有 越 换 越 差 的 只 能 越 换 越 好	呃   吕   旭   清   说   小   刘   的   意   见   是   哪   有   越   换   越   差   的   只   能   越   换   越   好	1	0	1
/opt/gpfs/users/shuai/work/block-conversion-b2/OmniVoice/results_b2_final_gs3p0/seedtts_zh/00005497-00000048.wav	0.0	女 友 这 才 转 怒 为 喜 拿 着 喷 香 美 味 的 兔 子 后 腿 走 出 了 宫 院	女   友   这   才   转   怒   为   喜   拿   着   喷   香   美   味   的   兔   子   后   腿   走   出   了   宫   院	0	0	0
/opt/gpfs/users/shuai/work/block-conversion-b2/OmniVoice/results_b2_final_gs3p0/seedtts_zh/00005498-00000075.wav	0.04	由 于 逃 窜 中 十 分 疲 惫 他 打 算 到 红 海 市 场 附 近 一 家 网 吧 休 息	呃   由   于   逃   窜   中   十   分   疲   惫   他   打   算   到   红   海   市   场   附   近   一   家   网   吧   休   息	1	0	0
/opt/gpfs/users/shuai/work/block-conversion-b2/OmniVoice/results_b2_final_gs3p0/seedtts_zh/00005498-00000019.wav	0.05263157894736842	裁 缝 突 然 一 跃 而 起 迅 速 披 上 外 衣 冲 出 了 屋 子	哎   裁   缝   突   然   一   跃   而   起   迅   速   披   上   外   衣   冲   出   了   屋   子	1	0	0
/opt/gpfs/users/shuai/work/block-conversion-b2/OmniVoice/results_b2_final_gs3p0/seedtts_zh/00005499-00000111.wav	0.043478260869565216	他 环 顾 栅 栏 所 有 的 快 乐 立 刻 烟 消 云 散 心 中 充 满 了 惆 怅	呃   他   环   顾   栅   栏   所   有   的   快   乐   立   刻   烟   消   云   散   心   中   充   满   了   惆   怅	1	0	0
/opt/gpfs/users/shuai/work/block-conversion-b2/OmniVoice/results_b2_final_gs3p0/seedtts_zh/00005499-00000011.wav	0.0	别 提 了 我 今 年 赔 了 一 些 钱 我 想 生 意 快 倒 闭 了	别   提   了   我   今   年   赔   了   一   些   钱   我   想   生   意   快   倒   闭   了	0	0	0
/opt/gpfs/users/shuai/work/block-conversion-b2/OmniVoice/results_b2_final_gs3p0/seedtts_zh/00005500-00000059.wav	0.04	连 生 日 蛋 糕 都 没 买 蜡 烛 更 不 必 吹 我 多 半 以 忧 度 日 以 泪 洗 面	啊   连   生   日   蛋   糕   都   没   买   蜡   烛   更   不   必   吹   我   多   半   以   忧   度   日   以   泪   洗   面	1	0	0
/opt/gpfs/users/shuai/work/block-conversion-b2/OmniVoice/results_b2_final_gs3p0/seedtts_zh/00005500-00000031.wav	0.0	几 分 钟 后 学 前 三 班 王 桂 玉 老 师 发 现 有 学 生 坠 楼	几   分   钟   后   学   前   三   班   王   桂   玉   老   师   发   现   有   学   生   坠   楼	0	0	0
/opt/gpfs/users/shuai/work/block-conversion-b2/OmniVoice/results_b2_final_gs3p0/seedtts_zh/00005501-00000020.wav	0.0	听 说 有 记 者 来 采 访 他 坚 持 把 碰 面 的 地 点 安 排 在 此	听   说   有   记   者   来   采   访   他   坚   持   把   碰   面   的   地   点   安   排   在   此	0	0	0
/opt/gpfs/users/shuai/work/block-conversion-b2/OmniVoice/results_b2_final_gs3p0/seedtts_zh/00005501-00000044.wav	0.0	为 那 些 有 了 教 主 的 光 和 福 音 而 熟 视 无 睹 充 耳 不 闻 的 人 求 福	为   那   些   有   了   教   主   的   光   和   福   音   而   熟   视   无   睹   充   耳   不   闻   的   人   求   福	0	0	0
/opt/gpfs/users/shuai/work/block-conversion-b2/OmniVoice/results_b2_final_gs3p0/seedtts_zh/00005502-00000058.wav	0.041666666666666664	她 把 温 热 的 手 放 在 男 孩 额 头 朝 着 他 的 眼 睛 念 了 一 些 咒 语	他   把   温   热   的   手   放   在   男   孩   额   头   朝   着   他   的   眼   睛   念   了   一   些   咒   语	0	0	1
/opt/gpfs/users/shuai/work/block-conversion-b2/OmniVoice/results_b2_final_gs3p0/seedtts_zh/00005502-00000077.wav	0.034482758620689655	那 部 剧 就 是 我 是 一 朵 白 莲 花 但 是 夫 君 爱 我 青 梅 竹 马 爱 我 敌 人 也 爱 我	啊   那   部   剧   就   是   我   是   一   朵   白   莲   花   但   是   夫   君   爱   我   青   梅   竹   马   爱   我   敌   人   也   爱   我	1	0	0
/opt/gpfs/users/shuai/work/block-conversion-b2/OmniVoice/results_b2_final_gs3p0/seedtts_zh/00005503-00000090.wav	0.0	而 且 都 是 二 层 楼 有 上 下 两 个 门 的 设 计	而   且   都   是   二   层   楼   有   上   下   两   个   门   的   设   计	0	0	0
/opt/gpfs/users/shuai/work/block-conversion-b2/OmniVoice/results_b2_final_gs3p0/seedtts_zh/00005503-00000113.wav	0.0	以 往 每 年 这 个 时 候 湖 南 市 民 叶 女 士 会 到 药 房 买 阿 胶 熬 制 固 元 膏	以   往   每   年   这   个   时   候   湖   南   市   民   叶   女   士   会   到   药   房   买   阿   胶   熬   制   固   元   膏	0	0	0
/opt/gpfs/users/shuai/work/block-conversion-b2/OmniVoice/results_b2_final_gs3p0/seedtts_zh/00005506-00000079.wav	0.058823529411764705	只 要 总 借 款 额 不 超 过 所 规 定 的 最 大 额 数	啊   只   要   总   借   款   额   不   超   过   所   规   定   的   最   大   额   数	1	0	0
/opt/gpfs/users/shuai/work/block-conversion-b2/OmniVoice/results_b2_final_gs3p0/seedtts_zh/00005506-00000030.wav	0.0625	甚 至 炮 轰 奥 巴 马 处 理 伊 朗 问 题 像 婴 儿	啊   甚   至   炮   轰   奥   巴   马   处   理   伊   朗   问   题   像   婴   儿	1	0	0
/opt/gpfs/users/shuai/work/block-conversion-b2/OmniVoice/results_b2_final_gs3p0/seedtts_zh/00005508-00000018.wav	0.045454545454545456	今 年 养 殖 企 业 营 收 和 利 润 增 长 力 度 均 不 可 同 日 而 语	啊   今   年   养   殖   企   业   营   收   和   利   润   增   长   力   度   均   不   可   同   日   而   语	1	0	0
/opt/gpfs/users/shuai/work/block-conversion-b2/OmniVoice/results_b2_final_gs3p0/seedtts_zh/00005508-00000020.wav	0.2962962962962963	它 先 流 过 三 个 盆 栽 然 后 顺 次 流 入 沿 着 窗 边 安 放 的 三 个 玻 璃 水 槽	然   后   顺   次   流   入   沿   着   窗   边   安   放   的   三   个   玻   璃   水   槽	0	8	0
/opt/gpfs/users/shuai/work/block-conversion-b2/OmniVoice/results_b2_final_gs3p0/seedtts_zh/00005509-00000029.wav	0.0	就 像 在 互 联 网 上 浏 览 时 被 网 页 广 告 追 踪 那 样	就   像   在   互   联   网   上   浏   览   时   被   网   页   广   告   追   踪   那   样	0	0	0
/opt/gpfs/users/shuai/work/block-conversion-b2/OmniVoice/results_b2_final_gs3p0/seedtts_zh/00005509-00000021.wav	0.0	尾 号 七 五 六 三 的 乘 客 刚 夸 了 你 别 问 问 就 是 好 评 五 星 没 毛 病	尾   号   七   五   六   三   的   乘   客   刚   夸   了   你   别   问   问   就   是   好   评   五   星   没   毛   病	0	0	0
/opt/gpfs/users/shuai/work/block-conversion-b2/OmniVoice/results_b2_final_gs3p0/seedtts_zh/00005513-00000028.wav	0.047619047619047616	有 消 息 说 在 我 们 街 附 近 的 购 物 中 心 里 在 大 减 价 呢	啊   有   消   息   说   在   我   们   街   附   近   的   购   物   中   心   里   在   大   减   价   呢	1	0	0
/opt/gpfs/users/shuai/work/block-conversion-b2/OmniVoice/results_b2_final_gs3p0/seedtts_zh/00005513-00000101.wav	0.05263157894736842	刚 出 生 的 丁 丁 就 被 医 生 下 了 五 个 病 危 通 知 书	啊   刚   出   生   的   丁   丁   就   被   医   生   下   了   五   个   病   危   通   知   书	1	0	0
/opt/gpfs/users/shuai/work/block-conversion-b2/OmniVoice/results_b2_final_gs3p0/seedtts_zh/00005514-00000117.wav	0.0	人 群 中 有 人 尖 叫 着 有 人 在 起 哄 场 面 异 常 混 乱	人   群   中   有   人   尖   叫   着   有   人   在   起   哄   场   面   异   常   混   乱	0	0	0
/opt/gpfs/users/shuai/work/block-conversion-b2/OmniVoice/results_b2_final_gs3p0/seedtts_zh/00005514-00000089.wav	0.0	开 云 集 团 支 付 了 几 千 万 欧 元 违 约 金 给 霞 飞 诺	开   云   集   团   支   付   了   几   千   万   欧   元   违   约   金   给   霞   飞   诺	0	0	0
/opt/gpfs/users/shuai/work/block-conversion-b2/OmniVoice/results_b2_final_gs3p0/seedtts_zh/00005515-00000099.wav	0.0	太 搞 笑 了 偷 菜 可 以 让 我 忘 记 工 作 中 的 悲 伤 和 压 力	太   搞   笑   了   偷   菜   可   以   让   我   忘   记   工   作   中   的   悲   伤   和   压   力	0	0	0
/opt/gpfs/users/shuai/work/block-conversion-b2/OmniVoice/results_b2_final_gs3p0/seedtts_zh/00005515-00000033.wav	0.03225806451612903	巴 黎 与 内 马 尔 有 望 在 接 下 来 的 二 十 四 小 时 到 四 十 八 小 时 时 间 内 完 成 转 会	巴   黎   与   内   马   有   望   在   接   下   来   的   二   十   四   小   时   到   四   十   八   小   时   时   间   内   完   成   转   会	0	1	0
/opt/gpfs/users/shuai/work/block-conversion-b2/OmniVoice/results_b2_final_gs3p0/seedtts_zh/00005518-00000073.wav	0.0	用 淡 盐 水 冲 洗 鼻 子 有 助 于 冲 刷 掉 鼻 子 中 的 过 敏 物	用   淡   盐   水   冲   洗   鼻   子   有   助   于   冲   刷   掉   鼻   子   中   的   过   敏   物	0	0	0
/opt/gpfs/users/shuai/work/block-conversion-b2/OmniVoice/results_b2_final_gs3p0/seedtts_zh/00005518-00000032.wav	0.0	兄 弟 两 玩 鞭 炮 酿 惨 剧 哥 哥 炸 伤 手 指 弟 弟 炸 伤 眼 睛	兄   弟   两   玩   鞭   炮   酿   惨   剧   哥   哥   炸   伤   手   指   弟   弟   炸   伤   眼   睛	0	0	0
/opt/gpfs/users/shuai/work/block-conversion-b2/OmniVoice/results_b2_final_gs3p0/seedtts_zh/00005519-00000035.wav	0.05	笨 狼 摇 了 摇 尾 巴 哦 一 点 不 错 这 尾 巴 正 是 自 己 的	哦   笨   狼   摇   了   摇   尾   巴   哦   一   点   不   错   这   尾   巴   正   是   自   己   的	1	0	0
/opt/gpfs/users/shuai/work/block-conversion-b2/OmniVoice/results_b2_final_gs3p0/seedtts_zh/00005519-00000083.wav	0.047619047619047616	除 了 故 事 情 节 吸 引 人 以 外 影 片 的 拍 摄 技 术 也 很 好	啊   除   了   故   事   情   节   吸   引   人   以   外   影   片   的   拍   摄   技   术   也   很   好	1	0	0
/opt/gpfs/users/shuai/work/block-conversion-b2/OmniVoice/results_b2_final_gs3p0/seedtts_zh/00005520-00000080.wav	0.0	五 月 中 旬 就 出 现 了 高 温 天 气 是 否 异 常	五   月   中   旬   就   出   现   了   高   温   天   气   是   否   异   常	0	0	0
/opt/gpfs/users/shuai/work/block-conversion-b2/OmniVoice/results_b2_final_gs3p0/seedtts_zh/00005520-00000114.wav	0.045454545454545456	森 林 消 失 后 这 里 很 快 被 沙 化 哪 怕 微 风 也 能 扬 起 尘 土	啊   森   林   消   失   后   这   里   很   快   被   沙   化   哪   怕   微   风   也   能   扬   起   尘   土	1	0	0
/opt/gpfs/users/shuai/work/block-conversion-b2/OmniVoice/results_b2_final_gs3p0/seedtts_zh/00005524-00000008.wav	0.05	没 来 到 桂 林 不 晓 得 石 灰 岩 洞 穴 有 这 么 多 新 玩 法	啊   没   来   到   桂   林   不   晓   得   石   灰   岩   洞   穴   有   这   么   多   新   玩   法	1	0	0
/opt/gpfs/users/shuai/work/block-conversion-b2/OmniVoice/results_b2_final_gs3p0/seedtts_zh/00005524-00000106.wav	0.08695652173913043	幼 不 怕 冰 霜 长 大 露 出 锋 芒 老 来 粉 身 碎 骨 仍 然 洁 白 无 双	啊   又   不   怕   冰   霜   长   大   露   出   锋   芒   老   来   粉   身   碎   骨   仍   然   洁   白   无   双	1	0	1
/opt/gpfs/users/shuai/work/block-conversion-b2/OmniVoice/results_b2_final_gs3p0/seedtts_zh/00005525-00000094.wav	0.0	玉 帝 说 众 位 爱 卿 请 安 静 让 我 们 好 好 商 议 一 下 再 做 行 动	玉   帝   说   众   位   爱   卿   请   安   静   让   我   们   好   好   商   议   一   下   再   做   行   动	0	0	0
/opt/gpfs/users/shuai/work/block-conversion-b2/OmniVoice/results_b2_final_gs3p0/seedtts_zh/00005525-00000012.wav	0.0	他 顾 不 上 摸 一 摸 究 竟 有 没 有 摔 伤 就 拔 腿 狂 奔	他   顾   不   上   摸   一   摸   究   竟   有   没   有   摔   伤   就   拔   腿   狂   奔	0	0	0
/opt/gpfs/users/shuai/work/block-conversion-b2/OmniVoice/results_b2_final_gs3p0/seedtts_zh/00005527-00000007.wav	0.0	且 水 解 后 形 成 高 分 子 聚 合 物 可 引 起 类 似 青 霉 素	且   水   解   后   形   成   高   分   子   聚   合   物   可   引   起   类   似   青   霉   素	0	0	0
/opt/gpfs/users/shuai/work/block-conversion-b2/OmniVoice/results_b2_final_gs3p0/seedtts_zh/00005527-00000057.wav	0.04	平 常 除 了 选 用 抗 毛 躁 洗 发 乳 并 搭 配 润 发 乳 减 少 毛 鳞 片 受 损	哦   平   常   除   了   选   用   抗   毛   躁   洗   发   乳   并   搭   配   润   发   乳   减   少   毛   鳞   片   受   损	1	0	0
/opt/gpfs/users/shuai/work/block-conversion-b2/OmniVoice/results_b2_final_gs3p0/seedtts_zh/00005528-00000086.wav	0.0	天 快 黑 的 时 候 雨 已 经 变 小 看 样 子 应 该 要 停 了	天   快   黑   的   时   候   雨   已   经   变   小   看   样   子   应   该   要   停   了	0	0	0
/opt/gpfs/users/shuai/work/block-conversion-b2/OmniVoice/results_b2_final_gs3p0/seedtts_zh/00005528-00000019.wav	0.0	正 用 一 口 流 利 的 美 语 和 詹 姆 斯 先 生 侃 侃 而 谈	正   用   一   口   流   利   的   美   语   和   詹   姆   斯   先   生   侃   侃   而   谈	0	0	0
/opt/gpfs/users/shuai/work/block-conversion-b2/OmniVoice/results_b2_final_gs3p0/seedtts_zh/00005529-00000046.wav	0.045454545454545456	这 些 小 厮 们 住 在 小 屋 街 的 木 棚 里 销 售 啤 酒 和 调 味 品	啊   这   些   小   厮   们   住   在   小   屋   街   的   木   棚   里   销   售   啤   酒   和   调   味   品	1	0	0
/opt/gpfs/users/shuai/work/block-conversion-b2/OmniVoice/results_b2_final_gs3p0/seedtts_zh/00005529-00000105.wav	0.0	七 点 多 小 张 就 完 成 当 天 工 作 目 标 打 卡 下 班	七   点   多   小   张   就   完   成   当   天   工   作   目   标   打   卡   下   班	0	0	0
/opt/gpfs/users/shuai/work/block-conversion-b2/OmniVoice/results_b2_final_gs3p0/seedtts_zh/00005532-00000084.wav	0.038461538461538464	在 热 闹 的 集 市 上 游 转 游 了 半 天 肚 子 有 些 饿 啦 便 找 到 一 家 饭 店	在   热   闹   的   集   市   上   游   转   游   了   半   天   肚   子   有   些   饿   了   便   找   到   一   家   饭   店	0	0	1
/opt/gpfs/users/shuai/work/block-conversion-b2/OmniVoice/results_b2_final_gs3p0/seedtts_zh/00005532-00000082.wav	0.0	他 说 自 个 成 了 无 亲 无 友 被 人 抛 弃 的 孩 子 没 谁 爱 他	他   说   自   个   成   了   无   亲   无   友   被   人   抛   弃   的   孩   子   没   谁   爱   他	0	0	0
/opt/gpfs/users/shuai/work/block-conversion-b2/OmniVoice/results_b2_final_gs3p0/seedtts_zh/00005534-00000090.wav	0.0	感 谢 您 这 些 年 来 给 我 的 关 爱 和 照 顾 我 好 爱 您	感   谢   您   这   些   年   来   给   我   的   关   爱   和   照   顾   我   好   爱   您	0	0	0
/opt/gpfs/users/shuai/work/block-conversion-b2/OmniVoice/results_b2_final_gs3p0/seedtts_zh/00005534-00000064.wav	0.0	现 在 的 男 孩 子 大 大 咧 咧 惯 了 生 活 大 多 粗 枝 大 叶	现   在   的   男   孩   子   大   大   咧   咧   惯   了   生   活   大   多   粗   枝   大   叶	0	0	0
/opt/gpfs/users/shuai/work/block-conversion-b2/OmniVoice/results_b2_final_gs3p0/seedtts_zh/00005535-00000074.wav	0.0	为 了 避 难 他 的 父 亲 带 着 家 人 远 逃 云 南	为   了   避   难   他   的   父   亲   带   着   家   人   远   逃   云   南	0	0	0
/opt/gpfs/users/shuai/work/block-conversion-b2/OmniVoice/results_b2_final_gs3p0/seedtts_zh/00005535-00000052.wav	0.0625	自 己 饲 养 的 大 狗 并 没 有 直 接 咬 到 张 峰	啊   自   己   饲   养   的   大   狗   并   没   有   直   接   咬   到   张   峰	1	0	0
/opt/gpfs/users/shuai/work/block-conversion-b2/OmniVoice/results_b2_final_gs3p0/seedtts_zh/00005536-00000104.wav	0.08333333333333333	也 显 示 出 房 产 地 市 场 基 本 上 按 照 政 府 的 政 策 预 期 在 发 展	哦   也   显   示   出   房   产   地   市   场   基   本   上   按   照   政   府   的   政   策   预   期   在   发	1	1	0
/opt/gpfs/users/shuai/work/block-conversion-b2/OmniVoice/results_b2_final_gs3p0/seedtts_zh/00005536-00000107.wav	0.08333333333333333	建 议 您 清 除 缓 存 更 换 四 Ｇ 网 络 或 查 看 网 络 通 信 是 否 畅 通	哦   建   议   您   清   除   缓   存   更   换   四   g   网   络   或   查   看   网   络   通   信   是   否   畅   通	1	0	1
/opt/gpfs/users/shuai/work/block-conversion-b2/OmniVoice/results_b2_final_gs3p0/seedtts_zh/00005537-00000062.wav	0.0	拨 打 幺 幺 零 谎 报 险 情 或 者 警 情 等 方 式 搞 恶 作 剧 寻 求 刺 激 的	拨   打   幺   幺   零   谎   报   险   情   或   者   警   情   等   方   式   搞   恶   作   剧   寻   求   刺   激   的	0	0	0
/opt/gpfs/users/shuai/work/block-conversion-b2/OmniVoice/results_b2_final_gs3p0/seedtts_zh/00005537-00000016.wav	0.0	回 到 了 那 个 和 克 劳 德 再 次 相 遇 的 岁 月	回   到   了   那   个   和   克   劳   德   再   次   相   遇   的   岁   月	0	0	0
/opt/gpfs/users/shuai/work/block-conversion-b2/OmniVoice/results_b2_final_gs3p0/seedtts_zh/00005541-00000076.wav	0.08333333333333333	晒 出 自 己 的 床 上 读 物 金 刚 经 说 什 么 笑 称 但 愿 能 长 点 智 慧	啊   晒   出   自   己   的   床   上   独   物   金   刚   经   说   什   么   笑   称   但   愿   能   长   点   智   慧	1	0	1
/opt/gpfs/users/shuai/work/block-conversion-b2/OmniVoice/results_b2_final_gs3p0/seedtts_zh/00005541-00000087.wav	0.0	地 方 政 府 每 年 都 组 织 放 焰 火 礼 花 我 们 想 让 你 也 参 加	地   方   政   府   每   年   都   组   织   放   焰   火   礼   花   我   们   想   让   你   也   参   加	0	0	0
/opt/gpfs/users/shuai/work/block-conversion-b2/OmniVoice/results_b2_final_gs3p0/seedtts_zh/00005542-00000041.wav	0.0	紫 菜 瓦 片 因 风 味 独 特 荣 获 评 审 青 睐 获 得 今 年 新 产 品 第 一 名 殊 荣	紫   菜   瓦   片   因   风   味   独   特   荣   获   评   审   青   睐   获   得   今   年   新   产   品   第   一   名   殊   荣	0	0	0
/opt/gpfs/users/shuai/work/block-conversion-b2/OmniVoice/results_b2_final_gs3p0/seedtts_zh/00005542-00000030.wav	0.0	小 丁 要 根 据 现 有 微 信 截 图 要 回 奖 金 的 概 率	小   丁   要   根   据   现   有   微   信   截   图   要   回   奖   金   的   概   率	0	0	0
/opt/gpfs/users/shuai/work/block-conversion-b2/OmniVoice/results_b2_final_gs3p0/seedtts_zh/00005543-00000101.wav	0.0	女 娲 是 用 什 么 原 料 来 造 人 的 呀 黄 泥 和 水	女   娲   是   用   什   么   原   料   来   造   人   的   呀   黄   泥   和   水	0	0	0
/opt/gpfs/users/shuai/work/block-conversion-b2/OmniVoice/results_b2_final_gs3p0/seedtts_zh/00005543-00000053.wav	0.09090909090909091	这 种 隔 岸 观 火 袖 手 旁 观 的 话 语 绝 不 容 许 在 职 场 出 现	啊   这   种   隔   岸   观   火   袖   手   旁   观   的   话   语   绝   不   容   许   在   职   场   出   现   嗯	2	0	0
/opt/gpfs/users/shuai/work/block-conversion-b2/OmniVoice/results_b2_final_gs3p0/seedtts_zh/00005545-00000063.wav	0.05	因 为 只 有 极 短 的 胡 子 才 能 重 新 再 钻 回 皮 肤 里 去	因   为   只   有   极   短   的   胡   子   才   能   重   新   再   装   回   皮   肤   里   去	0	0	1
/opt/gpfs/users/shuai/work/block-conversion-b2/OmniVoice/results_b2_final_gs3p0/seedtts_zh/00005545-00000054.wav	0.058823529411764705	但 仍 未 达 到 过 户 与 抵 押 无 缝 衔 接 的 程 度	哦   但   仍   未   达   到   过   户   与   抵   押   无   缝   衔   接   的   程   度	1	0	0
Seed-TTS WER (Avg of WERs): 3.6%
WER (Weighted): 3.67%
Errors: 814.0 ins, 347.0 del, 391.0 sub / 42266 words
